ISO-10303-21;
HEADER;
FILE_DESCRIPTION((''),'2;1');
FILE_NAME('C-5749266-01-3','2007-08-31T',('workeradm'),(
'Tyco Electronics Corporation'),
'PRO/ENGINEER BY PARAMETRIC TECHNOLOGY CORPORATION, 2005450',
'PRO/ENGINEER BY PARAMETRIC TECHNOLOGY CORPORATION, 2005450','');
FILE_SCHEMA(('CONFIG_CONTROL_DESIGN', 'GEOMETRIC_VALIDATION_PROPERTIES_MIM'));
ENDSEC;
DATA;
#1=DRAUGHTING_PRE_DEFINED_COLOUR('black');
#2=COLOUR_RGB('',0.E0,0.E0,3.6E-1);
#3=COLOUR_RGB('',0.E0,0.E0,4.8E-1);
#4=DRAUGHTING_PRE_DEFINED_COLOUR('blue');
#5=COLOUR_RGB('',0.E0,3.6E-1,9.E-2);
#6=COLOUR_RGB('',0.E0,3.6E-1,2.7E-1);
#7=COLOUR_RGB('',0.E0,5.6E-1,6.4E-1);
#8=COLOUR_RGB('',0.E0,5.8E-1,8.E-1);
#9=COLOUR_RGB('',0.E0,7.1E-1,6.6E-1);
#10=COLOUR_RGB('',0.E0,7.13E-1,0.E0);
#11=COLOUR_RGB('',0.E0,9.5E-1,8.4E-1);
#12=DRAUGHTING_PRE_DEFINED_COLOUR('green');
#13=DRAUGHTING_PRE_DEFINED_COLOUR('cyan');
#14=COLOUR_RGB('',4.E-2,0.E0,1.6E-1);
#15=COLOUR_RGB('',9.E-2,0.E0,1.2E-1);
#16=COLOUR_RGB('',1.E-1,0.E0,2.5E-1);
#17=COLOUR_RGB('',1.6E-1,3.2E-2,0.E0);
#18=COLOUR_RGB('',1.6E-1,4.6E-1,6.5E-1);
#19=COLOUR_RGB('',1.6E-1,1.E0,1.6E-1);
#20=COLOUR_RGB('',2.E-1,3.2E-2,0.E0);
#21=COLOUR_RGB('',3.1E-1,3.1E-1,5.6E-1);
#22=COLOUR_RGB('',3.2E-1,1.5E-1,0.E0);
#23=COLOUR_RGB('',4.E-1,4.E-1,4.E-1);
#24=COLOUR_RGB('',4.2E-1,4.2E-1,1.E0);
#25=COLOUR_RGB('',4.4E-1,8.5E-1,1.E0);
#26=COLOUR_RGB('',4.9E-1,4.9E-1,0.E0);
#27=COLOUR_RGB('',4.9E-1,1.E0,0.E0);
#28=COLOUR_RGB('',5.E-1,0.E0,0.E0);
#29=COLOUR_RGB('',5.E-1,0.E0,2.3E-1);
#30=COLOUR_RGB('',5.E-1,5.E-1,5.E-1);
#31=COLOUR_RGB('',5.3E-1,0.E0,0.E0);
#32=COLOUR_RGB('',5.4E-1,0.E0,4.4E-1);
#33=COLOUR_RGB('',5.5E-1,3.E-1,0.E0);
#34=COLOUR_RGB('',5.6E-1,1.E-1,5.E-2);
#35=COLOUR_RGB('',5.8E-1,2.2E-1,1.E-2);
#36=COLOUR_RGB('',6.E-1,6.E-1,6.E-1);
#37=COLOUR_RGB('',6.2E-1,0.E0,5.5E-1);
#38=COLOUR_RGB('',6.4E-1,0.E0,2.5E-1);
#39=COLOUR_RGB('',6.4E-1,1.E-2,0.E0);
#40=COLOUR_RGB('',6.8E-1,7.5E-1,1.E0);
#41=COLOUR_RGB('',7.1E-1,3.1E-1,0.E0);
#42=COLOUR_RGB('',7.2E-1,7.2E-1,7.2E-1);
#43=COLOUR_RGB('',7.4E-1,1.E0,2.6E-1);
#44=COLOUR_RGB('',7.5E-1,3.E-2,0.E0);
#45=COLOUR_RGB('',7.6E-1,0.E0,4.7E-1);
#46=COLOUR_RGB('',8.1E-1,4.E-2,0.E0);
#47=COLOUR_RGB('',8.1E-1,6.1E-1,0.E0);
#48=COLOUR_RGB('',8.2E-1,4.E-2,6.6E-1);
#49=COLOUR_RGB('',8.5E-1,8.5E-1,8.5E-1);
#50=COLOUR_RGB('',8.784E-1,9.49E-1,1.E0);
#51=COLOUR_RGB('',9.E-1,1.E0,0.E0);
#52=COLOUR_RGB('',9.37E-1,7.85E-1,0.E0);
#53=COLOUR_RGB('',9.5E-1,2.2E-1,8.1E-1);
#54=COLOUR_RGB('',9.6E-1,3.7E-1,3.E-1);
#55=COLOUR_RGB('',9.6E-1,7.1E-1,3.75E-1);
#56=DRAUGHTING_PRE_DEFINED_COLOUR('red');
#57=COLOUR_RGB('',1.E0,0.E0,6.1E-1);
#58=COLOUR_RGB('',1.E0,4.E-2,0.E0);
#59=COLOUR_RGB('',1.E0,2.3E-1,0.E0);
#60=COLOUR_RGB('',1.E0,3.5E-1,5.2E-1);
#61=COLOUR_RGB('',1.E0,3.6E-1,0.E0);
#62=COLOUR_RGB('',1.E0,4.9E-1,3.7E-1);
#63=COLOUR_RGB('',1.E0,5.E-1,0.E0);
#64=COLOUR_RGB('',1.E0,5.6E-1,7.8E-1);
#65=COLOUR_RGB('',1.E0,6.4E-1,4.9E-1);
#66=COLOUR_RGB('',1.E0,6.7E-1,0.E0);
#67=COLOUR_RGB('',1.E0,7.6E-1,6.5E-1);
#68=COLOUR_RGB('',1.E0,8.6E-1,4.E-2);
#69=COLOUR_RGB('',1.E0,9.8E-1,7.2E-1);
#70=DRAUGHTING_PRE_DEFINED_COLOUR('yellow');
#71=DRAUGHTING_PRE_DEFINED_COLOUR('white');
#72=DIRECTION('',(0.E0,1.E0,0.E0));
#73=VECTOR('',#72,4.52E-2);
#74=CARTESIAN_POINT('',(-2.756E-1,3.16E-2,-3.7E-1));
#75=LINE('',#74,#73);
#76=DIRECTION('',(0.E0,0.E0,-1.E0));
#77=VECTOR('',#76,1.35E-1);
#78=CARTESIAN_POINT('',(-2.756E-1,7.68E-2,-3.7E-1));
#79=LINE('',#78,#77);
#80=DIRECTION('',(0.E0,1.E0,0.E0));
#81=VECTOR('',#80,1.792E-1);
#82=CARTESIAN_POINT('',(-2.756E-1,7.68E-2,-5.05E-1));
#83=LINE('',#82,#81);
#84=DIRECTION('',(0.E0,0.E0,1.E0));
#85=VECTOR('',#84,5.05E-1);
#86=CARTESIAN_POINT('',(-2.756E-1,2.56E-1,-5.05E-1));
#87=LINE('',#86,#85);
#88=DIRECTION('',(0.E0,-1.E0,0.E0));
#89=VECTOR('',#88,4.972E-1);
#90=CARTESIAN_POINT('',(-2.756E-1,2.56E-1,0.E0));
#91=LINE('',#90,#89);
#92=DIRECTION('',(0.E0,1.E0,0.E0));
#93=VECTOR('',#92,1.128E-1);
#94=CARTESIAN_POINT('',(-2.756E-1,-3.54E-1,-1.77E-1));
#95=LINE('',#94,#93);
#96=DIRECTION('',(0.E0,8.660254037844E-1,5.E-1));
#97=VECTOR('',#96,4.618802153517E-2);
#98=CARTESIAN_POINT('',(-2.756E-1,-3.94E-1,-2.000940107676E-1));
#99=LINE('',#98,#97);
#100=DIRECTION('',(0.E0,0.E0,1.E0));
#101=VECTOR('',#100,3.381197846483E-2);
#102=CARTESIAN_POINT('',(-2.756E-1,-3.94E-1,-2.339059892324E-1));
#103=LINE('',#102,#101);
#104=DIRECTION('',(0.E0,-8.660254037844E-1,5.E-1));
#105=VECTOR('',#104,4.618802153517E-2);
#106=CARTESIAN_POINT('',(-2.756E-1,-3.54E-1,-2.57E-1));
#107=LINE('',#106,#105);
#108=DIRECTION('',(0.E0,-1.E0,0.E0));
#109=VECTOR('',#108,1.128E-1);
#110=CARTESIAN_POINT('',(-2.756E-1,-2.412E-1,-2.57E-1));
#111=LINE('',#110,#109);
#112=DIRECTION('',(0.E0,1.E0,0.E0));
#113=VECTOR('',#112,2.728E-1);
#114=CARTESIAN_POINT('',(-2.756E-1,-2.412E-1,-5.05E-1));
#115=LINE('',#114,#113);
#116=DIRECTION('',(0.E0,0.E0,-1.E0));
#117=VECTOR('',#116,1.35E-1);
#118=CARTESIAN_POINT('',(-2.756E-1,3.16E-2,-3.7E-1));
#119=LINE('',#118,#117);
#120=CARTESIAN_POINT('',(-2.53E-1,3.16E-2,-3.7E-1));
#121=DIRECTION('',(0.E0,0.E0,1.E0));
#122=DIRECTION('',(0.E0,1.E0,0.E0));
#123=AXIS2_PLACEMENT_3D('',#120,#121,#122);
#125=CARTESIAN_POINT('',(-2.53E-1,7.68E-2,-3.7E-1));
#126=DIRECTION('',(0.E0,0.E0,1.E0));
#127=DIRECTION('',(-1.E0,0.E0,0.E0));
#128=AXIS2_PLACEMENT_3D('',#125,#126,#127);
#130=CARTESIAN_POINT('',(2.53E-1,7.68E-2,-3.7E-1));
#131=DIRECTION('',(0.E0,0.E0,1.E0));
#132=DIRECTION('',(0.E0,-1.E0,0.E0));
#133=AXIS2_PLACEMENT_3D('',#130,#131,#132);
#135=CARTESIAN_POINT('',(2.53E-1,3.16E-2,-3.7E-1));
#136=DIRECTION('',(0.E0,0.E0,1.E0));
#137=DIRECTION('',(1.E0,0.E0,0.E0));
#138=AXIS2_PLACEMENT_3D('',#135,#136,#137);
#140=DIRECTION('',(0.E0,0.E0,1.E0));
#141=VECTOR('',#140,1.35E-1);
#142=CARTESIAN_POINT('',(-2.53E-1,5.42E-2,-5.05E-1));
#143=LINE('',#142,#141);
#144=CARTESIAN_POINT('',(2.53E-1,2.334E-1,-5.05E-1));
#145=DIRECTION('',(0.E0,0.E0,-1.E0));
#146=DIRECTION('',(0.E0,1.E0,0.E0));
#147=AXIS2_PLACEMENT_3D('',#144,#145,#146);
#149=DIRECTION('',(0.E0,-1.E0,0.E0));
#150=VECTOR('',#149,1.56E-1);
#151=CARTESIAN_POINT('',(2.63E-1,2.334E-1,-5.05E-1));
#152=LINE('',#151,#150);
#153=CARTESIAN_POINT('',(2.53E-1,7.74E-2,-5.05E-1));
#154=DIRECTION('',(0.E0,0.E0,-1.E0));
#155=DIRECTION('',(1.E0,0.E0,0.E0));
#156=AXIS2_PLACEMENT_3D('',#153,#154,#155);
#158=DIRECTION('',(-1.E0,0.E0,0.E0));
#159=VECTOR('',#158,2.7E-2);
#160=CARTESIAN_POINT('',(2.53E-1,6.74E-2,-5.05E-1));
#161=LINE('',#160,#159);
#162=DIRECTION('',(0.E0,-1.E0,0.E0));
#163=VECTOR('',#162,2.46E-2);
#164=CARTESIAN_POINT('',(2.26E-1,6.74E-2,-5.05E-1));
#165=LINE('',#164,#163);
#166=DIRECTION('',(1.E0,0.E0,0.E0));
#167=VECTOR('',#166,2.7E-2);
#168=CARTESIAN_POINT('',(2.26E-1,4.28E-2,-5.05E-1));
#169=LINE('',#168,#167);
#170=CARTESIAN_POINT('',(2.53E-1,3.28E-2,-5.05E-1));
#171=DIRECTION('',(0.E0,0.E0,-1.E0));
#172=DIRECTION('',(0.E0,1.E0,0.E0));
#173=AXIS2_PLACEMENT_3D('',#170,#171,#172);
#175=DIRECTION('',(0.E0,-1.E0,0.E0));
#176=VECTOR('',#175,2.74E-1);
#177=CARTESIAN_POINT('',(2.63E-1,3.28E-2,-5.05E-1));
#178=LINE('',#177,#176);
#179=DIRECTION('',(1.E0,0.E0,0.E0));
#180=VECTOR('',#179,1.26E-2);
#181=CARTESIAN_POINT('',(2.63E-1,-2.412E-1,-5.05E-1));
#182=LINE('',#181,#180);
#183=CARTESIAN_POINT('',(2.53E-1,3.16E-2,-5.05E-1));
#184=DIRECTION('',(0.E0,0.E0,-1.E0));
#185=DIRECTION('',(0.E0,1.E0,0.E0));
#186=AXIS2_PLACEMENT_3D('',#183,#184,#185);
#188=CARTESIAN_POINT('',(2.53E-1,7.68E-2,-5.05E-1));
#189=DIRECTION('',(0.E0,0.E0,-1.E0));
#190=DIRECTION('',(1.E0,0.E0,0.E0));
#191=AXIS2_PLACEMENT_3D('',#188,#189,#190);
#193=DIRECTION('',(0.E0,-1.E0,0.E0));
#194=VECTOR('',#193,1.26E-2);
#195=CARTESIAN_POINT('',(6.E-2,2.56E-1,-5.05E-1));
#196=LINE('',#195,#194);
#197=DIRECTION('',(1.E0,0.E0,0.E0));
#198=VECTOR('',#197,1.93E-1);
#199=CARTESIAN_POINT('',(6.E-2,2.434E-1,-5.05E-1));
#200=LINE('',#199,#198);
#201=DIRECTION('',(-1.E0,0.E0,0.E0));
#202=VECTOR('',#201,3.E-2);
#203=CARTESIAN_POINT('',(2.625E-1,-2.412E-1,-5.05E-1));
#204=LINE('',#203,#202);
#205=DIRECTION('',(0.E0,-1.E0,0.E0));
#206=VECTOR('',#205,1.48E-2);
#207=CARTESIAN_POINT('',(2.325E-1,-2.412E-1,-5.05E-1));
#208=LINE('',#207,#206);
#209=DIRECTION('',(-1.E0,0.E0,0.E0));
#210=VECTOR('',#209,3.E-2);
#211=CARTESIAN_POINT('',(-2.325E-1,-2.412E-1,-5.05E-1));
#212=LINE('',#211,#210);
#213=DIRECTION('',(1.125226038471E-14,-1.E0,0.E0));
#214=VECTOR('',#213,1.48E-2);
#215=CARTESIAN_POINT('',(-2.625E-1,-2.412E-1,-5.05E-1));
#216=LINE('',#215,#214);
#217=DIRECTION('',(0.E0,1.E0,0.E0));
#218=VECTOR('',#217,2.74E-1);
#219=CARTESIAN_POINT('',(-2.63E-1,-2.412E-1,-5.05E-1));
#220=LINE('',#219,#218);
#221=CARTESIAN_POINT('',(-2.53E-1,3.28E-2,-5.05E-1));
#222=DIRECTION('',(0.E0,0.E0,-1.E0));
#223=DIRECTION('',(-1.E0,0.E0,0.E0));
#224=AXIS2_PLACEMENT_3D('',#221,#222,#223);
#226=DIRECTION('',(1.E0,0.E0,0.E0));
#227=VECTOR('',#226,2.7E-2);
#228=CARTESIAN_POINT('',(-2.53E-1,4.28E-2,-5.05E-1));
#229=LINE('',#228,#227);
#230=DIRECTION('',(0.E0,1.E0,0.E0));
#231=VECTOR('',#230,2.46E-2);
#232=CARTESIAN_POINT('',(-2.26E-1,4.28E-2,-5.05E-1));
#233=LINE('',#232,#231);
#234=DIRECTION('',(-1.E0,0.E0,0.E0));
#235=VECTOR('',#234,2.7E-2);
#236=CARTESIAN_POINT('',(-2.26E-1,6.74E-2,-5.05E-1));
#237=LINE('',#236,#235);
#238=CARTESIAN_POINT('',(-2.53E-1,7.74E-2,-5.05E-1));
#239=DIRECTION('',(0.E0,0.E0,-1.E0));
#240=DIRECTION('',(0.E0,-1.E0,0.E0));
#241=AXIS2_PLACEMENT_3D('',#238,#239,#240);
#243=DIRECTION('',(0.E0,1.E0,0.E0));
#244=VECTOR('',#243,1.56E-1);
#245=CARTESIAN_POINT('',(-2.63E-1,7.74E-2,-5.05E-1));
#246=LINE('',#245,#244);
#247=CARTESIAN_POINT('',(-2.53E-1,2.334E-1,-5.05E-1));
#248=DIRECTION('',(0.E0,0.E0,-1.E0));
#249=DIRECTION('',(-1.E0,0.E0,0.E0));
#250=AXIS2_PLACEMENT_3D('',#247,#248,#249);
#252=DIRECTION('',(1.E0,0.E0,0.E0));
#253=VECTOR('',#252,1.93E-1);
#254=CARTESIAN_POINT('',(-2.53E-1,2.434E-1,-5.05E-1));
#255=LINE('',#254,#253);
#256=DIRECTION('',(0.E0,-1.E0,0.E0));
#257=VECTOR('',#256,1.26E-2);
#258=CARTESIAN_POINT('',(-6.E-2,2.56E-1,-5.05E-1));
#259=LINE('',#258,#257);
#260=CARTESIAN_POINT('',(-2.53E-1,7.68E-2,-5.05E-1));
#261=DIRECTION('',(0.E0,0.E0,-1.E0));
#262=DIRECTION('',(0.E0,-1.E0,0.E0));
#263=AXIS2_PLACEMENT_3D('',#260,#261,#262);
#265=CARTESIAN_POINT('',(-2.53E-1,3.16E-2,-5.05E-1));
#266=DIRECTION('',(0.E0,0.E0,-1.E0));
#267=DIRECTION('',(-1.E0,0.E0,0.E0));
#268=AXIS2_PLACEMENT_3D('',#265,#266,#267);
#270=DIRECTION('',(1.E0,0.E0,0.E0));
#271=VECTOR('',#270,1.26E-2);
#272=CARTESIAN_POINT('',(-2.756E-1,-2.412E-1,-5.05E-1));
#273=LINE('',#272,#271);
#274=DIRECTION('',(0.E0,0.E0,1.E0));
#275=VECTOR('',#274,2.E-3);
#276=CARTESIAN_POINT('',(2.53E-1,2.434E-1,-5.05E-1));
#277=LINE('',#276,#275);
#278=DIRECTION('',(0.E0,0.E0,1.E0));
#279=VECTOR('',#278,2.E-3);
#280=CARTESIAN_POINT('',(-2.53E-1,2.434E-1,-5.05E-1));
#281=LINE('',#280,#279);
#282=DIRECTION('',(0.E0,0.E0,1.E0));
#283=VECTOR('',#282,2.E-3);
#284=CARTESIAN_POINT('',(-2.63E-1,2.334E-1,-5.05E-1));
#285=LINE('',#284,#283);
#286=DIRECTION('',(0.E0,0.E0,1.E0));
#287=VECTOR('',#286,2.E-3);
#288=CARTESIAN_POINT('',(-2.63E-1,7.74E-2,-5.05E-1));
#289=LINE('',#288,#287);
#290=DIRECTION('',(0.E0,0.E0,1.E0));
#291=VECTOR('',#290,2.E-3);
#292=CARTESIAN_POINT('',(-2.53E-1,6.74E-2,-5.05E-1));
#293=LINE('',#292,#291);
#294=DIRECTION('',(0.E0,0.E0,1.E0));
#295=VECTOR('',#294,2.E-3);
#296=CARTESIAN_POINT('',(-2.26E-1,6.74E-2,-5.05E-1));
#297=LINE('',#296,#295);
#298=DIRECTION('',(0.E0,0.E0,1.E0));
#299=VECTOR('',#298,2.E-3);
#300=CARTESIAN_POINT('',(-2.26E-1,4.28E-2,-5.05E-1));
#301=LINE('',#300,#299);
#302=DIRECTION('',(0.E0,0.E0,1.E0));
#303=VECTOR('',#302,2.E-3);
#304=CARTESIAN_POINT('',(-2.53E-1,4.28E-2,-5.05E-1));
#305=LINE('',#304,#303);
#306=DIRECTION('',(0.E0,0.E0,1.E0));
#307=VECTOR('',#306,2.E-3);
#308=CARTESIAN_POINT('',(-2.63E-1,3.28E-2,-5.05E-1));
#309=LINE('',#308,#307);
#310=DIRECTION('',(-1.E0,0.E0,0.E0));
#311=VECTOR('',#310,2.3E-2);
#312=CARTESIAN_POINT('',(-3.95E-2,-2.412E-1,-3.3075E-1));
#313=LINE('',#312,#311);
#314=DIRECTION('',(0.E0,0.E0,-1.E0));
#315=VECTOR('',#314,8.5E-3);
#316=CARTESIAN_POINT('',(-6.25E-2,-2.412E-1,-3.3075E-1));
#317=LINE('',#316,#315);
#318=DIRECTION('',(1.E0,0.E0,0.E0));
#319=VECTOR('',#318,2.3E-2);
#320=CARTESIAN_POINT('',(-6.25E-2,-2.412E-1,-3.3925E-1));
#321=LINE('',#320,#319);
#322=DIRECTION('',(0.E0,0.E0,1.E0));
#323=VECTOR('',#322,8.5E-3);
#324=CARTESIAN_POINT('',(-3.95E-2,-2.412E-1,-3.3925E-1));
#325=LINE('',#324,#323);
#326=DIRECTION('',(-1.E0,0.E0,0.E0));
#327=VECTOR('',#326,2.3E-2);
#328=CARTESIAN_POINT('',(-1.205E-1,-2.412E-1,-3.3075E-1));
#329=LINE('',#328,#327);
#330=DIRECTION('',(0.E0,0.E0,-1.E0));
#331=VECTOR('',#330,8.5E-3);
#332=CARTESIAN_POINT('',(-1.435E-1,-2.412E-1,-3.3075E-1));
#333=LINE('',#332,#331);
#334=DIRECTION('',(1.E0,0.E0,0.E0));
#335=VECTOR('',#334,2.3E-2);
#336=CARTESIAN_POINT('',(-1.435E-1,-2.412E-1,-3.3925E-1));
#337=LINE('',#336,#335);
#338=DIRECTION('',(0.E0,0.E0,1.E0));
#339=VECTOR('',#338,8.5E-3);
#340=CARTESIAN_POINT('',(-1.205E-1,-2.412E-1,-3.3925E-1));
#341=LINE('',#340,#339);
#342=DIRECTION('',(0.E0,0.E0,-1.E0));
#343=VECTOR('',#342,8.5E-3);
#344=CARTESIAN_POINT('',(3.95E-2,-2.412E-1,-3.3075E-1));
#345=LINE('',#344,#343);
#346=DIRECTION('',(1.E0,0.E0,0.E0));
#347=VECTOR('',#346,2.3E-2);
#348=CARTESIAN_POINT('',(3.95E-2,-2.412E-1,-3.3925E-1));
#349=LINE('',#348,#347);
#350=DIRECTION('',(0.E0,0.E0,1.E0));
#351=VECTOR('',#350,8.5E-3);
#352=CARTESIAN_POINT('',(6.25E-2,-2.412E-1,-3.3925E-1));
#353=LINE('',#352,#351);
#354=DIRECTION('',(-1.E0,0.E0,0.E0));
#355=VECTOR('',#354,2.3E-2);
#356=CARTESIAN_POINT('',(6.25E-2,-2.412E-1,-3.3075E-1));
#357=LINE('',#356,#355);
#358=DIRECTION('',(0.E0,0.E0,-1.E0));
#359=VECTOR('',#358,8.5E-3);
#360=CARTESIAN_POINT('',(1.205E-1,-2.412E-1,-3.3075E-1));
#361=LINE('',#360,#359);
#362=DIRECTION('',(1.E0,0.E0,0.E0));
#363=VECTOR('',#362,2.3E-2);
#364=CARTESIAN_POINT('',(1.205E-1,-2.412E-1,-3.3925E-1));
#365=LINE('',#364,#363);
#366=DIRECTION('',(0.E0,0.E0,1.E0));
#367=VECTOR('',#366,8.5E-3);
#368=CARTESIAN_POINT('',(1.435E-1,-2.412E-1,-3.3925E-1));
#369=LINE('',#368,#367);
#370=DIRECTION('',(-1.E0,0.E0,0.E0));
#371=VECTOR('',#370,2.3E-2);
#372=CARTESIAN_POINT('',(1.435E-1,-2.412E-1,-3.3075E-1));
#373=LINE('',#372,#371);
#374=DIRECTION('',(1.303827519560E-1,0.E0,9.914637350869E-1));
#375=VECTOR('',#374,1.802385641310E-1);
#376=CARTESIAN_POINT('',(3.75E-2,-2.412E-1,-1.913E-1));
#377=LINE('',#376,#375);
#378=DIRECTION('',(-1.E0,0.E0,0.E0));
#379=VECTOR('',#378,1.72E-2);
#380=CARTESIAN_POINT('',(6.1E-2,-2.412E-1,-1.26E-2));
#381=LINE('',#380,#379);
#382=DIRECTION('',(0.E0,0.E0,-1.E0));
#383=VECTOR('',#382,1.26E-2);
#384=CARTESIAN_POINT('',(4.38E-2,-2.412E-1,0.E0));
#385=LINE('',#384,#383);
#386=DIRECTION('',(1.E0,0.E0,0.E0));
#387=VECTOR('',#386,2.318E-1);
#388=CARTESIAN_POINT('',(4.38E-2,-2.412E-1,0.E0));
#389=LINE('',#388,#387);
#390=DIRECTION('',(0.E0,0.E0,-1.E0));
#391=VECTOR('',#390,1.77E-1);
#392=CARTESIAN_POINT('',(2.756E-1,-2.412E-1,0.E0));
#393=LINE('',#392,#391);
#394=DIRECTION('',(-1.E0,0.E0,0.E0));
#395=VECTOR('',#394,1.26E-2);
#396=CARTESIAN_POINT('',(2.756E-1,-2.412E-1,-1.77E-1));
#397=LINE('',#396,#395);
#398=DIRECTION('',(0.E0,0.E0,-1.E0));
#399=VECTOR('',#398,8.E-2);
#400=CARTESIAN_POINT('',(2.63E-1,-2.412E-1,-1.77E-1));
#401=LINE('',#400,#399);
#402=DIRECTION('',(-1.E0,0.E0,0.E0));
#403=VECTOR('',#402,1.26E-2);
#404=CARTESIAN_POINT('',(2.756E-1,-2.412E-1,-2.57E-1));
#405=LINE('',#404,#403);
#406=DIRECTION('',(0.E0,0.E0,-1.E0));
#407=VECTOR('',#406,2.48E-1);
#408=CARTESIAN_POINT('',(2.756E-1,-2.412E-1,-2.57E-1));
#409=LINE('',#408,#407);
#410=DIRECTION('',(0.E0,0.E0,1.E0));
#411=VECTOR('',#410,2.E-3);
#412=CARTESIAN_POINT('',(2.63E-1,-2.412E-1,-5.05E-1));
#413=LINE('',#412,#411);
#414=DIRECTION('',(-1.E0,-5.551115123126E-14,0.E0));
#415=VECTOR('',#414,4.999999999999E-4);
#416=CARTESIAN_POINT('',(2.63E-1,-2.412E-1,-5.03E-1));
#417=LINE('',#416,#415);
#418=DIRECTION('',(0.E0,0.E0,1.E0));
#419=VECTOR('',#418,2.25E-1);
#420=CARTESIAN_POINT('',(2.625E-1,-2.412E-1,-5.03E-1));
#421=LINE('',#420,#419);
#422=DIRECTION('',(-1.E0,0.E0,0.E0));
#423=VECTOR('',#422,1.85E-2);
#424=CARTESIAN_POINT('',(2.625E-1,-2.412E-1,-2.78E-1));
#425=LINE('',#424,#423);
#426=DIRECTION('',(0.E0,0.E0,1.E0));
#427=VECTOR('',#426,2.02E-1);
#428=CARTESIAN_POINT('',(2.44E-1,-2.412E-1,-2.78E-1));
#429=LINE('',#428,#427);
#430=DIRECTION('',(-1.E0,0.E0,0.E0));
#431=VECTOR('',#430,3.55E-2);
#432=CARTESIAN_POINT('',(2.44E-1,-2.412E-1,-7.6E-2));
#433=LINE('',#432,#431);
#434=DIRECTION('',(0.E0,0.E0,-1.E0));
#435=VECTOR('',#434,2.49E-1);
#436=CARTESIAN_POINT('',(2.085E-1,-2.412E-1,-7.6E-2));
#437=LINE('',#436,#435);
#438=DIRECTION('',(1.E0,0.E0,0.E0));
#439=VECTOR('',#438,2.4E-2);
#440=CARTESIAN_POINT('',(2.085E-1,-2.412E-1,-3.25E-1));
#441=LINE('',#440,#439);
#442=DIRECTION('',(0.E0,0.E0,1.E0));
#443=VECTOR('',#442,1.78E-1);
#444=CARTESIAN_POINT('',(2.325E-1,-2.412E-1,-5.03E-1));
#445=LINE('',#444,#443);
#446=DIRECTION('',(-1.E0,0.E0,0.E0));
#447=VECTOR('',#446,8.55E-2);
#448=CARTESIAN_POINT('',(2.325E-1,-2.412E-1,-5.03E-1));
#449=LINE('',#448,#447);
#450=DIRECTION('',(0.E0,0.E0,-1.E0));
#451=VECTOR('',#450,6.575E-2);
#452=CARTESIAN_POINT('',(1.47E-1,-2.412E-1,-4.3725E-1));
#453=LINE('',#452,#451);
#454=DIRECTION('',(1.E0,0.E0,0.E0));
#455=VECTOR('',#454,3.5E-3);
#456=CARTESIAN_POINT('',(1.435E-1,-2.412E-1,-4.3725E-1));
#457=LINE('',#456,#455);
#458=DIRECTION('',(0.E0,0.E0,1.E0));
#459=VECTOR('',#458,8.5E-3);
#460=CARTESIAN_POINT('',(1.435E-1,-2.412E-1,-4.3725E-1));
#461=LINE('',#460,#459);
#462=DIRECTION('',(-1.E0,0.E0,0.E0));
#463=VECTOR('',#462,2.3E-2);
#464=CARTESIAN_POINT('',(1.435E-1,-2.412E-1,-4.2875E-1));
#465=LINE('',#464,#463);
#466=DIRECTION('',(0.E0,0.E0,-1.E0));
#467=VECTOR('',#466,8.5E-3);
#468=CARTESIAN_POINT('',(1.205E-1,-2.412E-1,-4.2875E-1));
#469=LINE('',#468,#467);
#470=DIRECTION('',(1.E0,0.E0,0.E0));
#471=VECTOR('',#470,3.5E-3);
#472=CARTESIAN_POINT('',(1.17E-1,-2.412E-1,-4.3725E-1));
#473=LINE('',#472,#471);
#474=DIRECTION('',(0.E0,0.E0,-1.E0));
#475=VECTOR('',#474,6.575E-2);
#476=CARTESIAN_POINT('',(1.17E-1,-2.412E-1,-4.3725E-1));
#477=LINE('',#476,#475);
#478=DIRECTION('',(-1.E0,0.E0,0.E0));
#479=VECTOR('',#478,5.1E-2);
#480=CARTESIAN_POINT('',(1.17E-1,-2.412E-1,-5.03E-1));
#481=LINE('',#480,#479);
#482=DIRECTION('',(0.E0,0.E0,-1.E0));
#483=VECTOR('',#482,6.575E-2);
#484=CARTESIAN_POINT('',(6.6E-2,-2.412E-1,-4.3725E-1));
#485=LINE('',#484,#483);
#486=DIRECTION('',(1.E0,0.E0,0.E0));
#487=VECTOR('',#486,3.E-2);
#488=CARTESIAN_POINT('',(3.6E-2,-2.412E-1,-4.3725E-1));
#489=LINE('',#488,#487);
#490=DIRECTION('',(0.E0,0.E0,-1.E0));
#491=VECTOR('',#490,6.575E-2);
#492=CARTESIAN_POINT('',(3.6E-2,-2.412E-1,-4.3725E-1));
#493=LINE('',#492,#491);
#494=DIRECTION('',(-1.E0,0.E0,0.E0));
#495=VECTOR('',#494,7.2E-2);
#496=CARTESIAN_POINT('',(3.6E-2,-2.412E-1,-5.03E-1));
#497=LINE('',#496,#495);
#498=DIRECTION('',(0.E0,0.E0,-1.E0));
#499=VECTOR('',#498,6.575E-2);
#500=CARTESIAN_POINT('',(-3.6E-2,-2.412E-1,-4.3725E-1));
#501=LINE('',#500,#499);
#502=DIRECTION('',(1.E0,0.E0,0.E0));
#503=VECTOR('',#502,3.E-2);
#504=CARTESIAN_POINT('',(-6.6E-2,-2.412E-1,-4.3725E-1));
#505=LINE('',#504,#503);
#506=DIRECTION('',(0.E0,0.E0,-1.E0));
#507=VECTOR('',#506,6.575E-2);
#508=CARTESIAN_POINT('',(-6.6E-2,-2.412E-1,-4.3725E-1));
#509=LINE('',#508,#507);
#510=DIRECTION('',(-1.E0,0.E0,0.E0));
#511=VECTOR('',#510,5.1E-2);
#512=CARTESIAN_POINT('',(-6.6E-2,-2.412E-1,-5.03E-1));
#513=LINE('',#512,#511);
#514=DIRECTION('',(0.E0,0.E0,-1.E0));
#515=VECTOR('',#514,6.575E-2);
#516=CARTESIAN_POINT('',(-1.17E-1,-2.412E-1,-4.3725E-1));
#517=LINE('',#516,#515);
#518=DIRECTION('',(1.E0,0.E0,0.E0));
#519=VECTOR('',#518,3.5E-3);
#520=CARTESIAN_POINT('',(-1.205E-1,-2.412E-1,-4.3725E-1));
#521=LINE('',#520,#519);
#522=DIRECTION('',(0.E0,0.E0,1.E0));
#523=VECTOR('',#522,8.5E-3);
#524=CARTESIAN_POINT('',(-1.205E-1,-2.412E-1,-4.3725E-1));
#525=LINE('',#524,#523);
#526=DIRECTION('',(-1.E0,0.E0,0.E0));
#527=VECTOR('',#526,2.3E-2);
#528=CARTESIAN_POINT('',(-1.205E-1,-2.412E-1,-4.2875E-1));
#529=LINE('',#528,#527);
#530=DIRECTION('',(0.E0,0.E0,-1.E0));
#531=VECTOR('',#530,8.5E-3);
#532=CARTESIAN_POINT('',(-1.435E-1,-2.412E-1,-4.2875E-1));
#533=LINE('',#532,#531);
#534=DIRECTION('',(1.E0,0.E0,0.E0));
#535=VECTOR('',#534,3.5E-3);
#536=CARTESIAN_POINT('',(-1.47E-1,-2.412E-1,-4.3725E-1));
#537=LINE('',#536,#535);
#538=DIRECTION('',(0.E0,0.E0,-1.E0));
#539=VECTOR('',#538,6.575E-2);
#540=CARTESIAN_POINT('',(-1.47E-1,-2.412E-1,-4.3725E-1));
#541=LINE('',#540,#539);
#542=DIRECTION('',(-1.E0,0.E0,0.E0));
#543=VECTOR('',#542,8.55E-2);
#544=CARTESIAN_POINT('',(-1.47E-1,-2.412E-1,-5.03E-1));
#545=LINE('',#544,#543);
#546=DIRECTION('',(0.E0,0.E0,1.E0));
#547=VECTOR('',#546,1.78E-1);
#548=CARTESIAN_POINT('',(-2.325E-1,-2.412E-1,-5.03E-1));
#549=LINE('',#548,#547);
#550=DIRECTION('',(1.E0,0.E0,0.E0));
#551=VECTOR('',#550,2.4E-2);
#552=CARTESIAN_POINT('',(-2.325E-1,-2.412E-1,-3.25E-1));
#553=LINE('',#552,#551);
#554=DIRECTION('',(0.E0,0.E0,1.E0));
#555=VECTOR('',#554,2.49E-1);
#556=CARTESIAN_POINT('',(-2.085E-1,-2.412E-1,-3.25E-1));
#557=LINE('',#556,#555);
#558=DIRECTION('',(-1.E0,0.E0,0.E0));
#559=VECTOR('',#558,3.55E-2);
#560=CARTESIAN_POINT('',(-2.085E-1,-2.412E-1,-7.6E-2));
#561=LINE('',#560,#559);
#562=DIRECTION('',(0.E0,0.E0,-1.E0));
#563=VECTOR('',#562,2.02E-1);
#564=CARTESIAN_POINT('',(-2.44E-1,-2.412E-1,-7.6E-2));
#565=LINE('',#564,#563);
#566=DIRECTION('',(-1.E0,0.E0,0.E0));
#567=VECTOR('',#566,1.85E-2);
#568=CARTESIAN_POINT('',(-2.44E-1,-2.412E-1,-2.78E-1));
#569=LINE('',#568,#567);
#570=DIRECTION('',(0.E0,0.E0,1.E0));
#571=VECTOR('',#570,2.25E-1);
#572=CARTESIAN_POINT('',(-2.625E-1,-2.412E-1,-5.03E-1));
#573=LINE('',#572,#571);
#574=DIRECTION('',(-1.E0,5.551115123126E-14,0.E0));
#575=VECTOR('',#574,5.E-4);
#576=CARTESIAN_POINT('',(-2.625E-1,-2.412E-1,-5.03E-1));
#577=LINE('',#576,#575);
#578=DIRECTION('',(0.E0,0.E0,1.E0));
#579=VECTOR('',#578,2.E-3);
#580=CARTESIAN_POINT('',(-2.63E-1,-2.412E-1,-5.05E-1));
#581=LINE('',#580,#579);
#582=DIRECTION('',(0.E0,0.E0,1.E0));
#583=VECTOR('',#582,2.48E-1);
#584=CARTESIAN_POINT('',(-2.756E-1,-2.412E-1,-5.05E-1));
#585=LINE('',#584,#583);
#586=DIRECTION('',(1.E0,0.E0,0.E0));
#587=VECTOR('',#586,1.26E-2);
#588=CARTESIAN_POINT('',(-2.756E-1,-2.412E-1,-2.57E-1));
#589=LINE('',#588,#587);
#590=DIRECTION('',(0.E0,0.E0,1.E0));
#591=VECTOR('',#590,8.E-2);
#592=CARTESIAN_POINT('',(-2.63E-1,-2.412E-1,-2.57E-1));
#593=LINE('',#592,#591);
#594=DIRECTION('',(1.E0,0.E0,0.E0));
#595=VECTOR('',#594,1.26E-2);
#596=CARTESIAN_POINT('',(-2.756E-1,-2.412E-1,-1.77E-1));
#597=LINE('',#596,#595);
#598=DIRECTION('',(0.E0,0.E0,1.E0));
#599=VECTOR('',#598,1.77E-1);
#600=CARTESIAN_POINT('',(-2.756E-1,-2.412E-1,-1.77E-1));
#601=LINE('',#600,#599);
#602=DIRECTION('',(1.E0,0.E0,0.E0));
#603=VECTOR('',#602,2.318E-1);
#604=CARTESIAN_POINT('',(-2.756E-1,-2.412E-1,0.E0));
#605=LINE('',#604,#603);
#606=DIRECTION('',(0.E0,0.E0,-1.E0));
#607=VECTOR('',#606,1.26E-2);
#608=CARTESIAN_POINT('',(-4.38E-2,-2.412E-1,0.E0));
#609=LINE('',#608,#607);
#610=DIRECTION('',(-1.E0,0.E0,0.E0));
#611=VECTOR('',#610,1.72E-2);
#612=CARTESIAN_POINT('',(-4.38E-2,-2.412E-1,-1.26E-2));
#613=LINE('',#612,#611);
#614=DIRECTION('',(1.303827519560E-1,0.E0,-9.914637350869E-1));
#615=VECTOR('',#614,1.802385641310E-1);
#616=CARTESIAN_POINT('',(-6.1E-2,-2.412E-1,-1.26E-2));
#617=LINE('',#616,#615);
#618=DIRECTION('',(1.E0,0.E0,0.E0));
#619=VECTOR('',#618,7.5E-2);
#620=CARTESIAN_POINT('',(-3.75E-2,-2.412E-1,-1.913E-1));
#621=LINE('',#620,#619);
#622=DIRECTION('',(-1.E0,0.E0,0.E0));
#623=VECTOR('',#622,7.5E-2);
#624=CARTESIAN_POINT('',(3.75E-2,-2.412E-1,-1.687E-1));
#625=LINE('',#624,#623);
#626=DIRECTION('',(1.E0,0.E0,0.E0));
#627=VECTOR('',#626,7.5E-2);
#628=CARTESIAN_POINT('',(-3.75E-2,-2.412E-1,-1.E-2));
#629=LINE('',#628,#627);
#630=DIRECTION('',(0.E0,-1.E0,0.E0));
#631=VECTOR('',#630,1.398E-1);
#632=CARTESIAN_POINT('',(-3.95E-2,-2.412E-1,-3.3075E-1));
#633=LINE('',#632,#631);
#634=DIRECTION('',(0.E0,-1.E0,0.E0));
#635=VECTOR('',#634,1.398E-1);
#636=CARTESIAN_POINT('',(-3.95E-2,-2.412E-1,-3.3925E-1));
#637=LINE('',#636,#635);
#638=DIRECTION('',(0.E0,-1.E0,0.E0));
#639=VECTOR('',#638,1.398E-1);
#640=CARTESIAN_POINT('',(-6.25E-2,-2.412E-1,-3.3925E-1));
#641=LINE('',#640,#639);
#642=DIRECTION('',(0.E0,-1.E0,0.E0));
#643=VECTOR('',#642,1.398E-1);
#644=CARTESIAN_POINT('',(-6.25E-2,-2.412E-1,-3.3075E-1));
#645=LINE('',#644,#643);
#646=DIRECTION('',(-1.E0,0.E0,0.E0));
#647=VECTOR('',#646,2.3E-2);
#648=CARTESIAN_POINT('',(-3.95E-2,-3.81E-1,-3.3075E-1));
#649=LINE('',#648,#647);
#650=DIRECTION('',(0.E0,0.E0,1.E0));
#651=VECTOR('',#650,8.5E-3);
#652=CARTESIAN_POINT('',(-3.95E-2,-3.81E-1,-3.3925E-1));
#653=LINE('',#652,#651);
#654=DIRECTION('',(1.E0,0.E0,0.E0));
#655=VECTOR('',#654,2.3E-2);
#656=CARTESIAN_POINT('',(-6.25E-2,-3.81E-1,-3.3925E-1));
#657=LINE('',#656,#655);
#658=DIRECTION('',(0.E0,0.E0,-1.E0));
#659=VECTOR('',#658,8.5E-3);
#660=CARTESIAN_POINT('',(-6.25E-2,-3.81E-1,-3.3075E-1));
#661=LINE('',#660,#659);
#662=DIRECTION('',(-1.E0,0.E0,0.E0));
#663=VECTOR('',#662,2.3E-2);
#664=CARTESIAN_POINT('',(-1.205E-1,-3.81E-1,-3.3075E-1));
#665=LINE('',#664,#663);
#666=DIRECTION('',(0.E0,0.E0,1.E0));
#667=VECTOR('',#666,8.5E-3);
#668=CARTESIAN_POINT('',(-1.205E-1,-3.81E-1,-3.3925E-1));
#669=LINE('',#668,#667);
#670=DIRECTION('',(1.E0,0.E0,0.E0));
#671=VECTOR('',#670,2.3E-2);
#672=CARTESIAN_POINT('',(-1.435E-1,-3.81E-1,-3.3925E-1));
#673=LINE('',#672,#671);
#674=DIRECTION('',(0.E0,0.E0,-1.E0));
#675=VECTOR('',#674,8.5E-3);
#676=CARTESIAN_POINT('',(-1.435E-1,-3.81E-1,-3.3075E-1));
#677=LINE('',#676,#675);
#678=DIRECTION('',(-1.E0,0.E0,0.E0));
#679=VECTOR('',#678,2.3E-2);
#680=CARTESIAN_POINT('',(-1.205E-1,-3.81E-1,-4.2875E-1));
#681=LINE('',#680,#679);
#682=DIRECTION('',(0.E0,0.E0,1.E0));
#683=VECTOR('',#682,8.5E-3);
#684=CARTESIAN_POINT('',(-1.205E-1,-3.81E-1,-4.3725E-1));
#685=LINE('',#684,#683);
#686=DIRECTION('',(1.E0,0.E0,0.E0));
#687=VECTOR('',#686,2.3E-2);
#688=CARTESIAN_POINT('',(-1.435E-1,-3.81E-1,-4.3725E-1));
#689=LINE('',#688,#687);
#690=DIRECTION('',(0.E0,0.E0,-1.E0));
#691=VECTOR('',#690,8.5E-3);
#692=CARTESIAN_POINT('',(-1.435E-1,-3.81E-1,-4.2875E-1));
#693=LINE('',#692,#691);
#694=DIRECTION('',(0.E0,0.E0,-1.E0));
#695=VECTOR('',#694,8.5E-3);
#696=CARTESIAN_POINT('',(3.95E-2,-3.81E-1,-3.3075E-1));
#697=LINE('',#696,#695);
#698=DIRECTION('',(-1.E0,0.E0,0.E0));
#699=VECTOR('',#698,2.3E-2);
#700=CARTESIAN_POINT('',(6.25E-2,-3.81E-1,-3.3075E-1));
#701=LINE('',#700,#699);
#702=DIRECTION('',(0.E0,0.E0,1.E0));
#703=VECTOR('',#702,8.5E-3);
#704=CARTESIAN_POINT('',(6.25E-2,-3.81E-1,-3.3925E-1));
#705=LINE('',#704,#703);
#706=DIRECTION('',(1.E0,0.E0,0.E0));
#707=VECTOR('',#706,2.3E-2);
#708=CARTESIAN_POINT('',(3.95E-2,-3.81E-1,-3.3925E-1));
#709=LINE('',#708,#707);
#710=DIRECTION('',(0.E0,0.E0,-1.E0));
#711=VECTOR('',#710,8.5E-3);
#712=CARTESIAN_POINT('',(1.205E-1,-3.81E-1,-3.3075E-1));
#713=LINE('',#712,#711);
#714=DIRECTION('',(-1.E0,0.E0,0.E0));
#715=VECTOR('',#714,2.3E-2);
#716=CARTESIAN_POINT('',(1.435E-1,-3.81E-1,-3.3075E-1));
#717=LINE('',#716,#715);
#718=DIRECTION('',(0.E0,0.E0,1.E0));
#719=VECTOR('',#718,8.5E-3);
#720=CARTESIAN_POINT('',(1.435E-1,-3.81E-1,-3.3925E-1));
#721=LINE('',#720,#719);
#722=DIRECTION('',(1.E0,0.E0,0.E0));
#723=VECTOR('',#722,2.3E-2);
#724=CARTESIAN_POINT('',(1.205E-1,-3.81E-1,-3.3925E-1));
#725=LINE('',#724,#723);
#726=DIRECTION('',(0.E0,0.E0,-1.E0));
#727=VECTOR('',#726,8.5E-3);
#728=CARTESIAN_POINT('',(1.205E-1,-3.81E-1,-4.2875E-1));
#729=LINE('',#728,#727);
#730=DIRECTION('',(-1.E0,0.E0,0.E0));
#731=VECTOR('',#730,2.3E-2);
#732=CARTESIAN_POINT('',(1.435E-1,-3.81E-1,-4.2875E-1));
#733=LINE('',#732,#731);
#734=DIRECTION('',(0.E0,0.E0,1.E0));
#735=VECTOR('',#734,8.5E-3);
#736=CARTESIAN_POINT('',(1.435E-1,-3.81E-1,-4.3725E-1));
#737=LINE('',#736,#735);
#738=DIRECTION('',(1.E0,0.E0,0.E0));
#739=VECTOR('',#738,2.3E-2);
#740=CARTESIAN_POINT('',(1.205E-1,-3.81E-1,-4.3725E-1));
#741=LINE('',#740,#739);
#742=DIRECTION('',(0.E0,-1.E0,0.E0));
#743=VECTOR('',#742,1.398E-1);
#744=CARTESIAN_POINT('',(-1.205E-1,-2.412E-1,-3.3075E-1));
#745=LINE('',#744,#743);
#746=DIRECTION('',(0.E0,-1.E0,0.E0));
#747=VECTOR('',#746,1.398E-1);
#748=CARTESIAN_POINT('',(-1.205E-1,-2.412E-1,-3.3925E-1));
#749=LINE('',#748,#747);
#750=DIRECTION('',(0.E0,-1.E0,0.E0));
#751=VECTOR('',#750,1.398E-1);
#752=CARTESIAN_POINT('',(-1.435E-1,-2.412E-1,-3.3925E-1));
#753=LINE('',#752,#751);
#754=DIRECTION('',(0.E0,-1.E0,0.E0));
#755=VECTOR('',#754,1.398E-1);
#756=CARTESIAN_POINT('',(-1.435E-1,-2.412E-1,-3.3075E-1));
#757=LINE('',#756,#755);
#758=DIRECTION('',(0.E0,-1.E0,0.E0));
#759=VECTOR('',#758,1.398E-1);
#760=CARTESIAN_POINT('',(-1.205E-1,-2.412E-1,-4.2875E-1));
#761=LINE('',#760,#759);
#762=DIRECTION('',(0.E0,-1.E0,0.E0));
#763=VECTOR('',#762,1.398E-1);
#764=CARTESIAN_POINT('',(-1.205E-1,-2.412E-1,-4.3725E-1));
#765=LINE('',#764,#763);
#766=DIRECTION('',(0.E0,-1.E0,0.E0));
#767=VECTOR('',#766,6.3E-2);
#768=CARTESIAN_POINT('',(-3.6E-2,-1.782E-1,-4.3725E-1));
#769=LINE('',#768,#767);
#770=DIRECTION('',(1.E0,0.E0,0.E0));
#771=VECTOR('',#770,3.E-2);
#772=CARTESIAN_POINT('',(-6.6E-2,-1.782E-1,-4.3725E-1));
#773=LINE('',#772,#771);
#774=DIRECTION('',(0.E0,1.E0,0.E0));
#775=VECTOR('',#774,6.3E-2);
#776=CARTESIAN_POINT('',(-6.6E-2,-2.412E-1,-4.3725E-1));
#777=LINE('',#776,#775);
#778=DIRECTION('',(0.E0,-1.E0,0.E0));
#779=VECTOR('',#778,6.3E-2);
#780=CARTESIAN_POINT('',(6.6E-2,-1.782E-1,-4.3725E-1));
#781=LINE('',#780,#779);
#782=DIRECTION('',(1.E0,0.E0,0.E0));
#783=VECTOR('',#782,3.E-2);
#784=CARTESIAN_POINT('',(3.6E-2,-1.782E-1,-4.3725E-1));
#785=LINE('',#784,#783);
#786=DIRECTION('',(0.E0,1.E0,0.E0));
#787=VECTOR('',#786,6.3E-2);
#788=CARTESIAN_POINT('',(3.6E-2,-2.412E-1,-4.3725E-1));
#789=LINE('',#788,#787);
#790=DIRECTION('',(0.E0,-1.E0,0.E0));
#791=VECTOR('',#790,1.398E-1);
#792=CARTESIAN_POINT('',(1.205E-1,-2.412E-1,-4.3725E-1));
#793=LINE('',#792,#791);
#794=DIRECTION('',(0.E0,-1.E0,0.E0));
#795=VECTOR('',#794,6.3E-2);
#796=CARTESIAN_POINT('',(1.47E-1,-1.782E-1,-4.3725E-1));
#797=LINE('',#796,#795);
#798=DIRECTION('',(1.E0,0.E0,0.E0));
#799=VECTOR('',#798,3.E-2);
#800=CARTESIAN_POINT('',(1.17E-1,-1.782E-1,-4.3725E-1));
#801=LINE('',#800,#799);
#802=DIRECTION('',(0.E0,1.E0,0.E0));
#803=VECTOR('',#802,6.3E-2);
#804=CARTESIAN_POINT('',(1.17E-1,-2.412E-1,-4.3725E-1));
#805=LINE('',#804,#803);
#806=DIRECTION('',(0.E0,-1.E0,0.E0));
#807=VECTOR('',#806,6.3E-2);
#808=CARTESIAN_POINT('',(-1.17E-1,-1.782E-1,-4.3725E-1));
#809=LINE('',#808,#807);
#810=DIRECTION('',(1.E0,0.E0,0.E0));
#811=VECTOR('',#810,3.E-2);
#812=CARTESIAN_POINT('',(-1.47E-1,-1.782E-1,-4.3725E-1));
#813=LINE('',#812,#811);
#814=DIRECTION('',(0.E0,1.E0,0.E0));
#815=VECTOR('',#814,6.3E-2);
#816=CARTESIAN_POINT('',(-1.47E-1,-2.412E-1,-4.3725E-1));
#817=LINE('',#816,#815);
#818=DIRECTION('',(0.E0,-1.E0,0.E0));
#819=VECTOR('',#818,1.398E-1);
#820=CARTESIAN_POINT('',(-1.435E-1,-2.412E-1,-4.3725E-1));
#821=LINE('',#820,#819);
#822=DIRECTION('',(0.E0,0.E0,1.E0));
#823=VECTOR('',#822,1.75E-3);
#824=CARTESIAN_POINT('',(-3.6E-2,-1.782E-1,-4.39E-1));
#825=LINE('',#824,#823);
#826=DIRECTION('',(0.E0,1.E0,0.E0));
#827=VECTOR('',#826,6.3E-2);
#828=CARTESIAN_POINT('',(1.47E-1,-2.412E-1,-5.03E-1));
#829=LINE('',#828,#827);
#830=DIRECTION('',(-1.E0,0.E0,0.E0));
#831=VECTOR('',#830,3.E-2);
#832=CARTESIAN_POINT('',(2.625E-1,-2.412E-1,-5.03E-1));
#833=LINE('',#832,#831);
#834=DIRECTION('',(0.E0,-1.E0,0.E0));
#835=VECTOR('',#834,2.74E-1);
#836=CARTESIAN_POINT('',(2.63E-1,3.28E-2,-5.03E-1));
#837=LINE('',#836,#835);
#838=CARTESIAN_POINT('',(2.53E-1,3.28E-2,-5.03E-1));
#839=DIRECTION('',(0.E0,0.E0,-1.E0));
#840=DIRECTION('',(0.E0,1.E0,0.E0));
#841=AXIS2_PLACEMENT_3D('',#838,#839,#840);
#843=DIRECTION('',(1.E0,0.E0,0.E0));
#844=VECTOR('',#843,2.7E-2);
#845=CARTESIAN_POINT('',(2.26E-1,4.28E-2,-5.03E-1));
#846=LINE('',#845,#844);
#847=DIRECTION('',(0.E0,-1.E0,0.E0));
#848=VECTOR('',#847,2.46E-2);
#849=CARTESIAN_POINT('',(2.26E-1,6.74E-2,-5.03E-1));
#850=LINE('',#849,#848);
#851=DIRECTION('',(-1.E0,0.E0,0.E0));
#852=VECTOR('',#851,2.7E-2);
#853=CARTESIAN_POINT('',(2.53E-1,6.74E-2,-5.03E-1));
#854=LINE('',#853,#852);
#855=CARTESIAN_POINT('',(2.53E-1,7.74E-2,-5.03E-1));
#856=DIRECTION('',(0.E0,0.E0,-1.E0));
#857=DIRECTION('',(1.E0,0.E0,0.E0));
#858=AXIS2_PLACEMENT_3D('',#855,#856,#857);
#860=DIRECTION('',(0.E0,-1.E0,0.E0));
#861=VECTOR('',#860,1.56E-1);
#862=CARTESIAN_POINT('',(2.63E-1,2.334E-1,-5.03E-1));
#863=LINE('',#862,#861);
#864=CARTESIAN_POINT('',(2.53E-1,2.334E-1,-5.03E-1));
#865=DIRECTION('',(0.E0,0.E0,-1.E0));
#866=DIRECTION('',(0.E0,1.E0,0.E0));
#867=AXIS2_PLACEMENT_3D('',#864,#865,#866);
#869=DIRECTION('',(1.E0,0.E0,0.E0));
#870=VECTOR('',#869,1.946781992624E-1);
#871=CARTESIAN_POINT('',(5.832180073765E-2,2.434E-1,-5.03E-1));
#872=LINE('',#871,#870);
#873=DIRECTION('',(1.E0,0.E0,0.E0));
#874=VECTOR('',#873,1.946781992624E-1);
#875=CARTESIAN_POINT('',(-2.53E-1,2.434E-1,-5.03E-1));
#876=LINE('',#875,#874);
#877=CARTESIAN_POINT('',(-2.53E-1,2.334E-1,-5.03E-1));
#878=DIRECTION('',(0.E0,0.E0,-1.E0));
#879=DIRECTION('',(-1.E0,0.E0,0.E0));
#880=AXIS2_PLACEMENT_3D('',#877,#878,#879);
#882=DIRECTION('',(0.E0,1.E0,0.E0));
#883=VECTOR('',#882,1.56E-1);
#884=CARTESIAN_POINT('',(-2.63E-1,7.74E-2,-5.03E-1));
#885=LINE('',#884,#883);
#886=CARTESIAN_POINT('',(-2.53E-1,7.74E-2,-5.03E-1));
#887=DIRECTION('',(0.E0,0.E0,-1.E0));
#888=DIRECTION('',(0.E0,-1.E0,0.E0));
#889=AXIS2_PLACEMENT_3D('',#886,#887,#888);
#891=DIRECTION('',(-1.E0,0.E0,0.E0));
#892=VECTOR('',#891,2.7E-2);
#893=CARTESIAN_POINT('',(-2.26E-1,6.74E-2,-5.03E-1));
#894=LINE('',#893,#892);
#895=DIRECTION('',(0.E0,1.E0,0.E0));
#896=VECTOR('',#895,2.46E-2);
#897=CARTESIAN_POINT('',(-2.26E-1,4.28E-2,-5.03E-1));
#898=LINE('',#897,#896);
#899=DIRECTION('',(1.E0,0.E0,0.E0));
#900=VECTOR('',#899,2.7E-2);
#901=CARTESIAN_POINT('',(-2.53E-1,4.28E-2,-5.03E-1));
#902=LINE('',#901,#900);
#903=CARTESIAN_POINT('',(-2.53E-1,3.28E-2,-5.03E-1));
#904=DIRECTION('',(0.E0,0.E0,-1.E0));
#905=DIRECTION('',(-1.E0,0.E0,0.E0));
#906=AXIS2_PLACEMENT_3D('',#903,#904,#905);
#908=DIRECTION('',(0.E0,1.E0,0.E0));
#909=VECTOR('',#908,2.74E-1);
#910=CARTESIAN_POINT('',(-2.63E-1,-2.412E-1,-5.03E-1));
#911=LINE('',#910,#909);
#912=DIRECTION('',(-1.E0,0.E0,0.E0));
#913=VECTOR('',#912,3.E-2);
#914=CARTESIAN_POINT('',(-2.325E-1,-2.412E-1,-5.03E-1));
#915=LINE('',#914,#913);
#916=DIRECTION('',(0.E0,1.E0,0.E0));
#917=VECTOR('',#916,6.3E-2);
#918=CARTESIAN_POINT('',(-1.47E-1,-2.412E-1,-5.03E-1));
#919=LINE('',#918,#917);
#920=DIRECTION('',(-1.E0,0.E0,0.E0));
#921=VECTOR('',#920,5.6E-2);
#922=CARTESIAN_POINT('',(-1.47E-1,-1.782E-1,-5.03E-1));
#923=LINE('',#922,#921);
#924=DIRECTION('',(0.E0,1.E0,0.E0));
#925=VECTOR('',#924,3.066E-1);
#926=CARTESIAN_POINT('',(-2.03E-1,-1.782E-1,-5.03E-1));
#927=LINE('',#926,#925);
#928=CARTESIAN_POINT('',(0.E0,3.136392423434E-2,-5.03E-1));
#929=DIRECTION('',(0.E0,0.E0,-1.E0));
#930=DIRECTION('',(-9.022222222222E-1,4.312714478474E-1,0.E0));
#931=AXIS2_PLACEMENT_3D('',#928,#929,#930);
#933=DIRECTION('',(1.E0,0.E0,0.E0));
#934=VECTOR('',#933,2.802591659805E-1);
#935=CARTESIAN_POINT('',(-1.401295829903E-1,2.074E-1,-5.03E-1));
#936=LINE('',#935,#934);
#937=CARTESIAN_POINT('',(0.E0,3.136392423434E-2,-5.03E-1));
#938=DIRECTION('',(0.E0,0.E0,-1.E0));
#939=DIRECTION('',(6.227981466234E-1,7.823825589585E-1,0.E0));
#940=AXIS2_PLACEMENT_3D('',#937,#938,#939);
#942=DIRECTION('',(0.E0,-1.E0,0.E0));
#943=VECTOR('',#942,3.066E-1);
#944=CARTESIAN_POINT('',(2.03E-1,1.284E-1,-5.03E-1));
#945=LINE('',#944,#943);
#946=DIRECTION('',(-1.E0,0.E0,0.E0));
#947=VECTOR('',#946,5.6E-2);
#948=CARTESIAN_POINT('',(2.03E-1,-1.782E-1,-5.03E-1));
#949=LINE('',#948,#947);
#950=DIRECTION('',(0.E0,1.E0,0.E0));
#951=VECTOR('',#950,6.3E-2);
#952=CARTESIAN_POINT('',(1.17E-1,-2.412E-1,-5.03E-1));
#953=LINE('',#952,#951);
#954=DIRECTION('',(-1.E0,0.E0,0.E0));
#955=VECTOR('',#954,5.1E-2);
#956=CARTESIAN_POINT('',(1.17E-1,-1.782E-1,-5.03E-1));
#957=LINE('',#956,#955);
#958=DIRECTION('',(0.E0,1.E0,0.E0));
#959=VECTOR('',#958,6.3E-2);
#960=CARTESIAN_POINT('',(6.6E-2,-2.412E-1,-5.03E-1));
#961=LINE('',#960,#959);
#962=DIRECTION('',(0.E0,1.E0,0.E0));
#963=VECTOR('',#962,6.3E-2);
#964=CARTESIAN_POINT('',(3.6E-2,-2.412E-1,-5.03E-1));
#965=LINE('',#964,#963);
#966=DIRECTION('',(-1.E0,0.E0,0.E0));
#967=VECTOR('',#966,7.2E-2);
#968=CARTESIAN_POINT('',(3.6E-2,-1.782E-1,-5.03E-1));
#969=LINE('',#968,#967);
#970=DIRECTION('',(0.E0,1.E0,0.E0));
#971=VECTOR('',#970,6.3E-2);
#972=CARTESIAN_POINT('',(-3.6E-2,-2.412E-1,-5.03E-1));
#973=LINE('',#972,#971);
#974=DIRECTION('',(0.E0,1.E0,0.E0));
#975=VECTOR('',#974,6.3E-2);
#976=CARTESIAN_POINT('',(-1.17E-1,-2.412E-1,-5.03E-1));
#977=LINE('',#976,#975);
#978=DIRECTION('',(0.E0,1.E0,0.E0));
#979=VECTOR('',#978,6.3E-2);
#980=CARTESIAN_POINT('',(-6.6E-2,-2.412E-1,-5.03E-1));
#981=LINE('',#980,#979);
#982=DIRECTION('',(-1.E0,0.E0,0.E0));
#983=VECTOR('',#982,5.1E-2);
#984=CARTESIAN_POINT('',(-6.6E-2,-1.782E-1,-5.03E-1));
#985=LINE('',#984,#983);
#986=DIRECTION('',(0.E0,0.E0,1.E0));
#987=VECTOR('',#986,1.75E-3);
#988=CARTESIAN_POINT('',(1.47E-1,-1.782E-1,-4.39E-1));
#989=LINE('',#988,#987);
#990=DIRECTION('',(0.E0,0.E0,1.E0));
#991=VECTOR('',#990,6.4E-2);
#992=CARTESIAN_POINT('',(1.47E-1,-1.782E-1,-5.03E-1));
#993=LINE('',#992,#991);
#994=DIRECTION('',(0.E0,0.E0,1.E0));
#995=VECTOR('',#994,6.4E-2);
#996=CARTESIAN_POINT('',(2.03E-1,-1.782E-1,-5.03E-1));
#997=LINE('',#996,#995);
#998=DIRECTION('',(0.E0,0.E0,1.E0));
#999=VECTOR('',#998,6.4E-2);
#1000=CARTESIAN_POINT('',(1.17E-1,-1.782E-1,-5.03E-1));
#1001=LINE('',#1000,#999);
#1002=DIRECTION('',(0.E0,0.E0,1.E0));
#1003=VECTOR('',#1002,6.4E-2);
#1004=CARTESIAN_POINT('',(6.6E-2,-1.782E-1,-5.03E-1));
#1005=LINE('',#1004,#1003);
#1006=DIRECTION('',(0.E0,0.E0,1.E0));
#1007=VECTOR('',#1006,6.4E-2);
#1008=CARTESIAN_POINT('',(3.6E-2,-1.782E-1,-5.03E-1));
#1009=LINE('',#1008,#1007);
#1010=DIRECTION('',(0.E0,0.E0,1.E0));
#1011=VECTOR('',#1010,6.4E-2);
#1012=CARTESIAN_POINT('',(-3.6E-2,-1.782E-1,-5.03E-1));
#1013=LINE('',#1012,#1011);
#1014=DIRECTION('',(0.E0,0.E0,1.E0));
#1015=VECTOR('',#1014,6.4E-2);
#1016=CARTESIAN_POINT('',(-1.17E-1,-1.782E-1,-5.03E-1));
#1017=LINE('',#1016,#1015);
#1018=DIRECTION('',(0.E0,0.E0,1.E0));
#1019=VECTOR('',#1018,6.4E-2);
#1020=CARTESIAN_POINT('',(-6.6E-2,-1.782E-1,-5.03E-1));
#1021=LINE('',#1020,#1019);
#1022=DIRECTION('',(0.E0,0.E0,1.E0));
#1023=VECTOR('',#1022,6.4E-2);
#1024=CARTESIAN_POINT('',(-1.47E-1,-1.782E-1,-5.03E-1));
#1025=LINE('',#1024,#1023);
#1026=DIRECTION('',(0.E0,0.E0,1.E0));
#1027=VECTOR('',#1026,6.4E-2);
#1028=CARTESIAN_POINT('',(2.03E-1,1.284E-1,-5.03E-1));
#1029=LINE('',#1028,#1027);
#1030=DIRECTION('',(0.E0,0.E0,1.E0));
#1031=VECTOR('',#1030,6.4E-2);
#1032=CARTESIAN_POINT('',(1.401295829903E-1,2.074E-1,-5.03E-1));
#1033=LINE('',#1032,#1031);
#1034=DIRECTION('',(0.E0,0.E0,1.E0));
#1035=VECTOR('',#1034,6.4E-2);
#1036=CARTESIAN_POINT('',(-1.401295829903E-1,2.074E-1,-5.03E-1));
#1037=LINE('',#1036,#1035);
#1038=DIRECTION('',(0.E0,0.E0,1.E0));
#1039=VECTOR('',#1038,6.4E-2);
#1040=CARTESIAN_POINT('',(-2.03E-1,1.284E-1,-5.03E-1));
#1041=LINE('',#1040,#1039);
#1042=DIRECTION('',(0.E0,0.E0,1.E0));
#1043=VECTOR('',#1042,6.4E-2);
#1044=CARTESIAN_POINT('',(-2.03E-1,-1.782E-1,-5.03E-1));
#1045=LINE('',#1044,#1043);
#1046=DIRECTION('',(1.E0,0.E0,0.E0));
#1047=VECTOR('',#1046,3.E-2);
#1048=CARTESIAN_POINT('',(1.17E-1,-1.782E-1,-4.39E-1));
#1049=LINE('',#1048,#1047);
#1050=DIRECTION('',(-1.E0,0.E0,0.E0));
#1051=VECTOR('',#1050,5.6E-2);
#1052=CARTESIAN_POINT('',(2.03E-1,-1.782E-1,-4.39E-1));
#1053=LINE('',#1052,#1051);
#1054=DIRECTION('',(0.E0,-1.E0,0.E0));
#1055=VECTOR('',#1054,3.066E-1);
#1056=CARTESIAN_POINT('',(2.03E-1,1.284E-1,-4.39E-1));
#1057=LINE('',#1056,#1055);
#1058=CARTESIAN_POINT('',(0.E0,3.136392423434E-2,-4.39E-1));
#1059=DIRECTION('',(0.E0,0.E0,-1.E0));
#1060=DIRECTION('',(6.227981466234E-1,7.823825589585E-1,0.E0));
#1061=AXIS2_PLACEMENT_3D('',#1058,#1059,#1060);
#1063=DIRECTION('',(1.E0,0.E0,0.E0));
#1064=VECTOR('',#1063,2.802591659805E-1);
#1065=CARTESIAN_POINT('',(-1.401295829903E-1,2.074E-1,-4.39E-1));
#1066=LINE('',#1065,#1064);
#1067=CARTESIAN_POINT('',(0.E0,3.136392423434E-2,-4.39E-1));
#1068=DIRECTION('',(0.E0,0.E0,-1.E0));
#1069=DIRECTION('',(-9.022222222222E-1,4.312714478474E-1,0.E0));
#1070=AXIS2_PLACEMENT_3D('',#1067,#1068,#1069);
#1072=DIRECTION('',(0.E0,1.E0,0.E0));
#1073=VECTOR('',#1072,3.066E-1);
#1074=CARTESIAN_POINT('',(-2.03E-1,-1.782E-1,-4.39E-1));
#1075=LINE('',#1074,#1073);
#1076=DIRECTION('',(-1.E0,0.E0,0.E0));
#1077=VECTOR('',#1076,5.6E-2);
#1078=CARTESIAN_POINT('',(-1.47E-1,-1.782E-1,-4.39E-1));
#1079=LINE('',#1078,#1077);
#1080=DIRECTION('',(1.E0,0.E0,0.E0));
#1081=VECTOR('',#1080,3.E-2);
#1082=CARTESIAN_POINT('',(-1.47E-1,-1.782E-1,-4.39E-1));
#1083=LINE('',#1082,#1081);
#1084=DIRECTION('',(-1.E0,0.E0,0.E0));
#1085=VECTOR('',#1084,5.1E-2);
#1086=CARTESIAN_POINT('',(-6.6E-2,-1.782E-1,-4.39E-1));
#1087=LINE('',#1086,#1085);
#1088=DIRECTION('',(1.E0,0.E0,0.E0));
#1089=VECTOR('',#1088,3.E-2);
#1090=CARTESIAN_POINT('',(-6.6E-2,-1.782E-1,-4.39E-1));
#1091=LINE('',#1090,#1089);
#1092=DIRECTION('',(-1.E0,0.E0,0.E0));
#1093=VECTOR('',#1092,7.2E-2);
#1094=CARTESIAN_POINT('',(3.6E-2,-1.782E-1,-4.39E-1));
#1095=LINE('',#1094,#1093);
#1096=DIRECTION('',(1.E0,0.E0,0.E0));
#1097=VECTOR('',#1096,3.E-2);
#1098=CARTESIAN_POINT('',(3.6E-2,-1.782E-1,-4.39E-1));
#1099=LINE('',#1098,#1097);
#1100=DIRECTION('',(-1.E0,0.E0,0.E0));
#1101=VECTOR('',#1100,5.1E-2);
#1102=CARTESIAN_POINT('',(1.17E-1,-1.782E-1,-4.39E-1));
#1103=LINE('',#1102,#1101);
#1104=DIRECTION('',(0.E0,0.E0,1.E0));
#1105=VECTOR('',#1104,1.75E-3);
#1106=CARTESIAN_POINT('',(1.17E-1,-1.782E-1,-4.39E-1));
#1107=LINE('',#1106,#1105);
#1108=DIRECTION('',(0.E0,0.E0,1.E0));
#1109=VECTOR('',#1108,1.75E-3);
#1110=CARTESIAN_POINT('',(-1.47E-1,-1.782E-1,-4.39E-1));
#1111=LINE('',#1110,#1109);
#1112=DIRECTION('',(0.E0,0.E0,1.E0));
#1113=VECTOR('',#1112,1.75E-3);
#1114=CARTESIAN_POINT('',(-1.17E-1,-1.782E-1,-4.39E-1));
#1115=LINE('',#1114,#1113);
#1116=DIRECTION('',(0.E0,0.E0,1.E0));
#1117=VECTOR('',#1116,1.75E-3);
#1118=CARTESIAN_POINT('',(-6.6E-2,-1.782E-1,-4.39E-1));
#1119=LINE('',#1118,#1117);
#1120=DIRECTION('',(0.E0,0.E0,1.E0));
#1121=VECTOR('',#1120,1.75E-3);
#1122=CARTESIAN_POINT('',(3.6E-2,-1.782E-1,-4.39E-1));
#1123=LINE('',#1122,#1121);
#1124=DIRECTION('',(0.E0,0.E0,1.E0));
#1125=VECTOR('',#1124,1.75E-3);
#1126=CARTESIAN_POINT('',(6.6E-2,-1.782E-1,-4.39E-1));
#1127=LINE('',#1126,#1125);
#1128=DIRECTION('',(0.E0,-1.387778780782E-14,1.E0));
#1129=VECTOR('',#1128,2.E-3);
#1130=CARTESIAN_POINT('',(2.625E-1,-2.412E-1,-5.05E-1));
#1131=LINE('',#1130,#1129);
#1132=DIRECTION('',(-1.125226038471E-14,-1.E0,0.E0));
#1133=VECTOR('',#1132,1.48E-2);
#1134=CARTESIAN_POINT('',(2.625E-1,-2.412E-1,-5.05E-1));
#1135=LINE('',#1134,#1133);
#1136=DIRECTION('',(-1.E0,0.E0,0.E0));
#1137=VECTOR('',#1136,1.85E-2);
#1138=CARTESIAN_POINT('',(-2.44E-1,-2.56E-1,-2.78E-1));
#1139=LINE('',#1138,#1137);
#1140=DIRECTION('',(0.E0,0.E0,-1.E0));
#1141=VECTOR('',#1140,2.02E-1);
#1142=CARTESIAN_POINT('',(-2.44E-1,-2.56E-1,-7.6E-2));
#1143=LINE('',#1142,#1141);
#1144=DIRECTION('',(-1.E0,0.E0,0.E0));
#1145=VECTOR('',#1144,3.55E-2);
#1146=CARTESIAN_POINT('',(-2.085E-1,-2.56E-1,-7.6E-2));
#1147=LINE('',#1146,#1145);
#1148=DIRECTION('',(0.E0,0.E0,1.E0));
#1149=VECTOR('',#1148,2.49E-1);
#1150=CARTESIAN_POINT('',(-2.085E-1,-2.56E-1,-3.25E-1));
#1151=LINE('',#1150,#1149);
#1152=DIRECTION('',(1.E0,0.E0,0.E0));
#1153=VECTOR('',#1152,2.4E-2);
#1154=CARTESIAN_POINT('',(-2.325E-1,-2.56E-1,-3.25E-1));
#1155=LINE('',#1154,#1153);
#1156=DIRECTION('',(0.E0,0.E0,1.E0));
#1157=VECTOR('',#1156,1.8E-1);
#1158=CARTESIAN_POINT('',(-2.325E-1,-2.56E-1,-5.05E-1));
#1159=LINE('',#1158,#1157);
#1160=DIRECTION('',(1.E0,0.E0,0.E0));
#1161=VECTOR('',#1160,3.E-2);
#1162=CARTESIAN_POINT('',(-2.625E-1,-2.56E-1,-5.05E-1));
#1163=LINE('',#1162,#1161);
#1164=DIRECTION('',(0.E0,0.E0,-1.E0));
#1165=VECTOR('',#1164,2.27E-1);
#1166=CARTESIAN_POINT('',(-2.625E-1,-2.56E-1,-2.78E-1));
#1167=LINE('',#1166,#1165);
#1168=DIRECTION('',(0.E0,0.E0,1.E0));
#1169=VECTOR('',#1168,2.02E-1);
#1170=CARTESIAN_POINT('',(2.44E-1,-2.56E-1,-2.78E-1));
#1171=LINE('',#1170,#1169);
#1172=DIRECTION('',(-1.E0,0.E0,0.E0));
#1173=VECTOR('',#1172,1.85E-2);
#1174=CARTESIAN_POINT('',(2.625E-1,-2.56E-1,-2.78E-1));
#1175=LINE('',#1174,#1173);
#1176=DIRECTION('',(0.E0,0.E0,1.E0));
#1177=VECTOR('',#1176,2.27E-1);
#1178=CARTESIAN_POINT('',(2.625E-1,-2.56E-1,-5.05E-1));
#1179=LINE('',#1178,#1177);
#1180=DIRECTION('',(1.E0,0.E0,0.E0));
#1181=VECTOR('',#1180,3.E-2);
#1182=CARTESIAN_POINT('',(2.325E-1,-2.56E-1,-5.05E-1));
#1183=LINE('',#1182,#1181);
#1184=DIRECTION('',(0.E0,0.E0,-1.E0));
#1185=VECTOR('',#1184,1.8E-1);
#1186=CARTESIAN_POINT('',(2.325E-1,-2.56E-1,-3.25E-1));
#1187=LINE('',#1186,#1185);
#1188=DIRECTION('',(1.E0,0.E0,0.E0));
#1189=VECTOR('',#1188,2.4E-2);
#1190=CARTESIAN_POINT('',(2.085E-1,-2.56E-1,-3.25E-1));
#1191=LINE('',#1190,#1189);
#1192=DIRECTION('',(0.E0,0.E0,-1.E0));
#1193=VECTOR('',#1192,2.49E-1);
#1194=CARTESIAN_POINT('',(2.085E-1,-2.56E-1,-7.6E-2));
#1195=LINE('',#1194,#1193);
#1196=DIRECTION('',(-1.E0,0.E0,0.E0));
#1197=VECTOR('',#1196,3.55E-2);
#1198=CARTESIAN_POINT('',(2.44E-1,-2.56E-1,-7.6E-2));
#1199=LINE('',#1198,#1197);
#1200=DIRECTION('',(0.E0,-1.E0,0.E0));
#1201=VECTOR('',#1200,1.48E-2);
#1202=CARTESIAN_POINT('',(-2.44E-1,-2.412E-1,-2.78E-1));
#1203=LINE('',#1202,#1201);
#1204=DIRECTION('',(0.E0,-1.E0,0.E0));
#1205=VECTOR('',#1204,1.48E-2);
#1206=CARTESIAN_POINT('',(-2.44E-1,-2.412E-1,-7.6E-2));
#1207=LINE('',#1206,#1205);
#1208=DIRECTION('',(0.E0,-1.E0,0.E0));
#1209=VECTOR('',#1208,1.48E-2);
#1210=CARTESIAN_POINT('',(-2.085E-1,-2.412E-1,-7.6E-2));
#1211=LINE('',#1210,#1209);
#1212=DIRECTION('',(0.E0,-1.E0,0.E0));
#1213=VECTOR('',#1212,1.48E-2);
#1214=CARTESIAN_POINT('',(-2.085E-1,-2.412E-1,-3.25E-1));
#1215=LINE('',#1214,#1213);
#1216=DIRECTION('',(0.E0,-1.E0,0.E0));
#1217=VECTOR('',#1216,1.48E-2);
#1218=CARTESIAN_POINT('',(-2.325E-1,-2.412E-1,-3.25E-1));
#1219=LINE('',#1218,#1217);
#1220=DIRECTION('',(0.E0,-1.387778780782E-14,1.E0));
#1221=VECTOR('',#1220,2.E-3);
#1222=CARTESIAN_POINT('',(-2.325E-1,-2.412E-1,-5.05E-1));
#1223=LINE('',#1222,#1221);
#1224=DIRECTION('',(0.E0,-1.E0,0.E0));
#1225=VECTOR('',#1224,1.48E-2);
#1226=CARTESIAN_POINT('',(-2.325E-1,-2.412E-1,-5.05E-1));
#1227=LINE('',#1226,#1225);
#1228=DIRECTION('',(0.E0,-1.387778780782E-14,1.E0));
#1229=VECTOR('',#1228,2.E-3);
#1230=CARTESIAN_POINT('',(-2.625E-1,-2.412E-1,-5.05E-1));
#1231=LINE('',#1230,#1229);
#1232=DIRECTION('',(-1.125226038471E-14,-1.E0,0.E0));
#1233=VECTOR('',#1232,1.48E-2);
#1234=CARTESIAN_POINT('',(-2.625E-1,-2.412E-1,-2.78E-1));
#1235=LINE('',#1234,#1233);
#1236=DIRECTION('',(0.E0,-1.E0,0.E0));
#1237=VECTOR('',#1236,1.48E-2);
#1238=CARTESIAN_POINT('',(2.44E-1,-2.412E-1,-2.78E-1));
#1239=LINE('',#1238,#1237);
#1240=DIRECTION('',(1.125226038471E-14,-1.E0,0.E0));
#1241=VECTOR('',#1240,1.48E-2);
#1242=CARTESIAN_POINT('',(2.625E-1,-2.412E-1,-2.78E-1));
#1243=LINE('',#1242,#1241);
#1244=DIRECTION('',(0.E0,-1.E0,0.E0));
#1245=VECTOR('',#1244,1.48E-2);
#1246=CARTESIAN_POINT('',(2.44E-1,-2.412E-1,-7.6E-2));
#1247=LINE('',#1246,#1245);
#1248=DIRECTION('',(0.E0,-1.E0,0.E0));
#1249=VECTOR('',#1248,1.48E-2);
#1250=CARTESIAN_POINT('',(2.085E-1,-2.412E-1,-7.6E-2));
#1251=LINE('',#1250,#1249);
#1252=DIRECTION('',(0.E0,-1.E0,0.E0));
#1253=VECTOR('',#1252,1.48E-2);
#1254=CARTESIAN_POINT('',(2.085E-1,-2.412E-1,-3.25E-1));
#1255=LINE('',#1254,#1253);
#1256=DIRECTION('',(1.387778780782E-14,-1.387778780782E-14,1.E0));
#1257=VECTOR('',#1256,2.E-3);
#1258=CARTESIAN_POINT('',(2.325E-1,-2.412E-1,-5.05E-1));
#1259=LINE('',#1258,#1257);
#1260=DIRECTION('',(0.E0,-1.E0,0.E0));
#1261=VECTOR('',#1260,1.48E-2);
#1262=CARTESIAN_POINT('',(2.325E-1,-2.412E-1,-3.25E-1));
#1263=LINE('',#1262,#1261);
#1264=DIRECTION('',(0.E0,0.E0,1.E0));
#1265=VECTOR('',#1264,2.E-3);
#1266=CARTESIAN_POINT('',(2.63E-1,3.28E-2,-5.05E-1));
#1267=LINE('',#1266,#1265);
#1268=DIRECTION('',(0.E0,0.E0,1.E0));
#1269=VECTOR('',#1268,2.E-3);
#1270=CARTESIAN_POINT('',(2.53E-1,4.28E-2,-5.05E-1));
#1271=LINE('',#1270,#1269);
#1272=DIRECTION('',(0.E0,0.E0,1.E0));
#1273=VECTOR('',#1272,2.E-3);
#1274=CARTESIAN_POINT('',(2.26E-1,4.28E-2,-5.05E-1));
#1275=LINE('',#1274,#1273);
#1276=DIRECTION('',(0.E0,0.E0,1.E0));
#1277=VECTOR('',#1276,2.E-3);
#1278=CARTESIAN_POINT('',(2.26E-1,6.74E-2,-5.05E-1));
#1279=LINE('',#1278,#1277);
#1280=DIRECTION('',(0.E0,0.E0,1.E0));
#1281=VECTOR('',#1280,2.E-3);
#1282=CARTESIAN_POINT('',(2.53E-1,6.74E-2,-5.05E-1));
#1283=LINE('',#1282,#1281);
#1284=DIRECTION('',(0.E0,0.E0,1.E0));
#1285=VECTOR('',#1284,2.E-3);
#1286=CARTESIAN_POINT('',(2.63E-1,7.74E-2,-5.05E-1));
#1287=LINE('',#1286,#1285);
#1288=DIRECTION('',(0.E0,0.E0,1.E0));
#1289=VECTOR('',#1288,2.E-3);
#1290=CARTESIAN_POINT('',(2.63E-1,2.334E-1,-5.05E-1));
#1291=LINE('',#1290,#1289);
#1292=DIRECTION('',(-1.E0,0.E0,0.E0));
#1293=VECTOR('',#1292,1.166436014753E-1);
#1294=CARTESIAN_POINT('',(5.832180073765E-2,2.434E-1,-5.03E-1));
#1295=LINE('',#1294,#1293);
#1296=DIRECTION('',(6.427876096865E-1,0.E0,-7.660444431190E-1));
#1297=VECTOR('',#1296,8.477384706999E-2);
#1298=CARTESIAN_POINT('',(3.830222215595E-3,2.434E-1,-4.380594655302E-1));
#1299=LINE('',#1298,#1297);
#1300=CARTESIAN_POINT('',(0.E0,2.434E-1,-4.412734035786E-1));
#1301=DIRECTION('',(0.E0,1.E0,0.E0));
#1302=DIRECTION('',(-7.660444431190E-1,0.E0,6.427876096865E-1));
#1303=AXIS2_PLACEMENT_3D('',#1300,#1301,#1302);
#1305=DIRECTION('',(6.427876096865E-1,0.E0,7.660444431190E-1));
#1306=VECTOR('',#1305,8.477384706999E-2);
#1307=CARTESIAN_POINT('',(-5.832180073765E-2,2.434E-1,-5.03E-1));
#1308=LINE('',#1307,#1306);
#1309=DIRECTION('',(0.E0,-1.E0,0.E0));
#1310=VECTOR('',#1309,1.26E-2);
#1311=CARTESIAN_POINT('',(3.830222215595E-3,2.56E-1,-4.380594655302E-1));
#1312=LINE('',#1311,#1310);
#1313=DIRECTION('',(-6.427876096866E-1,0.E0,7.660444431190E-1));
#1314=VECTOR('',#1313,2.610814578664E-3);
#1315=CARTESIAN_POINT('',(6.E-2,2.434E-1,-5.05E-1));
#1316=LINE('',#1315,#1314);
#1317=DIRECTION('',(6.427876096865E-1,0.E0,7.660444431190E-1));
#1318=VECTOR('',#1317,8.738466164865E-2);
#1319=CARTESIAN_POINT('',(-6.E-2,2.56E-1,-5.05E-1));
#1320=LINE('',#1319,#1318);
#1321=CARTESIAN_POINT('',(0.E0,2.56E-1,-4.412734035786E-1));
#1322=DIRECTION('',(0.E0,1.E0,0.E0));
#1323=DIRECTION('',(-7.660444431190E-1,0.E0,6.427876096865E-1));
#1324=AXIS2_PLACEMENT_3D('',#1321,#1322,#1323);
#1326=DIRECTION('',(6.427876096865E-1,0.E0,-7.660444431190E-1));
#1327=VECTOR('',#1326,8.738466164865E-2);
#1328=CARTESIAN_POINT('',(3.830222215595E-3,2.56E-1,-4.380594655302E-1));
#1329=LINE('',#1328,#1327);
#1330=DIRECTION('',(1.E0,0.E0,0.E0));
#1331=VECTOR('',#1330,2.156E-1);
#1332=CARTESIAN_POINT('',(6.E-2,2.56E-1,-5.05E-1));
#1333=LINE('',#1332,#1331);
#1334=DIRECTION('',(1.E0,0.E0,0.E0));
#1335=VECTOR('',#1334,2.156E-1);
#1336=CARTESIAN_POINT('',(-2.756E-1,2.56E-1,-5.05E-1));
#1337=LINE('',#1336,#1335);
#1338=DIRECTION('',(6.427876096866E-1,0.E0,7.660444431190E-1));
#1339=VECTOR('',#1338,2.610814578664E-3);
#1340=CARTESIAN_POINT('',(-6.E-2,2.434E-1,-5.05E-1));
#1341=LINE('',#1340,#1339);
#1342=DIRECTION('',(0.E0,-1.E0,0.E0));
#1343=VECTOR('',#1342,1.26E-2);
#1344=CARTESIAN_POINT('',(-3.830222215595E-3,2.56E-1,-4.380594655302E-1));
#1345=LINE('',#1344,#1343);
#1346=DIRECTION('',(0.E0,1.E0,0.E0));
#1347=VECTOR('',#1346,4.52E-2);
#1348=CARTESIAN_POINT('',(2.756E-1,3.16E-2,-3.7E-1));
#1349=LINE('',#1348,#1347);
#1350=DIRECTION('',(0.E0,0.E0,-1.E0));
#1351=VECTOR('',#1350,1.35E-1);
#1352=CARTESIAN_POINT('',(2.756E-1,3.16E-2,-3.7E-1));
#1353=LINE('',#1352,#1351);
#1354=DIRECTION('',(0.E0,1.E0,0.E0));
#1355=VECTOR('',#1354,2.728E-1);
#1356=CARTESIAN_POINT('',(2.756E-1,-2.412E-1,-5.05E-1));
#1357=LINE('',#1356,#1355);
#1358=DIRECTION('',(0.E0,1.E0,0.E0));
#1359=VECTOR('',#1358,1.128E-1);
#1360=CARTESIAN_POINT('',(2.756E-1,-3.54E-1,-2.57E-1));
#1361=LINE('',#1360,#1359);
#1362=DIRECTION('',(0.E0,8.660254037844E-1,-5.E-1));
#1363=VECTOR('',#1362,4.618802153517E-2);
#1364=CARTESIAN_POINT('',(2.756E-1,-3.94E-1,-2.339059892324E-1));
#1365=LINE('',#1364,#1363);
#1366=DIRECTION('',(0.E0,0.E0,-1.E0));
#1367=VECTOR('',#1366,3.381197846483E-2);
#1368=CARTESIAN_POINT('',(2.756E-1,-3.94E-1,-2.000940107676E-1));
#1369=LINE('',#1368,#1367);
#1370=DIRECTION('',(0.E0,-8.660254037844E-1,-5.E-1));
#1371=VECTOR('',#1370,4.618802153517E-2);
#1372=CARTESIAN_POINT('',(2.756E-1,-3.54E-1,-1.77E-1));
#1373=LINE('',#1372,#1371);
#1374=DIRECTION('',(0.E0,-1.E0,0.E0));
#1375=VECTOR('',#1374,1.128E-1);
#1376=CARTESIAN_POINT('',(2.756E-1,-2.412E-1,-1.77E-1));
#1377=LINE('',#1376,#1375);
#1378=DIRECTION('',(0.E0,-1.E0,0.E0));
#1379=VECTOR('',#1378,4.972E-1);
#1380=CARTESIAN_POINT('',(2.756E-1,2.56E-1,0.E0));
#1381=LINE('',#1380,#1379);
#1382=DIRECTION('',(0.E0,0.E0,1.E0));
#1383=VECTOR('',#1382,5.05E-1);
#1384=CARTESIAN_POINT('',(2.756E-1,2.56E-1,-5.05E-1));
#1385=LINE('',#1384,#1383);
#1386=DIRECTION('',(0.E0,1.E0,0.E0));
#1387=VECTOR('',#1386,1.792E-1);
#1388=CARTESIAN_POINT('',(2.756E-1,7.68E-2,-5.05E-1));
#1389=LINE('',#1388,#1387);
#1390=DIRECTION('',(0.E0,0.E0,-1.E0));
#1391=VECTOR('',#1390,1.35E-1);
#1392=CARTESIAN_POINT('',(2.756E-1,7.68E-2,-3.7E-1));
#1393=LINE('',#1392,#1391);
#1394=DIRECTION('',(0.E0,0.E0,1.E0));
#1395=VECTOR('',#1394,1.35E-1);
#1396=CARTESIAN_POINT('',(2.53E-1,5.42E-2,-5.05E-1));
#1397=LINE('',#1396,#1395);
#1398=DIRECTION('',(-1.E0,0.E0,0.E0));
#1399=VECTOR('',#1398,1.26E-2);
#1400=CARTESIAN_POINT('',(2.756E-1,-3.54E-1,-2.57E-1));
#1401=LINE('',#1400,#1399);
#1402=DIRECTION('',(0.E0,-1.E0,0.E0));
#1403=VECTOR('',#1402,1.128E-1);
#1404=CARTESIAN_POINT('',(2.63E-1,-2.412E-1,-1.77E-1));
#1405=LINE('',#1404,#1403);
#1406=DIRECTION('',(0.E0,-8.660254037844E-1,-5.E-1));
#1407=VECTOR('',#1406,4.618802153517E-2);
#1408=CARTESIAN_POINT('',(2.63E-1,-3.54E-1,-1.77E-1));
#1409=LINE('',#1408,#1407);
#1410=DIRECTION('',(0.E0,0.E0,-1.E0));
#1411=VECTOR('',#1410,3.381197846483E-2);
#1412=CARTESIAN_POINT('',(2.63E-1,-3.94E-1,-2.000940107676E-1));
#1413=LINE('',#1412,#1411);
#1414=DIRECTION('',(0.E0,8.660254037844E-1,-5.E-1));
#1415=VECTOR('',#1414,4.618802153517E-2);
#1416=CARTESIAN_POINT('',(2.63E-1,-3.94E-1,-2.339059892324E-1));
#1417=LINE('',#1416,#1415);
#1418=DIRECTION('',(0.E0,1.E0,0.E0));
#1419=VECTOR('',#1418,1.128E-1);
#1420=CARTESIAN_POINT('',(2.63E-1,-3.54E-1,-2.57E-1));
#1421=LINE('',#1420,#1419);
#1422=DIRECTION('',(-1.E0,0.E0,0.E0));
#1423=VECTOR('',#1422,1.26E-2);
#1424=CARTESIAN_POINT('',(2.756E-1,-3.54E-1,-1.77E-1));
#1425=LINE('',#1424,#1423);
#1426=DIRECTION('',(-1.E0,0.E0,0.E0));
#1427=VECTOR('',#1426,1.26E-2);
#1428=CARTESIAN_POINT('',(2.756E-1,-3.94E-1,-2.000940107676E-1));
#1429=LINE('',#1428,#1427);
#1430=DIRECTION('',(-1.E0,0.E0,0.E0));
#1431=VECTOR('',#1430,1.26E-2);
#1432=CARTESIAN_POINT('',(2.756E-1,-3.94E-1,-2.339059892324E-1));
#1433=LINE('',#1432,#1431);
#1434=DIRECTION('',(1.E0,0.E0,0.E0));
#1435=VECTOR('',#1434,7.E-2);
#1436=CARTESIAN_POINT('',(-3.5E-2,1.13E-1,0.E0));
#1437=LINE('',#1436,#1435);
#1438=DIRECTION('',(0.E0,1.E0,0.E0));
#1439=VECTOR('',#1438,3.953606131010E-2);
#1440=CARTESIAN_POINT('',(3.5E-2,1.13E-1,0.E0));
#1441=LINE('',#1440,#1439);
#1442=DIRECTION('',(-1.E0,0.E0,0.E0));
#1443=VECTOR('',#1442,4.147231869195E-2);
#1444=CARTESIAN_POINT('',(1.399723186919E-1,-7.E-2,0.E0));
#1445=LINE('',#1444,#1443);
#1446=DIRECTION('',(0.E0,-1.E0,0.E0));
#1447=VECTOR('',#1446,5.161414391427E-2);
#1448=CARTESIAN_POINT('',(9.85E-2,-7.E-2,0.E0));
#1449=LINE('',#1448,#1447);
#1450=CARTESIAN_POINT('',(0.E0,0.E0,0.E0));
#1451=DIRECTION('',(0.E0,0.E0,1.E0));
#1452=DIRECTION('',(-6.293929712460E-1,-7.770871815608E-1,0.E0));
#1453=AXIS2_PLACEMENT_3D('',#1450,#1451,#1452);
#1455=DIRECTION('',(0.E0,1.E0,0.E0));
#1456=VECTOR('',#1455,5.161414391427E-2);
#1457=CARTESIAN_POINT('',(-9.85E-2,-1.216141439143E-1,0.E0));
#1458=LINE('',#1457,#1456);
#1459=DIRECTION('',(-1.E0,0.E0,0.E0));
#1460=VECTOR('',#1459,4.147231869195E-2);
#1461=CARTESIAN_POINT('',(-9.85E-2,-7.E-2,0.E0));
#1462=LINE('',#1461,#1460);
#1463=DIRECTION('',(0.E0,-1.E0,0.E0));
#1464=VECTOR('',#1463,3.953606131010E-2);
#1465=CARTESIAN_POINT('',(-3.5E-2,1.525360613101E-1,0.E0));
#1466=LINE('',#1465,#1464);
#1467=DIRECTION('',(0.E0,-1.E0,0.E0));
#1468=VECTOR('',#1467,8.6E-2);
#1469=CARTESIAN_POINT('',(-2.8E-2,8.6E-2,0.E0));
#1470=LINE('',#1469,#1468);
#1471=DIRECTION('',(1.E0,0.E0,0.E0));
#1472=VECTOR('',#1471,5.6E-2);
#1473=CARTESIAN_POINT('',(-2.8E-2,0.E0,0.E0));
#1474=LINE('',#1473,#1472);
#1475=DIRECTION('',(0.E0,1.E0,0.E0));
#1476=VECTOR('',#1475,8.6E-2);
#1477=CARTESIAN_POINT('',(2.8E-2,0.E0,0.E0));
#1478=LINE('',#1477,#1476);
#1479=DIRECTION('',(-1.E0,0.E0,0.E0));
#1480=VECTOR('',#1479,5.6E-2);
#1481=CARTESIAN_POINT('',(2.8E-2,8.6E-2,0.E0));
#1482=LINE('',#1481,#1480);
#1483=CARTESIAN_POINT('',(3.95E-2,-9.4E-2,0.E0));
#1484=DIRECTION('',(0.E0,0.E0,-1.E0));
#1485=DIRECTION('',(0.E0,1.E0,0.E0));
#1486=AXIS2_PLACEMENT_3D('',#1483,#1484,#1485);
#1488=CARTESIAN_POINT('',(3.95E-2,-9.4E-2,0.E0));
#1489=DIRECTION('',(0.E0,0.E0,-1.E0));
#1490=DIRECTION('',(0.E0,-1.E0,0.E0));
#1491=AXIS2_PLACEMENT_3D('',#1488,#1489,#1490);
#1493=CARTESIAN_POINT('',(-3.95E-2,-9.4E-2,0.E0));
#1494=DIRECTION('',(0.E0,0.E0,-1.E0));
#1495=DIRECTION('',(0.E0,1.E0,0.E0));
#1496=AXIS2_PLACEMENT_3D('',#1493,#1494,#1495);
#1498=CARTESIAN_POINT('',(-3.95E-2,-9.4E-2,0.E0));
#1499=DIRECTION('',(0.E0,0.E0,-1.E0));
#1500=DIRECTION('',(0.E0,-1.E0,0.E0));
#1501=AXIS2_PLACEMENT_3D('',#1498,#1499,#1500);
#1503=CARTESIAN_POINT('',(7.85E-2,6.3E-2,0.E0));
#1504=DIRECTION('',(0.E0,0.E0,-1.E0));
#1505=DIRECTION('',(0.E0,1.E0,0.E0));
#1506=AXIS2_PLACEMENT_3D('',#1503,#1504,#1505);
#1508=CARTESIAN_POINT('',(7.85E-2,6.3E-2,0.E0));
#1509=DIRECTION('',(0.E0,0.E0,-1.E0));
#1510=DIRECTION('',(0.E0,-1.E0,0.E0));
#1511=AXIS2_PLACEMENT_3D('',#1508,#1509,#1510);
#1513=CARTESIAN_POINT('',(-7.85E-2,6.3E-2,0.E0));
#1514=DIRECTION('',(0.E0,0.E0,-1.E0));
#1515=DIRECTION('',(0.E0,1.E0,0.E0));
#1516=AXIS2_PLACEMENT_3D('',#1513,#1514,#1515);
#1518=CARTESIAN_POINT('',(-7.85E-2,6.3E-2,0.E0));
#1519=DIRECTION('',(0.E0,0.E0,-1.E0));
#1520=DIRECTION('',(0.E0,-1.E0,0.E0));
#1521=AXIS2_PLACEMENT_3D('',#1518,#1519,#1520);
#1523=CARTESIAN_POINT('',(9.85E-2,-1.6E-2,0.E0));
#1524=DIRECTION('',(0.E0,0.E0,-1.E0));
#1525=DIRECTION('',(0.E0,-1.E0,0.E0));
#1526=AXIS2_PLACEMENT_3D('',#1523,#1524,#1525);
#1528=CARTESIAN_POINT('',(9.85E-2,-1.6E-2,0.E0));
#1529=DIRECTION('',(0.E0,0.E0,-1.E0));
#1530=DIRECTION('',(0.E0,1.E0,0.E0));
#1531=AXIS2_PLACEMENT_3D('',#1528,#1529,#1530);
#1533=CARTESIAN_POINT('',(-9.85E-2,-1.6E-2,0.E0));
#1534=DIRECTION('',(0.E0,0.E0,-1.E0));
#1535=DIRECTION('',(0.E0,-1.E0,0.E0));
#1536=AXIS2_PLACEMENT_3D('',#1533,#1534,#1535);
#1538=CARTESIAN_POINT('',(-9.85E-2,-1.6E-2,0.E0));
#1539=DIRECTION('',(0.E0,0.E0,-1.E0));
#1540=DIRECTION('',(0.E0,1.E0,0.E0));
#1541=AXIS2_PLACEMENT_3D('',#1538,#1539,#1540);
#1543=CARTESIAN_POINT('',(0.E0,0.E0,0.E0));
#1544=DIRECTION('',(0.E0,0.E0,-1.E0));
#1545=DIRECTION('',(-1.E0,0.E0,0.E0));
#1546=AXIS2_PLACEMENT_3D('',#1543,#1544,#1545);
#1548=CARTESIAN_POINT('',(0.E0,0.E0,0.E0));
#1549=DIRECTION('',(0.E0,0.E0,-1.E0));
#1550=DIRECTION('',(1.E0,0.E0,0.E0));
#1551=AXIS2_PLACEMENT_3D('',#1548,#1549,#1550);
#1553=DIRECTION('',(1.E0,0.E0,0.E0));
#1554=VECTOR('',#1553,7.5E-2);
#1555=CARTESIAN_POINT('',(-3.75E-2,-2.312E-1,0.E0));
#1556=LINE('',#1555,#1554);
#1557=DIRECTION('',(0.E0,1.E0,0.E0));
#1558=VECTOR('',#1557,9.2E-3);
#1559=CARTESIAN_POINT('',(-3.75E-2,-2.312E-1,0.E0));
#1560=LINE('',#1559,#1558);
#1561=DIRECTION('',(-1.E0,0.E0,0.E0));
#1562=VECTOR('',#1561,6.3E-3);
#1563=CARTESIAN_POINT('',(-3.75E-2,-2.22E-1,0.E0));
#1564=LINE('',#1563,#1562);
#1565=DIRECTION('',(0.E0,1.E0,0.E0));
#1566=VECTOR('',#1565,1.92E-2);
#1567=CARTESIAN_POINT('',(-4.38E-2,-2.412E-1,0.E0));
#1568=LINE('',#1567,#1566);
#1569=DIRECTION('',(1.E0,0.E0,0.E0));
#1570=VECTOR('',#1569,5.512E-1);
#1571=CARTESIAN_POINT('',(-2.756E-1,2.56E-1,0.E0));
#1572=LINE('',#1571,#1570);
#1573=DIRECTION('',(0.E0,1.E0,0.E0));
#1574=VECTOR('',#1573,1.92E-2);
#1575=CARTESIAN_POINT('',(4.38E-2,-2.412E-1,0.E0));
#1576=LINE('',#1575,#1574);
#1577=DIRECTION('',(-1.E0,0.E0,0.E0));
#1578=VECTOR('',#1577,6.3E-3);
#1579=CARTESIAN_POINT('',(4.38E-2,-2.22E-1,0.E0));
#1580=LINE('',#1579,#1578);
#1581=DIRECTION('',(0.E0,1.E0,0.E0));
#1582=VECTOR('',#1581,9.2E-3);
#1583=CARTESIAN_POINT('',(3.75E-2,-2.312E-1,0.E0));
#1584=LINE('',#1583,#1582);
#1585=DIRECTION('',(0.E0,0.E0,-1.E0));
#1586=VECTOR('',#1585,2.5E-1);
#1587=CARTESIAN_POINT('',(-3.5E-2,1.13E-1,0.E0));
#1588=LINE('',#1587,#1586);
#1589=DIRECTION('',(0.E0,0.E0,-1.E0));
#1590=VECTOR('',#1589,2.5E-1);
#1591=CARTESIAN_POINT('',(-3.5E-2,1.525360613101E-1,0.E0));
#1592=LINE('',#1591,#1590);
#1593=DIRECTION('',(0.E0,0.E0,1.E0));
#1594=VECTOR('',#1593,2.5E-1);
#1595=CARTESIAN_POINT('',(9.85E-2,-1.216141439143E-1,-2.5E-1));
#1596=LINE('',#1595,#1594);
#1597=CARTESIAN_POINT('',(0.E0,0.E0,-2.5E-1));
#1598=DIRECTION('',(0.E0,0.E0,-1.E0));
#1599=DIRECTION('',(6.293929712460E-1,-7.770871815608E-1,0.E0));
#1600=AXIS2_PLACEMENT_3D('',#1597,#1598,#1599);
#1602=DIRECTION('',(0.E0,0.E0,1.E0));
#1603=VECTOR('',#1602,2.5E-1);
#1604=CARTESIAN_POINT('',(-9.85E-2,-1.216141439143E-1,-2.5E-1));
#1605=LINE('',#1604,#1603);
#1606=CARTESIAN_POINT('',(0.E0,0.E0,0.E0));
#1607=DIRECTION('',(0.E0,0.E0,1.E0));
#1608=DIRECTION('',(-2.236421725240E-1,9.746713182754E-1,0.E0));
#1609=AXIS2_PLACEMENT_3D('',#1606,#1607,#1608);
#1611=DIRECTION('',(0.E0,0.E0,1.E0));
#1612=VECTOR('',#1611,2.5E-1);
#1613=CARTESIAN_POINT('',(-1.399723186919E-1,-7.E-2,-2.5E-1));
#1614=LINE('',#1613,#1612);
#1615=CARTESIAN_POINT('',(0.E0,0.E0,-2.5E-1));
#1616=DIRECTION('',(0.E0,0.E0,-1.E0));
#1617=DIRECTION('',(-8.943918127281E-1,-4.472843450479E-1,0.E0));
#1618=AXIS2_PLACEMENT_3D('',#1615,#1616,#1617);
#1620=CARTESIAN_POINT('',(0.E0,0.E0,-2.5E-1));
#1621=DIRECTION('',(0.E0,0.E0,-1.E0));
#1622=DIRECTION('',(2.236421725240E-1,9.746713182754E-1,0.E0));
#1623=AXIS2_PLACEMENT_3D('',#1620,#1621,#1622);
#1625=DIRECTION('',(0.E0,0.E0,1.E0));
#1626=VECTOR('',#1625,2.5E-1);
#1627=CARTESIAN_POINT('',(1.399723186919E-1,-7.E-2,-2.5E-1));
#1628=LINE('',#1627,#1626);
#1629=CARTESIAN_POINT('',(0.E0,0.E0,0.E0));
#1630=DIRECTION('',(0.E0,0.E0,1.E0));
#1631=DIRECTION('',(8.943918127281E-1,-4.472843450479E-1,0.E0));
#1632=AXIS2_PLACEMENT_3D('',#1629,#1630,#1631);
#1634=DIRECTION('',(0.E0,0.E0,-1.E0));
#1635=VECTOR('',#1634,2.5E-1);
#1636=CARTESIAN_POINT('',(9.85E-2,-7.E-2,0.E0));
#1637=LINE('',#1636,#1635);
#1638=CARTESIAN_POINT('',(0.E0,0.E0,-2.5E-1));
#1639=DIRECTION('',(0.E0,0.E0,-1.E0));
#1640=DIRECTION('',(1.E0,0.E0,0.E0));
#1641=AXIS2_PLACEMENT_3D('',#1638,#1639,#1640);
#1643=CARTESIAN_POINT('',(0.E0,0.E0,-2.5E-1));
#1644=DIRECTION('',(0.E0,0.E0,1.E0));
#1645=DIRECTION('',(1.E0,0.E0,0.E0));
#1646=AXIS2_PLACEMENT_3D('',#1643,#1644,#1645);
#1648=DIRECTION('',(0.E0,1.E0,0.E0));
#1649=VECTOR('',#1648,3.953606131010E-2);
#1650=CARTESIAN_POINT('',(3.5E-2,1.13E-1,-2.5E-1));
#1651=LINE('',#1650,#1649);
#1652=DIRECTION('',(1.E0,0.E0,0.E0));
#1653=VECTOR('',#1652,7.E-2);
#1654=CARTESIAN_POINT('',(-3.5E-2,1.13E-1,-2.5E-1));
#1655=LINE('',#1654,#1653);
#1656=DIRECTION('',(0.E0,-1.E0,0.E0));
#1657=VECTOR('',#1656,3.953606131010E-2);
#1658=CARTESIAN_POINT('',(-3.5E-2,1.525360613101E-1,-2.5E-1));
#1659=LINE('',#1658,#1657);
#1660=DIRECTION('',(-1.E0,0.E0,0.E0));
#1661=VECTOR('',#1660,4.147231869195E-2);
#1662=CARTESIAN_POINT('',(-9.85E-2,-7.E-2,-2.5E-1));
#1663=LINE('',#1662,#1661);
#1664=DIRECTION('',(0.E0,1.E0,0.E0));
#1665=VECTOR('',#1664,5.161414391427E-2);
#1666=CARTESIAN_POINT('',(-9.85E-2,-1.216141439143E-1,-2.5E-1));
#1667=LINE('',#1666,#1665);
#1668=DIRECTION('',(0.E0,-1.E0,0.E0));
#1669=VECTOR('',#1668,5.161414391427E-2);
#1670=CARTESIAN_POINT('',(9.85E-2,-7.E-2,-2.5E-1));
#1671=LINE('',#1670,#1669);
#1672=DIRECTION('',(-1.E0,0.E0,0.E0));
#1673=VECTOR('',#1672,4.147231869195E-2);
#1674=CARTESIAN_POINT('',(1.399723186919E-1,-7.E-2,-2.5E-1));
#1675=LINE('',#1674,#1673);
#1676=CARTESIAN_POINT('',(0.E0,0.E0,-3.2E-2));
#1677=DIRECTION('',(0.E0,0.E0,-1.E0));
#1678=DIRECTION('',(1.E0,0.E0,0.E0));
#1679=AXIS2_PLACEMENT_3D('',#1676,#1677,#1678);
#1681=DIRECTION('',(0.E0,8.869988276922E-12,-1.E0));
#1682=VECTOR('',#1681,2.18E-1);
#1683=CARTESIAN_POINT('',(-1.7E-1,-1.933671323241E-12,-3.2E-2));
#1684=LINE('',#1683,#1682);
#1685=DIRECTION('',(0.E0,-8.869894277713E-12,-1.E0));
#1686=VECTOR('',#1685,2.18E-1);
#1687=CARTESIAN_POINT('',(1.7E-1,1.933650831413E-12,-3.2E-2));
#1688=LINE('',#1687,#1686);
#1689=CARTESIAN_POINT('',(2.02E-1,2.028494559825E-13,-3.2E-2));
#1690=DIRECTION('',(1.004205399391E-12,-1.E0,0.E0));
#1691=DIRECTION('',(-1.571659469235E-12,0.E0,1.E0));
#1692=AXIS2_PLACEMENT_3D('',#1689,#1690,#1691);
#1694=CARTESIAN_POINT('',(-2.02E-1,-2.027974142782E-13,-3.2E-2));
#1695=DIRECTION('',(-1.003946925593E-12,1.E0,0.E0));
#1696=DIRECTION('',(1.573394192711E-12,0.E0,1.E0));
#1697=AXIS2_PLACEMENT_3D('',#1694,#1695,#1696);
#1699=CARTESIAN_POINT('',(0.E0,0.E0,-3.2E-2));
#1700=DIRECTION('',(0.E0,0.E0,-1.E0));
#1701=DIRECTION('',(-1.E0,0.E0,0.E0));
#1702=AXIS2_PLACEMENT_3D('',#1699,#1700,#1701);
#1704=DIRECTION('',(0.E0,0.E0,-1.E0));
#1705=VECTOR('',#1704,2.5E-1);
#1706=CARTESIAN_POINT('',(3.5E-2,1.13E-1,0.E0));
#1707=LINE('',#1706,#1705);
#1708=DIRECTION('',(0.E0,0.E0,1.E0));
#1709=VECTOR('',#1708,2.5E-1);
#1710=CARTESIAN_POINT('',(3.5E-2,1.525360613101E-1,-2.5E-1));
#1711=LINE('',#1710,#1709);
#1712=DIRECTION('',(0.E0,0.E0,-1.E0));
#1713=VECTOR('',#1712,2.5E-1);
#1714=CARTESIAN_POINT('',(-9.85E-2,-7.E-2,0.E0));
#1715=LINE('',#1714,#1713);
#1716=DIRECTION('',(0.E0,0.E0,-1.E0));
#1717=VECTOR('',#1716,2.5E-1);
#1718=CARTESIAN_POINT('',(-2.8E-2,8.6E-2,0.E0));
#1719=LINE('',#1718,#1717);
#1720=DIRECTION('',(0.E0,0.E0,-1.E0));
#1721=VECTOR('',#1720,2.5E-1);
#1722=CARTESIAN_POINT('',(2.8E-2,8.6E-2,0.E0));
#1723=LINE('',#1722,#1721);
#1724=DIRECTION('',(0.E0,0.E0,-1.E0));
#1725=VECTOR('',#1724,2.5E-1);
#1726=CARTESIAN_POINT('',(2.8E-2,0.E0,0.E0));
#1727=LINE('',#1726,#1725);
#1728=DIRECTION('',(0.E0,0.E0,-1.E0));
#1729=VECTOR('',#1728,2.5E-1);
#1730=CARTESIAN_POINT('',(-2.8E-2,0.E0,0.E0));
#1731=LINE('',#1730,#1729);
#1732=DIRECTION('',(0.E0,-1.E0,0.E0));
#1733=VECTOR('',#1732,8.6E-2);
#1734=CARTESIAN_POINT('',(-2.8E-2,8.6E-2,-2.5E-1));
#1735=LINE('',#1734,#1733);
#1736=DIRECTION('',(-1.E0,0.E0,0.E0));
#1737=VECTOR('',#1736,5.6E-2);
#1738=CARTESIAN_POINT('',(2.8E-2,8.6E-2,-2.5E-1));
#1739=LINE('',#1738,#1737);
#1740=DIRECTION('',(0.E0,1.E0,0.E0));
#1741=VECTOR('',#1740,8.6E-2);
#1742=CARTESIAN_POINT('',(2.8E-2,0.E0,-2.5E-1));
#1743=LINE('',#1742,#1741);
#1744=DIRECTION('',(1.E0,0.E0,0.E0));
#1745=VECTOR('',#1744,5.6E-2);
#1746=CARTESIAN_POINT('',(-2.8E-2,0.E0,-2.5E-1));
#1747=LINE('',#1746,#1745);
#1748=CARTESIAN_POINT('',(3.95E-2,-9.4E-2,-8.E-3));
#1749=DIRECTION('',(0.E0,0.E0,1.E0));
#1750=DIRECTION('',(0.E0,-1.E0,0.E0));
#1751=AXIS2_PLACEMENT_3D('',#1748,#1749,#1750);
#1753=DIRECTION('',(0.E0,0.E0,1.E0));
#1754=VECTOR('',#1753,8.E-3);
#1755=CARTESIAN_POINT('',(3.95E-2,-6.25E-2,-8.E-3));
#1756=LINE('',#1755,#1754);
#1757=CARTESIAN_POINT('',(3.95E-2,-9.4E-2,-8.E-3));
#1758=DIRECTION('',(0.E0,0.E0,-1.E0));
#1759=DIRECTION('',(0.E0,-1.E0,0.E0));
#1760=AXIS2_PLACEMENT_3D('',#1757,#1758,#1759);
#1762=DIRECTION('',(0.E0,0.E0,1.E0));
#1763=VECTOR('',#1762,8.E-3);
#1764=CARTESIAN_POINT('',(3.95E-2,-1.255E-1,-8.E-3));
#1765=LINE('',#1764,#1763);
#1766=DIRECTION('',(0.E0,-7.071067811865E-1,-7.071067811865E-1));
#1767=VECTOR('',#1766,2.474873734153E-2);
#1768=CARTESIAN_POINT('',(3.95E-2,-6.25E-2,-8.E-3));
#1769=LINE('',#1768,#1767);
#1770=CARTESIAN_POINT('',(3.95E-2,-9.4E-2,-2.55E-2));
#1771=DIRECTION('',(0.E0,0.E0,-1.E0));
#1772=DIRECTION('',(0.E0,-1.E0,0.E0));
#1773=AXIS2_PLACEMENT_3D('',#1770,#1771,#1772);
#1775=DIRECTION('',(0.E0,7.071067811865E-1,-7.071067811865E-1));
#1776=VECTOR('',#1775,2.474873734153E-2);
#1777=CARTESIAN_POINT('',(3.95E-2,-1.255E-1,-8.E-3));
#1778=LINE('',#1777,#1776);
#1779=CARTESIAN_POINT('',(3.95E-2,-9.4E-2,-2.55E-2));
#1780=DIRECTION('',(0.E0,0.E0,1.E0));
#1781=DIRECTION('',(0.E0,-1.E0,0.E0));
#1782=AXIS2_PLACEMENT_3D('',#1779,#1780,#1781);
#1784=CARTESIAN_POINT('',(3.95E-2,-9.4E-2,-4.E-2));
#1785=DIRECTION('',(0.E0,0.E0,1.E0));
#1786=DIRECTION('',(0.E0,-1.E0,0.E0));
#1787=AXIS2_PLACEMENT_3D('',#1784,#1785,#1786);
#1789=DIRECTION('',(0.E0,0.E0,-1.E0));
#1790=VECTOR('',#1789,1.45E-2);
#1791=CARTESIAN_POINT('',(3.95E-2,-8.E-2,-2.55E-2));
#1792=LINE('',#1791,#1790);
#1793=CARTESIAN_POINT('',(3.95E-2,-9.4E-2,-4.E-2));
#1794=DIRECTION('',(0.E0,0.E0,-1.E0));
#1795=DIRECTION('',(0.E0,-1.E0,0.E0));
#1796=AXIS2_PLACEMENT_3D('',#1793,#1794,#1795);
#1798=DIRECTION('',(0.E0,0.E0,-1.E0));
#1799=VECTOR('',#1798,1.45E-2);
#1800=CARTESIAN_POINT('',(3.95E-2,-1.08E-1,-2.55E-2));
#1801=LINE('',#1800,#1799);
#1802=CARTESIAN_POINT('',(-3.95E-2,-9.4E-2,-8.E-3));
#1803=DIRECTION('',(0.E0,0.E0,-1.E0));
#1804=DIRECTION('',(0.E0,1.E0,0.E0));
#1805=AXIS2_PLACEMENT_3D('',#1802,#1803,#1804);
#1807=DIRECTION('',(0.E0,0.E0,1.E0));
#1808=VECTOR('',#1807,8.E-3);
#1809=CARTESIAN_POINT('',(-3.95E-2,-6.25E-2,-8.E-3));
#1810=LINE('',#1809,#1808);
#1811=CARTESIAN_POINT('',(-3.95E-2,-9.4E-2,-8.E-3));
#1812=DIRECTION('',(0.E0,0.E0,1.E0));
#1813=DIRECTION('',(0.E0,1.E0,0.E0));
#1814=AXIS2_PLACEMENT_3D('',#1811,#1812,#1813);
#1816=DIRECTION('',(0.E0,0.E0,1.E0));
#1817=VECTOR('',#1816,8.E-3);
#1818=CARTESIAN_POINT('',(-3.95E-2,-1.255E-1,-8.E-3));
#1819=LINE('',#1818,#1817);
#1820=DIRECTION('',(0.E0,7.071067811865E-1,7.071067811865E-1));
#1821=VECTOR('',#1820,2.474873734153E-2);
#1822=CARTESIAN_POINT('',(-3.95E-2,-8.E-2,-2.55E-2));
#1823=LINE('',#1822,#1821);
#1824=CARTESIAN_POINT('',(-3.95E-2,-9.4E-2,-2.55E-2));
#1825=DIRECTION('',(0.E0,0.E0,1.E0));
#1826=DIRECTION('',(0.E0,1.E0,0.E0));
#1827=AXIS2_PLACEMENT_3D('',#1824,#1825,#1826);
#1829=DIRECTION('',(0.E0,-7.071067811865E-1,7.071067811865E-1));
#1830=VECTOR('',#1829,2.474873734153E-2);
#1831=CARTESIAN_POINT('',(-3.95E-2,-1.08E-1,-2.55E-2));
#1832=LINE('',#1831,#1830);
#1833=CARTESIAN_POINT('',(-3.95E-2,-9.4E-2,-2.55E-2));
#1834=DIRECTION('',(0.E0,0.E0,-1.E0));
#1835=DIRECTION('',(0.E0,1.E0,0.E0));
#1836=AXIS2_PLACEMENT_3D('',#1833,#1834,#1835);
#1838=CARTESIAN_POINT('',(-3.95E-2,-9.4E-2,-4.E-2));
#1839=DIRECTION('',(0.E0,0.E0,-1.E0));
#1840=DIRECTION('',(0.E0,1.E0,0.E0));
#1841=AXIS2_PLACEMENT_3D('',#1838,#1839,#1840);
#1843=DIRECTION('',(0.E0,0.E0,1.E0));
#1844=VECTOR('',#1843,1.45E-2);
#1845=CARTESIAN_POINT('',(-3.95E-2,-8.E-2,-4.E-2));
#1846=LINE('',#1845,#1844);
#1847=CARTESIAN_POINT('',(-3.95E-2,-9.4E-2,-4.E-2));
#1848=DIRECTION('',(0.E0,0.E0,1.E0));
#1849=DIRECTION('',(0.E0,1.E0,0.E0));
#1850=AXIS2_PLACEMENT_3D('',#1847,#1848,#1849);
#1852=DIRECTION('',(0.E0,0.E0,1.E0));
#1853=VECTOR('',#1852,1.45E-2);
#1854=CARTESIAN_POINT('',(-3.95E-2,-1.08E-1,-4.E-2));
#1855=LINE('',#1854,#1853);
#1856=CARTESIAN_POINT('',(7.85E-2,6.3E-2,-8.E-3));
#1857=DIRECTION('',(0.E0,0.E0,-1.E0));
#1858=DIRECTION('',(0.E0,1.E0,0.E0));
#1859=AXIS2_PLACEMENT_3D('',#1856,#1857,#1858);
#1861=DIRECTION('',(0.E0,0.E0,1.E0));
#1862=VECTOR('',#1861,8.E-3);
#1863=CARTESIAN_POINT('',(7.85E-2,9.45E-2,-8.E-3));
#1864=LINE('',#1863,#1862);
#1865=CARTESIAN_POINT('',(7.85E-2,6.3E-2,-8.E-3));
#1866=DIRECTION('',(0.E0,0.E0,1.E0));
#1867=DIRECTION('',(0.E0,1.E0,0.E0));
#1868=AXIS2_PLACEMENT_3D('',#1865,#1866,#1867);
#1870=DIRECTION('',(0.E0,0.E0,1.E0));
#1871=VECTOR('',#1870,8.E-3);
#1872=CARTESIAN_POINT('',(7.85E-2,3.15E-2,-8.E-3));
#1873=LINE('',#1872,#1871);
#1874=DIRECTION('',(0.E0,7.071067811865E-1,7.071067811865E-1));
#1875=VECTOR('',#1874,2.474873734153E-2);
#1876=CARTESIAN_POINT('',(7.85E-2,7.7E-2,-2.55E-2));
#1877=LINE('',#1876,#1875);
#1878=CARTESIAN_POINT('',(7.85E-2,6.3E-2,-2.55E-2));
#1879=DIRECTION('',(0.E0,0.E0,1.E0));
#1880=DIRECTION('',(0.E0,1.E0,0.E0));
#1881=AXIS2_PLACEMENT_3D('',#1878,#1879,#1880);
#1883=DIRECTION('',(0.E0,-7.071067811865E-1,7.071067811865E-1));
#1884=VECTOR('',#1883,2.474873734153E-2);
#1885=CARTESIAN_POINT('',(7.85E-2,4.9E-2,-2.55E-2));
#1886=LINE('',#1885,#1884);
#1887=CARTESIAN_POINT('',(7.85E-2,6.3E-2,-2.55E-2));
#1888=DIRECTION('',(0.E0,0.E0,-1.E0));
#1889=DIRECTION('',(0.E0,1.E0,0.E0));
#1890=AXIS2_PLACEMENT_3D('',#1887,#1888,#1889);
#1892=CARTESIAN_POINT('',(7.85E-2,6.3E-2,-4.E-2));
#1893=DIRECTION('',(0.E0,0.E0,-1.E0));
#1894=DIRECTION('',(0.E0,1.E0,0.E0));
#1895=AXIS2_PLACEMENT_3D('',#1892,#1893,#1894);
#1897=DIRECTION('',(0.E0,0.E0,1.E0));
#1898=VECTOR('',#1897,1.45E-2);
#1899=CARTESIAN_POINT('',(7.85E-2,7.7E-2,-4.E-2));
#1900=LINE('',#1899,#1898);
#1901=CARTESIAN_POINT('',(7.85E-2,6.3E-2,-4.E-2));
#1902=DIRECTION('',(0.E0,0.E0,1.E0));
#1903=DIRECTION('',(0.E0,1.E0,0.E0));
#1904=AXIS2_PLACEMENT_3D('',#1901,#1902,#1903);
#1906=DIRECTION('',(0.E0,0.E0,1.E0));
#1907=VECTOR('',#1906,1.45E-2);
#1908=CARTESIAN_POINT('',(7.85E-2,4.9E-2,-4.E-2));
#1909=LINE('',#1908,#1907);
#1910=CARTESIAN_POINT('',(-7.85E-2,6.3E-2,-8.E-3));
#1911=DIRECTION('',(0.E0,0.E0,-1.E0));
#1912=DIRECTION('',(0.E0,1.E0,0.E0));
#1913=AXIS2_PLACEMENT_3D('',#1910,#1911,#1912);
#1915=DIRECTION('',(0.E0,0.E0,1.E0));
#1916=VECTOR('',#1915,8.E-3);
#1917=CARTESIAN_POINT('',(-7.85E-2,9.45E-2,-8.E-3));
#1918=LINE('',#1917,#1916);
#1919=CARTESIAN_POINT('',(-7.85E-2,6.3E-2,-8.E-3));
#1920=DIRECTION('',(0.E0,0.E0,1.E0));
#1921=DIRECTION('',(0.E0,1.E0,0.E0));
#1922=AXIS2_PLACEMENT_3D('',#1919,#1920,#1921);
#1924=DIRECTION('',(0.E0,0.E0,1.E0));
#1925=VECTOR('',#1924,8.E-3);
#1926=CARTESIAN_POINT('',(-7.85E-2,3.15E-2,-8.E-3));
#1927=LINE('',#1926,#1925);
#1928=DIRECTION('',(0.E0,7.071067811865E-1,7.071067811865E-1));
#1929=VECTOR('',#1928,2.474873734153E-2);
#1930=CARTESIAN_POINT('',(-7.85E-2,7.7E-2,-2.55E-2));
#1931=LINE('',#1930,#1929);
#1932=CARTESIAN_POINT('',(-7.85E-2,6.3E-2,-2.55E-2));
#1933=DIRECTION('',(0.E0,0.E0,1.E0));
#1934=DIRECTION('',(0.E0,1.E0,0.E0));
#1935=AXIS2_PLACEMENT_3D('',#1932,#1933,#1934);
#1937=DIRECTION('',(0.E0,-7.071067811865E-1,7.071067811865E-1));
#1938=VECTOR('',#1937,2.474873734153E-2);
#1939=CARTESIAN_POINT('',(-7.85E-2,4.9E-2,-2.55E-2));
#1940=LINE('',#1939,#1938);
#1941=CARTESIAN_POINT('',(-7.85E-2,6.3E-2,-2.55E-2));
#1942=DIRECTION('',(0.E0,0.E0,-1.E0));
#1943=DIRECTION('',(0.E0,1.E0,0.E0));
#1944=AXIS2_PLACEMENT_3D('',#1941,#1942,#1943);
#1946=CARTESIAN_POINT('',(-7.85E-2,6.3E-2,-4.E-2));
#1947=DIRECTION('',(0.E0,0.E0,-1.E0));
#1948=DIRECTION('',(0.E0,1.E0,0.E0));
#1949=AXIS2_PLACEMENT_3D('',#1946,#1947,#1948);
#1951=DIRECTION('',(0.E0,0.E0,1.E0));
#1952=VECTOR('',#1951,1.45E-2);
#1953=CARTESIAN_POINT('',(-7.85E-2,7.7E-2,-4.E-2));
#1954=LINE('',#1953,#1952);
#1955=CARTESIAN_POINT('',(-7.85E-2,6.3E-2,-4.E-2));
#1956=DIRECTION('',(0.E0,0.E0,1.E0));
#1957=DIRECTION('',(0.E0,1.E0,0.E0));
#1958=AXIS2_PLACEMENT_3D('',#1955,#1956,#1957);
#1960=DIRECTION('',(0.E0,0.E0,1.E0));
#1961=VECTOR('',#1960,1.45E-2);
#1962=CARTESIAN_POINT('',(-7.85E-2,4.9E-2,-4.E-2));
#1963=LINE('',#1962,#1961);
#1964=DIRECTION('',(0.E0,0.E0,-1.E0));
#1965=VECTOR('',#1964,8.E-3);
#1966=CARTESIAN_POINT('',(9.85E-2,-4.75E-2,0.E0));
#1967=LINE('',#1966,#1965);
#1968=DIRECTION('',(0.E0,0.E0,-1.E0));
#1969=VECTOR('',#1968,8.E-3);
#1970=CARTESIAN_POINT('',(9.85E-2,1.55E-2,0.E0));
#1971=LINE('',#1970,#1969);
#1972=DIRECTION('',(0.E0,-7.071067811865E-1,7.071067811865E-1));
#1973=VECTOR('',#1972,2.474873734153E-2);
#1974=CARTESIAN_POINT('',(9.85E-2,-3.E-2,-2.55E-2));
#1975=LINE('',#1974,#1973);
#1976=DIRECTION('',(0.E0,7.071067811865E-1,7.071067811865E-1));
#1977=VECTOR('',#1976,2.474873734153E-2);
#1978=CARTESIAN_POINT('',(9.85E-2,-2.E-3,-2.55E-2));
#1979=LINE('',#1978,#1977);
#1980=CARTESIAN_POINT('',(9.85E-2,-1.6E-2,-8.E-3));
#1981=DIRECTION('',(0.E0,0.E0,-1.E0));
#1982=DIRECTION('',(0.E0,1.E0,0.E0));
#1983=AXIS2_PLACEMENT_3D('',#1980,#1981,#1982);
#1985=CARTESIAN_POINT('',(9.85E-2,-1.6E-2,-8.E-3));
#1986=DIRECTION('',(0.E0,0.E0,1.E0));
#1987=DIRECTION('',(0.E0,1.E0,0.E0));
#1988=AXIS2_PLACEMENT_3D('',#1985,#1986,#1987);
#1990=CARTESIAN_POINT('',(9.85E-2,-1.6E-2,-2.55E-2));
#1991=DIRECTION('',(0.E0,0.E0,1.E0));
#1992=DIRECTION('',(0.E0,1.E0,0.E0));
#1993=AXIS2_PLACEMENT_3D('',#1990,#1991,#1992);
#1995=DIRECTION('',(0.E0,0.E0,1.E0));
#1996=VECTOR('',#1995,1.45E-2);
#1997=CARTESIAN_POINT('',(9.85E-2,-3.E-2,-4.E-2));
#1998=LINE('',#1997,#1996);
#1999=DIRECTION('',(0.E0,0.E0,1.E0));
#2000=VECTOR('',#1999,1.45E-2);
#2001=CARTESIAN_POINT('',(9.85E-2,-2.E-3,-4.E-2));
#2002=LINE('',#2001,#2000);
#2003=CARTESIAN_POINT('',(9.85E-2,-1.6E-2,-2.55E-2));
#2004=DIRECTION('',(0.E0,0.E0,-1.E0));
#2005=DIRECTION('',(0.E0,1.E0,0.E0));
#2006=AXIS2_PLACEMENT_3D('',#2003,#2004,#2005);
#2008=CARTESIAN_POINT('',(9.85E-2,-1.6E-2,-4.E-2));
#2009=DIRECTION('',(0.E0,0.E0,-1.E0));
#2010=DIRECTION('',(0.E0,1.E0,0.E0));
#2011=AXIS2_PLACEMENT_3D('',#2008,#2009,#2010);
#2013=CARTESIAN_POINT('',(9.85E-2,-1.6E-2,-4.E-2));
#2014=DIRECTION('',(0.E0,0.E0,1.E0));
#2015=DIRECTION('',(0.E0,1.E0,0.E0));
#2016=AXIS2_PLACEMENT_3D('',#2013,#2014,#2015);
#2018=DIRECTION('',(0.E0,0.E0,-1.E0));
#2019=VECTOR('',#2018,8.E-3);
#2020=CARTESIAN_POINT('',(-9.85E-2,-4.75E-2,0.E0));
#2021=LINE('',#2020,#2019);
#2022=DIRECTION('',(0.E0,0.E0,-1.E0));
#2023=VECTOR('',#2022,8.E-3);
#2024=CARTESIAN_POINT('',(-9.85E-2,1.55E-2,0.E0));
#2025=LINE('',#2024,#2023);
#2026=DIRECTION('',(0.E0,7.071067811865E-1,-7.071067811865E-1));
#2027=VECTOR('',#2026,2.474873734153E-2);
#2028=CARTESIAN_POINT('',(-9.85E-2,-4.75E-2,-8.E-3));
#2029=LINE('',#2028,#2027);
#2030=DIRECTION('',(0.E0,-7.071067811865E-1,-7.071067811865E-1));
#2031=VECTOR('',#2030,2.474873734153E-2);
#2032=CARTESIAN_POINT('',(-9.85E-2,1.55E-2,-8.E-3));
#2033=LINE('',#2032,#2031);
#2034=CARTESIAN_POINT('',(-9.85E-2,-1.6E-2,-8.E-3));
#2035=DIRECTION('',(0.E0,0.E0,1.E0));
#2036=DIRECTION('',(0.E0,-1.E0,0.E0));
#2037=AXIS2_PLACEMENT_3D('',#2034,#2035,#2036);
#2039=CARTESIAN_POINT('',(-9.85E-2,-1.6E-2,-8.E-3));
#2040=DIRECTION('',(0.E0,0.E0,-1.E0));
#2041=DIRECTION('',(0.E0,-1.E0,0.E0));
#2042=AXIS2_PLACEMENT_3D('',#2039,#2040,#2041);
#2044=CARTESIAN_POINT('',(-9.85E-2,-1.6E-2,-2.55E-2));
#2045=DIRECTION('',(0.E0,0.E0,-1.E0));
#2046=DIRECTION('',(0.E0,-1.E0,0.E0));
#2047=AXIS2_PLACEMENT_3D('',#2044,#2045,#2046);
#2049=DIRECTION('',(0.E0,0.E0,-1.E0));
#2050=VECTOR('',#2049,1.45E-2);
#2051=CARTESIAN_POINT('',(-9.85E-2,-3.E-2,-2.55E-2));
#2052=LINE('',#2051,#2050);
#2053=DIRECTION('',(0.E0,0.E0,-1.E0));
#2054=VECTOR('',#2053,1.45E-2);
#2055=CARTESIAN_POINT('',(-9.85E-2,-2.E-3,-2.55E-2));
#2056=LINE('',#2055,#2054);
#2057=CARTESIAN_POINT('',(-9.85E-2,-1.6E-2,-2.55E-2));
#2058=DIRECTION('',(0.E0,0.E0,1.E0));
#2059=DIRECTION('',(0.E0,-1.E0,0.E0));
#2060=AXIS2_PLACEMENT_3D('',#2057,#2058,#2059);
#2062=CARTESIAN_POINT('',(-9.85E-2,-1.6E-2,-4.E-2));
#2063=DIRECTION('',(0.E0,0.E0,1.E0));
#2064=DIRECTION('',(0.E0,-1.E0,0.E0));
#2065=AXIS2_PLACEMENT_3D('',#2062,#2063,#2064);
#2067=CARTESIAN_POINT('',(-9.85E-2,-1.6E-2,-4.E-2));
#2068=DIRECTION('',(0.E0,0.E0,-1.E0));
#2069=DIRECTION('',(0.E0,-1.E0,0.E0));
#2070=AXIS2_PLACEMENT_3D('',#2067,#2068,#2069);
#2072=DIRECTION('',(0.E0,0.E0,1.E0));
#2073=VECTOR('',#2072,1.587E-1);
#2074=CARTESIAN_POINT('',(3.75E-2,-2.412E-1,-1.687E-1));
#2075=LINE('',#2074,#2073);
#2076=CARTESIAN_POINT('',(3.75E-2,-2.312E-1,-1.E-2));
#2077=DIRECTION('',(1.E0,0.E0,0.E0));
#2078=DIRECTION('',(0.E0,0.E0,1.E0));
#2079=AXIS2_PLACEMENT_3D('',#2076,#2077,#2078);
#2081=DIRECTION('',(0.E0,0.E0,-1.E0));
#2082=VECTOR('',#2081,1.913E-1);
#2083=CARTESIAN_POINT('',(3.75E-2,-2.22E-1,0.E0));
#2084=LINE('',#2083,#2082);
#2085=DIRECTION('',(0.E0,0.E0,1.E0));
#2086=VECTOR('',#2085,1.26E-2);
#2087=CARTESIAN_POINT('',(3.75E-2,-3.565E-1,-1.913E-1));
#2088=LINE('',#2087,#2086);
#2089=DIRECTION('',(-1.E0,0.E0,0.E0));
#2090=VECTOR('',#2089,7.5E-2);
#2091=CARTESIAN_POINT('',(3.75E-2,-2.512E-1,-1.787E-1));
#2092=LINE('',#2091,#2090);
#2093=DIRECTION('',(0.E0,1.E0,0.E0));
#2094=VECTOR('',#2093,1.053E-1);
#2095=CARTESIAN_POINT('',(3.75E-2,-3.565E-1,-1.787E-1));
#2096=LINE('',#2095,#2094);
#2097=CARTESIAN_POINT('',(0.E0,-3.565E-1,-1.787E-1));
#2098=DIRECTION('',(0.E0,0.E0,1.E0));
#2099=DIRECTION('',(-1.E0,0.E0,0.E0));
#2100=AXIS2_PLACEMENT_3D('',#2097,#2098,#2099);
#2102=DIRECTION('',(0.E0,-1.E0,0.E0));
#2103=VECTOR('',#2102,1.053E-1);
#2104=CARTESIAN_POINT('',(-3.75E-2,-2.512E-1,-1.787E-1));
#2105=LINE('',#2104,#2103);
#2106=CARTESIAN_POINT('',(3.75E-2,-2.512E-1,-1.687E-1));
#2107=DIRECTION('',(-1.E0,0.E0,0.E0));
#2108=DIRECTION('',(0.E0,1.E0,0.E0));
#2109=AXIS2_PLACEMENT_3D('',#2106,#2107,#2108);
#2111=CARTESIAN_POINT('',(-3.75E-2,-2.512E-1,-1.687E-1));
#2112=DIRECTION('',(1.E0,0.E0,0.E0));
#2113=DIRECTION('',(0.E0,0.E0,-1.E0));
#2114=AXIS2_PLACEMENT_3D('',#2111,#2112,#2113);
#2116=DIRECTION('',(0.E0,0.E0,-1.E0));
#2117=VECTOR('',#2116,1.587E-1);
#2118=CARTESIAN_POINT('',(-3.75E-2,-2.412E-1,-1.E-2));
#2119=LINE('',#2118,#2117);
#2120=DIRECTION('',(0.E0,1.E0,0.E0));
#2121=VECTOR('',#2120,1.92E-2);
#2122=CARTESIAN_POINT('',(-3.75E-2,-2.412E-1,-1.913E-1));
#2123=LINE('',#2122,#2121);
#2124=DIRECTION('',(0.E0,0.E0,1.E0));
#2125=VECTOR('',#2124,1.913E-1);
#2126=CARTESIAN_POINT('',(-3.75E-2,-2.22E-1,-1.913E-1));
#2127=LINE('',#2126,#2125);
#2128=CARTESIAN_POINT('',(-3.75E-2,-2.312E-1,-1.E-2));
#2129=DIRECTION('',(1.E0,0.E0,0.E0));
#2130=DIRECTION('',(0.E0,0.E0,1.E0));
#2131=AXIS2_PLACEMENT_3D('',#2128,#2129,#2130);
#2133=DIRECTION('',(0.E0,0.E0,1.E0));
#2134=VECTOR('',#2133,1.26E-2);
#2135=CARTESIAN_POINT('',(-3.75E-2,-3.565E-1,-1.913E-1));
#2136=LINE('',#2135,#2134);
#2137=DIRECTION('',(0.E0,-1.E0,0.E0));
#2138=VECTOR('',#2137,1.153E-1);
#2139=CARTESIAN_POINT('',(-3.75E-2,-2.412E-1,-1.913E-1));
#2140=LINE('',#2139,#2138);
#2141=CARTESIAN_POINT('',(0.E0,-3.565E-1,-1.913E-1));
#2142=DIRECTION('',(0.E0,0.E0,1.E0));
#2143=DIRECTION('',(-1.E0,0.E0,0.E0));
#2144=AXIS2_PLACEMENT_3D('',#2141,#2142,#2143);
#2146=DIRECTION('',(0.E0,1.E0,0.E0));
#2147=VECTOR('',#2146,1.153E-1);
#2148=CARTESIAN_POINT('',(3.75E-2,-3.565E-1,-1.913E-1));
#2149=LINE('',#2148,#2147);
#2150=DIRECTION('',(0.E0,1.E0,0.E0));
#2151=VECTOR('',#2150,1.92E-2);
#2152=CARTESIAN_POINT('',(-6.1E-2,-2.412E-1,-1.26E-2));
#2153=LINE('',#2152,#2151);
#2154=DIRECTION('',(0.E0,0.E0,-1.E0));
#2155=VECTOR('',#2154,1.26E-2);
#2156=CARTESIAN_POINT('',(-4.38E-2,-2.22E-1,0.E0));
#2157=LINE('',#2156,#2155);
#2158=DIRECTION('',(0.E0,-1.E0,0.E0));
#2159=VECTOR('',#2158,1.92E-2);
#2160=CARTESIAN_POINT('',(-4.38E-2,-2.22E-1,-1.26E-2));
#2161=LINE('',#2160,#2159);
#2162=DIRECTION('',(-1.E0,0.E0,0.E0));
#2163=VECTOR('',#2162,1.72E-2);
#2164=CARTESIAN_POINT('',(-4.38E-2,-2.22E-1,-1.26E-2));
#2165=LINE('',#2164,#2163);
#2166=DIRECTION('',(1.303827519560E-1,0.E0,-9.914637350869E-1));
#2167=VECTOR('',#2166,1.802385641310E-1);
#2168=CARTESIAN_POINT('',(-6.1E-2,-2.22E-1,-1.26E-2));
#2169=LINE('',#2168,#2167);
#2170=DIRECTION('',(0.E0,0.E0,-1.E0));
#2171=VECTOR('',#2170,1.26E-2);
#2172=CARTESIAN_POINT('',(4.38E-2,-2.22E-1,0.E0));
#2173=LINE('',#2172,#2171);
#2174=DIRECTION('',(-1.E0,0.E0,0.E0));
#2175=VECTOR('',#2174,1.72E-2);
#2176=CARTESIAN_POINT('',(6.1E-2,-2.22E-1,-1.26E-2));
#2177=LINE('',#2176,#2175);
#2178=DIRECTION('',(1.303827519560E-1,0.E0,9.914637350869E-1));
#2179=VECTOR('',#2178,1.802385641310E-1);
#2180=CARTESIAN_POINT('',(3.75E-2,-2.22E-1,-1.913E-1));
#2181=LINE('',#2180,#2179);
#2182=DIRECTION('',(0.E0,1.E0,0.E0));
#2183=VECTOR('',#2182,1.92E-2);
#2184=CARTESIAN_POINT('',(4.38E-2,-2.412E-1,-1.26E-2));
#2185=LINE('',#2184,#2183);
#2186=DIRECTION('',(0.E0,1.E0,0.E0));
#2187=VECTOR('',#2186,1.92E-2);
#2188=CARTESIAN_POINT('',(6.1E-2,-2.412E-1,-1.26E-2));
#2189=LINE('',#2188,#2187);
#2190=DIRECTION('',(0.E0,1.E0,0.E0));
#2191=VECTOR('',#2190,1.92E-2);
#2192=CARTESIAN_POINT('',(3.75E-2,-2.412E-1,-1.913E-1));
#2193=LINE('',#2192,#2191);
#2194=DIRECTION('',(0.E0,-1.E0,0.E0));
#2195=VECTOR('',#2194,1.398E-1);
#2196=CARTESIAN_POINT('',(1.205E-1,-2.412E-1,-4.2875E-1));
#2197=LINE('',#2196,#2195);
#2198=DIRECTION('',(0.E0,-1.E0,0.E0));
#2199=VECTOR('',#2198,1.398E-1);
#2200=CARTESIAN_POINT('',(1.435E-1,-2.412E-1,-4.2875E-1));
#2201=LINE('',#2200,#2199);
#2202=DIRECTION('',(0.E0,-1.E0,0.E0));
#2203=VECTOR('',#2202,1.398E-1);
#2204=CARTESIAN_POINT('',(1.435E-1,-2.412E-1,-4.3725E-1));
#2205=LINE('',#2204,#2203);
#2206=DIRECTION('',(0.E0,-1.E0,0.E0));
#2207=VECTOR('',#2206,1.398E-1);
#2208=CARTESIAN_POINT('',(-1.435E-1,-2.412E-1,-4.2875E-1));
#2209=LINE('',#2208,#2207);
#2210=DIRECTION('',(0.E0,-1.E0,0.E0));
#2211=VECTOR('',#2210,1.398E-1);
#2212=CARTESIAN_POINT('',(3.95E-2,-2.412E-1,-3.3075E-1));
#2213=LINE('',#2212,#2211);
#2214=DIRECTION('',(0.E0,-1.E0,0.E0));
#2215=VECTOR('',#2214,1.398E-1);
#2216=CARTESIAN_POINT('',(6.25E-2,-2.412E-1,-3.3075E-1));
#2217=LINE('',#2216,#2215);
#2218=DIRECTION('',(0.E0,-1.E0,0.E0));
#2219=VECTOR('',#2218,1.398E-1);
#2220=CARTESIAN_POINT('',(6.25E-2,-2.412E-1,-3.3925E-1));
#2221=LINE('',#2220,#2219);
#2222=DIRECTION('',(0.E0,-1.E0,0.E0));
#2223=VECTOR('',#2222,1.398E-1);
#2224=CARTESIAN_POINT('',(3.95E-2,-2.412E-1,-3.3925E-1));
#2225=LINE('',#2224,#2223);
#2226=DIRECTION('',(0.E0,-1.E0,0.E0));
#2227=VECTOR('',#2226,1.398E-1);
#2228=CARTESIAN_POINT('',(1.205E-1,-2.412E-1,-3.3075E-1));
#2229=LINE('',#2228,#2227);
#2230=DIRECTION('',(0.E0,-1.E0,0.E0));
#2231=VECTOR('',#2230,1.398E-1);
#2232=CARTESIAN_POINT('',(1.435E-1,-2.412E-1,-3.3075E-1));
#2233=LINE('',#2232,#2231);
#2234=DIRECTION('',(0.E0,-1.E0,0.E0));
#2235=VECTOR('',#2234,1.398E-1);
#2236=CARTESIAN_POINT('',(1.435E-1,-2.412E-1,-3.3925E-1));
#2237=LINE('',#2236,#2235);
#2238=DIRECTION('',(0.E0,-1.E0,0.E0));
#2239=VECTOR('',#2238,1.398E-1);
#2240=CARTESIAN_POINT('',(1.205E-1,-2.412E-1,-3.3925E-1));
#2241=LINE('',#2240,#2239);
#2242=DIRECTION('',(1.E0,0.E0,0.E0));
#2243=VECTOR('',#2242,1.26E-2);
#2244=CARTESIAN_POINT('',(-2.756E-1,-3.54E-1,-2.57E-1));
#2245=LINE('',#2244,#2243);
#2246=DIRECTION('',(1.E0,0.E0,0.E0));
#2247=VECTOR('',#2246,1.26E-2);
#2248=CARTESIAN_POINT('',(-2.756E-1,-3.94E-1,-2.339059892324E-1));
#2249=LINE('',#2248,#2247);
#2250=DIRECTION('',(1.E0,0.E0,0.E0));
#2251=VECTOR('',#2250,1.26E-2);
#2252=CARTESIAN_POINT('',(-2.756E-1,-3.94E-1,-2.000940107676E-1));
#2253=LINE('',#2252,#2251);
#2254=DIRECTION('',(1.E0,0.E0,0.E0));
#2255=VECTOR('',#2254,1.26E-2);
#2256=CARTESIAN_POINT('',(-2.756E-1,-3.54E-1,-1.77E-1));
#2257=LINE('',#2256,#2255);
#2258=DIRECTION('',(0.E0,-1.E0,0.E0));
#2259=VECTOR('',#2258,1.128E-1);
#2260=CARTESIAN_POINT('',(-2.63E-1,-2.412E-1,-2.57E-1));
#2261=LINE('',#2260,#2259);
#2262=DIRECTION('',(0.E0,-8.660254037844E-1,5.E-1));
#2263=VECTOR('',#2262,4.618802153517E-2);
#2264=CARTESIAN_POINT('',(-2.63E-1,-3.54E-1,-2.57E-1));
#2265=LINE('',#2264,#2263);
#2266=DIRECTION('',(0.E0,0.E0,1.E0));
#2267=VECTOR('',#2266,3.381197846483E-2);
#2268=CARTESIAN_POINT('',(-2.63E-1,-3.94E-1,-2.339059892324E-1));
#2269=LINE('',#2268,#2267);
#2270=DIRECTION('',(0.E0,8.660254037844E-1,5.E-1));
#2271=VECTOR('',#2270,4.618802153517E-2);
#2272=CARTESIAN_POINT('',(-2.63E-1,-3.94E-1,-2.000940107676E-1));
#2273=LINE('',#2272,#2271);
#2274=DIRECTION('',(0.E0,1.E0,0.E0));
#2275=VECTOR('',#2274,1.128E-1);
#2276=CARTESIAN_POINT('',(-2.63E-1,-3.54E-1,-1.77E-1));
#2277=LINE('',#2276,#2275);
#2278=CARTESIAN_POINT('',(-2.756E-1,2.56E-1,0.E0));
#2279=CARTESIAN_POINT('',(-2.756E-1,-2.412E-1,0.E0));
#2280=VERTEX_POINT('',#2278);
#2281=VERTEX_POINT('',#2279);
#2282=CARTESIAN_POINT('',(-2.756E-1,2.56E-1,-5.05E-1));
#2283=VERTEX_POINT('',#2282);
#2284=CARTESIAN_POINT('',(2.756E-1,2.56E-1,0.E0));
#2285=CARTESIAN_POINT('',(2.756E-1,-2.412E-1,0.E0));
#2286=VERTEX_POINT('',#2284);
#2287=VERTEX_POINT('',#2285);
#2288=CARTESIAN_POINT('',(2.756E-1,2.56E-1,-5.05E-1));
#2289=VERTEX_POINT('',#2288);
#2290=CARTESIAN_POINT('',(1.399723186919E-1,-7.E-2,0.E0));
#2291=CARTESIAN_POINT('',(9.85E-2,-7.E-2,0.E0));
#2292=VERTEX_POINT('',#2290);
#2293=VERTEX_POINT('',#2291);
#2294=CARTESIAN_POINT('',(9.85E-2,-1.216141439143E-1,0.E0));
#2295=VERTEX_POINT('',#2294);
#2296=CARTESIAN_POINT('',(-9.85E-2,-1.216141439143E-1,0.E0));
#2297=CARTESIAN_POINT('',(-9.85E-2,-7.E-2,0.E0));
#2298=VERTEX_POINT('',#2296);
#2299=VERTEX_POINT('',#2297);
#2300=CARTESIAN_POINT('',(-1.399723186919E-1,-7.E-2,0.E0));
#2301=VERTEX_POINT('',#2300);
#2302=CARTESIAN_POINT('',(1.399723186919E-1,-7.E-2,-2.5E-1));
#2303=VERTEX_POINT('',#2302);
#2304=CARTESIAN_POINT('',(9.85E-2,-1.216141439143E-1,-2.5E-1));
#2305=VERTEX_POINT('',#2304);
#2306=CARTESIAN_POINT('',(-9.85E-2,-1.216141439143E-1,-2.5E-1));
#2307=VERTEX_POINT('',#2306);
#2308=CARTESIAN_POINT('',(-1.399723186919E-1,-7.E-2,-2.5E-1));
#2309=VERTEX_POINT('',#2308);
#2310=CARTESIAN_POINT('',(9.85E-2,-7.E-2,-2.5E-1));
#2311=VERTEX_POINT('',#2310);
#2312=CARTESIAN_POINT('',(-9.85E-2,-7.E-2,-2.5E-1));
#2313=VERTEX_POINT('',#2312);
#2314=CARTESIAN_POINT('',(-3.5E-2,1.13E-1,0.E0));
#2315=CARTESIAN_POINT('',(3.5E-2,1.13E-1,0.E0));
#2316=VERTEX_POINT('',#2314);
#2317=VERTEX_POINT('',#2315);
#2318=CARTESIAN_POINT('',(3.5E-2,1.525360613101E-1,0.E0));
#2319=VERTEX_POINT('',#2318);
#2320=CARTESIAN_POINT('',(-3.5E-2,1.525360613101E-1,0.E0));
#2321=VERTEX_POINT('',#2320);
#2322=CARTESIAN_POINT('',(-3.5E-2,1.13E-1,-2.5E-1));
#2323=CARTESIAN_POINT('',(3.5E-2,1.13E-1,-2.5E-1));
#2324=VERTEX_POINT('',#2322);
#2325=VERTEX_POINT('',#2323);
#2326=CARTESIAN_POINT('',(-3.5E-2,1.525360613101E-1,-2.5E-1));
#2327=VERTEX_POINT('',#2326);
#2328=CARTESIAN_POINT('',(3.5E-2,1.525360613101E-1,-2.5E-1));
#2329=VERTEX_POINT('',#2328);
#2330=CARTESIAN_POINT('',(-2.8E-2,8.6E-2,-2.5E-1));
#2331=CARTESIAN_POINT('',(-2.8E-2,0.E0,-2.5E-1));
#2332=VERTEX_POINT('',#2330);
#2333=VERTEX_POINT('',#2331);
#2334=CARTESIAN_POINT('',(2.8E-2,0.E0,-2.5E-1));
#2335=VERTEX_POINT('',#2334);
#2336=CARTESIAN_POINT('',(2.8E-2,8.6E-2,-2.5E-1));
#2337=VERTEX_POINT('',#2336);
#2338=CARTESIAN_POINT('',(-2.8E-2,8.6E-2,0.E0));
#2339=CARTESIAN_POINT('',(-2.8E-2,0.E0,0.E0));
#2340=VERTEX_POINT('',#2338);
#2341=VERTEX_POINT('',#2339);
#2342=CARTESIAN_POINT('',(2.8E-2,0.E0,0.E0));
#2343=VERTEX_POINT('',#2342);
#2344=CARTESIAN_POINT('',(2.8E-2,8.6E-2,0.E0));
#2345=VERTEX_POINT('',#2344);
#2346=CARTESIAN_POINT('',(7.85E-2,7.7E-2,-4.E-2));
#2347=CARTESIAN_POINT('',(7.85E-2,7.7E-2,-2.55E-2));
#2348=VERTEX_POINT('',#2346);
#2349=VERTEX_POINT('',#2347);
#2350=CARTESIAN_POINT('',(7.85E-2,9.45E-2,-8.E-3));
#2351=VERTEX_POINT('',#2350);
#2352=CARTESIAN_POINT('',(7.85E-2,4.9E-2,-4.E-2));
#2353=CARTESIAN_POINT('',(7.85E-2,4.9E-2,-2.55E-2));
#2354=VERTEX_POINT('',#2352);
#2355=VERTEX_POINT('',#2353);
#2356=CARTESIAN_POINT('',(7.85E-2,3.15E-2,-8.E-3));
#2357=VERTEX_POINT('',#2356);
#2358=CARTESIAN_POINT('',(7.85E-2,9.45E-2,0.E0));
#2359=CARTESIAN_POINT('',(7.85E-2,3.15E-2,0.E0));
#2360=VERTEX_POINT('',#2358);
#2361=VERTEX_POINT('',#2359);
#2362=CARTESIAN_POINT('',(9.85E-2,-3.E-2,-2.55E-2));
#2363=CARTESIAN_POINT('',(9.85E-2,-4.75E-2,-8.E-3));
#2364=VERTEX_POINT('',#2362);
#2365=VERTEX_POINT('',#2363);
#2366=CARTESIAN_POINT('',(9.85E-2,-3.E-2,-4.E-2));
#2367=VERTEX_POINT('',#2366);
#2368=CARTESIAN_POINT('',(9.85E-2,-2.E-3,-2.55E-2));
#2369=CARTESIAN_POINT('',(9.85E-2,1.55E-2,-8.E-3));
#2370=VERTEX_POINT('',#2368);
#2371=VERTEX_POINT('',#2369);
#2372=CARTESIAN_POINT('',(9.85E-2,-2.E-3,-4.E-2));
#2373=VERTEX_POINT('',#2372);
#2374=CARTESIAN_POINT('',(9.85E-2,-4.75E-2,0.E0));
#2375=CARTESIAN_POINT('',(9.85E-2,1.55E-2,0.E0));
#2376=VERTEX_POINT('',#2374);
#2377=VERTEX_POINT('',#2375);
#2378=CARTESIAN_POINT('',(3.95E-2,-8.E-2,-2.55E-2));
#2379=CARTESIAN_POINT('',(3.95E-2,-8.E-2,-4.E-2));
#2380=VERTEX_POINT('',#2378);
#2381=VERTEX_POINT('',#2379);
#2382=CARTESIAN_POINT('',(3.95E-2,-6.25E-2,-8.E-3));
#2383=VERTEX_POINT('',#2382);
#2384=CARTESIAN_POINT('',(3.95E-2,-1.08E-1,-2.55E-2));
#2385=CARTESIAN_POINT('',(3.95E-2,-1.08E-1,-4.E-2));
#2386=VERTEX_POINT('',#2384);
#2387=VERTEX_POINT('',#2385);
#2388=CARTESIAN_POINT('',(3.95E-2,-1.255E-1,-8.E-3));
#2389=VERTEX_POINT('',#2388);
#2390=CARTESIAN_POINT('',(3.95E-2,-6.25E-2,0.E0));
#2391=CARTESIAN_POINT('',(3.95E-2,-1.255E-1,0.E0));
#2392=VERTEX_POINT('',#2390);
#2393=VERTEX_POINT('',#2391);
#2394=CARTESIAN_POINT('',(-7.85E-2,7.7E-2,-4.E-2));
#2395=CARTESIAN_POINT('',(-7.85E-2,7.7E-2,-2.55E-2));
#2396=VERTEX_POINT('',#2394);
#2397=VERTEX_POINT('',#2395);
#2398=CARTESIAN_POINT('',(-7.85E-2,9.45E-2,-8.E-3));
#2399=VERTEX_POINT('',#2398);
#2400=CARTESIAN_POINT('',(-7.85E-2,4.9E-2,-4.E-2));
#2401=CARTESIAN_POINT('',(-7.85E-2,4.9E-2,-2.55E-2));
#2402=VERTEX_POINT('',#2400);
#2403=VERTEX_POINT('',#2401);
#2404=CARTESIAN_POINT('',(-7.85E-2,3.15E-2,-8.E-3));
#2405=VERTEX_POINT('',#2404);
#2406=CARTESIAN_POINT('',(-7.85E-2,9.45E-2,0.E0));
#2407=CARTESIAN_POINT('',(-7.85E-2,3.15E-2,0.E0));
#2408=VERTEX_POINT('',#2406);
#2409=VERTEX_POINT('',#2407);
#2410=CARTESIAN_POINT('',(-9.85E-2,-4.75E-2,-8.E-3));
#2411=CARTESIAN_POINT('',(-9.85E-2,-3.E-2,-2.55E-2));
#2412=VERTEX_POINT('',#2410);
#2413=VERTEX_POINT('',#2411);
#2414=CARTESIAN_POINT('',(-9.85E-2,-3.E-2,-4.E-2));
#2415=VERTEX_POINT('',#2414);
#2416=CARTESIAN_POINT('',(-9.85E-2,1.55E-2,-8.E-3));
#2417=CARTESIAN_POINT('',(-9.85E-2,-2.E-3,-2.55E-2));
#2418=VERTEX_POINT('',#2416);
#2419=VERTEX_POINT('',#2417);
#2420=CARTESIAN_POINT('',(-9.85E-2,-2.E-3,-4.E-2));
#2421=VERTEX_POINT('',#2420);
#2422=CARTESIAN_POINT('',(-9.85E-2,-4.75E-2,0.E0));
#2423=CARTESIAN_POINT('',(-9.85E-2,1.55E-2,0.E0));
#2424=VERTEX_POINT('',#2422);
#2425=VERTEX_POINT('',#2423);
#2426=CARTESIAN_POINT('',(-3.95E-2,-8.E-2,-4.E-2));
#2427=CARTESIAN_POINT('',(-3.95E-2,-8.E-2,-2.55E-2));
#2428=VERTEX_POINT('',#2426);
#2429=VERTEX_POINT('',#2427);
#2430=CARTESIAN_POINT('',(-3.95E-2,-6.25E-2,-8.E-3));
#2431=VERTEX_POINT('',#2430);
#2432=CARTESIAN_POINT('',(-3.95E-2,-1.08E-1,-4.E-2));
#2433=CARTESIAN_POINT('',(-3.95E-2,-1.08E-1,-2.55E-2));
#2434=VERTEX_POINT('',#2432);
#2435=VERTEX_POINT('',#2433);
#2436=CARTESIAN_POINT('',(-3.95E-2,-1.255E-1,-8.E-3));
#2437=VERTEX_POINT('',#2436);
#2438=CARTESIAN_POINT('',(-3.95E-2,-6.25E-2,0.E0));
#2439=CARTESIAN_POINT('',(-3.95E-2,-1.255E-1,0.E0));
#2440=VERTEX_POINT('',#2438);
#2441=VERTEX_POINT('',#2439);
#2442=CARTESIAN_POINT('',(-2.44E-1,-2.56E-1,-2.78E-1));
#2443=CARTESIAN_POINT('',(-2.625E-1,-2.56E-1,-2.78E-1));
#2444=VERTEX_POINT('',#2442);
#2445=VERTEX_POINT('',#2443);
#2446=CARTESIAN_POINT('',(-2.625E-1,-2.56E-1,-5.05E-1));
#2447=VERTEX_POINT('',#2446);
#2448=CARTESIAN_POINT('',(-2.325E-1,-2.56E-1,-5.05E-1));
#2449=VERTEX_POINT('',#2448);
#2450=CARTESIAN_POINT('',(-2.325E-1,-2.56E-1,-3.25E-1));
#2451=VERTEX_POINT('',#2450);
#2452=CARTESIAN_POINT('',(-2.085E-1,-2.56E-1,-3.25E-1));
#2453=CARTESIAN_POINT('',(-2.085E-1,-2.56E-1,-7.6E-2));
#2454=VERTEX_POINT('',#2452);
#2455=VERTEX_POINT('',#2453);
#2456=CARTESIAN_POINT('',(-2.44E-1,-2.56E-1,-7.6E-2));
#2457=VERTEX_POINT('',#2456);
#2458=CARTESIAN_POINT('',(-2.44E-1,-2.412E-1,-2.78E-1));
#2459=CARTESIAN_POINT('',(-2.625E-1,-2.412E-1,-2.78E-1));
#2460=VERTEX_POINT('',#2458);
#2461=VERTEX_POINT('',#2459);
#2462=CARTESIAN_POINT('',(-2.085E-1,-2.412E-1,-3.25E-1));
#2463=CARTESIAN_POINT('',(-2.085E-1,-2.412E-1,-7.6E-2));
#2464=VERTEX_POINT('',#2462);
#2465=VERTEX_POINT('',#2463);
#2466=CARTESIAN_POINT('',(-2.44E-1,-2.412E-1,-7.6E-2));
#2467=VERTEX_POINT('',#2466);
#2468=CARTESIAN_POINT('',(2.756E-1,-3.54E-1,-1.77E-1));
#2469=CARTESIAN_POINT('',(2.756E-1,-3.94E-1,-2.000940107676E-1));
#2470=VERTEX_POINT('',#2468);
#2471=VERTEX_POINT('',#2469);
#2472=CARTESIAN_POINT('',(2.756E-1,-3.94E-1,-2.339059892324E-1));
#2473=VERTEX_POINT('',#2472);
#2474=CARTESIAN_POINT('',(2.756E-1,-3.54E-1,-2.57E-1));
#2475=VERTEX_POINT('',#2474);
#2476=CARTESIAN_POINT('',(2.63E-1,-3.54E-1,-1.77E-1));
#2477=CARTESIAN_POINT('',(2.63E-1,-3.94E-1,-2.000940107676E-1));
#2478=VERTEX_POINT('',#2476);
#2479=VERTEX_POINT('',#2477);
#2480=CARTESIAN_POINT('',(2.63E-1,-3.94E-1,-2.339059892324E-1));
#2481=VERTEX_POINT('',#2480);
#2482=CARTESIAN_POINT('',(2.63E-1,-3.54E-1,-2.57E-1));
#2483=VERTEX_POINT('',#2482);
#2484=CARTESIAN_POINT('',(2.63E-1,-2.412E-1,-1.77E-1));
#2485=CARTESIAN_POINT('',(2.63E-1,-2.412E-1,-2.57E-1));
#2486=VERTEX_POINT('',#2484);
#2487=VERTEX_POINT('',#2485);
#2488=CARTESIAN_POINT('',(2.756E-1,-2.412E-1,-1.77E-1));
#2489=VERTEX_POINT('',#2488);
#2490=CARTESIAN_POINT('',(2.756E-1,-2.412E-1,-2.57E-1));
#2491=VERTEX_POINT('',#2490);
#2492=CARTESIAN_POINT('',(2.756E-1,-2.412E-1,-5.05E-1));
#2493=VERTEX_POINT('',#2492);
#2494=CARTESIAN_POINT('',(-2.756E-1,-3.54E-1,-2.57E-1));
#2495=CARTESIAN_POINT('',(-2.756E-1,-3.94E-1,-2.339059892324E-1));
#2496=VERTEX_POINT('',#2494);
#2497=VERTEX_POINT('',#2495);
#2498=CARTESIAN_POINT('',(-2.756E-1,-3.94E-1,-2.000940107676E-1));
#2499=VERTEX_POINT('',#2498);
#2500=CARTESIAN_POINT('',(-2.756E-1,-3.54E-1,-1.77E-1));
#2501=VERTEX_POINT('',#2500);
#2502=CARTESIAN_POINT('',(-2.63E-1,-3.54E-1,-2.57E-1));
#2503=CARTESIAN_POINT('',(-2.63E-1,-3.94E-1,-2.339059892324E-1));
#2504=VERTEX_POINT('',#2502);
#2505=VERTEX_POINT('',#2503);
#2506=CARTESIAN_POINT('',(-2.63E-1,-3.94E-1,-2.000940107676E-1));
#2507=VERTEX_POINT('',#2506);
#2508=CARTESIAN_POINT('',(-2.63E-1,-3.54E-1,-1.77E-1));
#2509=VERTEX_POINT('',#2508);
#2510=CARTESIAN_POINT('',(-2.63E-1,-2.412E-1,-2.57E-1));
#2511=CARTESIAN_POINT('',(-2.63E-1,-2.412E-1,-1.77E-1));
#2512=VERTEX_POINT('',#2510);
#2513=VERTEX_POINT('',#2511);
#2514=CARTESIAN_POINT('',(-2.756E-1,-2.412E-1,-1.77E-1));
#2515=VERTEX_POINT('',#2514);
#2516=CARTESIAN_POINT('',(-2.756E-1,-2.412E-1,-2.57E-1));
#2517=VERTEX_POINT('',#2516);
#2518=CARTESIAN_POINT('',(-2.756E-1,-2.412E-1,-5.05E-1));
#2519=VERTEX_POINT('',#2518);
#2520=CARTESIAN_POINT('',(2.44E-1,-2.56E-1,-2.78E-1));
#2521=CARTESIAN_POINT('',(2.44E-1,-2.56E-1,-7.6E-2));
#2522=VERTEX_POINT('',#2520);
#2523=VERTEX_POINT('',#2521);
#2524=CARTESIAN_POINT('',(2.085E-1,-2.56E-1,-7.6E-2));
#2525=VERTEX_POINT('',#2524);
#2526=CARTESIAN_POINT('',(2.085E-1,-2.56E-1,-3.25E-1));
#2527=VERTEX_POINT('',#2526);
#2528=CARTESIAN_POINT('',(2.325E-1,-2.56E-1,-3.25E-1));
#2529=VERTEX_POINT('',#2528);
#2530=CARTESIAN_POINT('',(2.325E-1,-2.56E-1,-5.05E-1));
#2531=VERTEX_POINT('',#2530);
#2532=CARTESIAN_POINT('',(2.625E-1,-2.56E-1,-5.05E-1));
#2533=VERTEX_POINT('',#2532);
#2534=CARTESIAN_POINT('',(2.625E-1,-2.56E-1,-2.78E-1));
#2535=VERTEX_POINT('',#2534);
#2536=CARTESIAN_POINT('',(-2.325E-1,-2.412E-1,-3.25E-1));
#2537=VERTEX_POINT('',#2536);
#2538=CARTESIAN_POINT('',(2.44E-1,-2.412E-1,-2.78E-1));
#2539=CARTESIAN_POINT('',(2.44E-1,-2.412E-1,-7.6E-2));
#2540=VERTEX_POINT('',#2538);
#2541=VERTEX_POINT('',#2539);
#2542=CARTESIAN_POINT('',(2.085E-1,-2.412E-1,-7.6E-2));
#2543=VERTEX_POINT('',#2542);
#2544=CARTESIAN_POINT('',(2.085E-1,-2.412E-1,-3.25E-1));
#2545=VERTEX_POINT('',#2544);
#2546=CARTESIAN_POINT('',(2.325E-1,-2.412E-1,-3.25E-1));
#2547=VERTEX_POINT('',#2546);
#2548=CARTESIAN_POINT('',(2.625E-1,-2.412E-1,-2.78E-1));
#2549=VERTEX_POINT('',#2548);
#2550=CARTESIAN_POINT('',(-3.75E-2,-3.565E-1,-1.913E-1));
#2551=CARTESIAN_POINT('',(3.75E-2,-3.565E-1,-1.913E-1));
#2552=VERTEX_POINT('',#2550);
#2553=VERTEX_POINT('',#2551);
#2554=CARTESIAN_POINT('',(-3.75E-2,-3.565E-1,-1.787E-1));
#2555=CARTESIAN_POINT('',(3.75E-2,-3.565E-1,-1.787E-1));
#2556=VERTEX_POINT('',#2554);
#2557=VERTEX_POINT('',#2555);
#2558=CARTESIAN_POINT('',(-3.95E-2,-3.81E-1,-3.3075E-1));
#2559=CARTESIAN_POINT('',(-6.25E-2,-3.81E-1,-3.3075E-1));
#2560=VERTEX_POINT('',#2558);
#2561=VERTEX_POINT('',#2559);
#2562=CARTESIAN_POINT('',(-6.25E-2,-3.81E-1,-3.3925E-1));
#2563=VERTEX_POINT('',#2562);
#2564=CARTESIAN_POINT('',(-3.95E-2,-3.81E-1,-3.3925E-1));
#2565=VERTEX_POINT('',#2564);
#2566=CARTESIAN_POINT('',(-1.205E-1,-3.81E-1,-3.3075E-1));
#2567=CARTESIAN_POINT('',(-1.435E-1,-3.81E-1,-3.3075E-1));
#2568=VERTEX_POINT('',#2566);
#2569=VERTEX_POINT('',#2567);
#2570=CARTESIAN_POINT('',(-1.435E-1,-3.81E-1,-3.3925E-1));
#2571=VERTEX_POINT('',#2570);
#2572=CARTESIAN_POINT('',(-1.205E-1,-3.81E-1,-3.3925E-1));
#2573=VERTEX_POINT('',#2572);
#2574=CARTESIAN_POINT('',(-1.205E-1,-3.81E-1,-4.2875E-1));
#2575=CARTESIAN_POINT('',(-1.435E-1,-3.81E-1,-4.2875E-1));
#2576=VERTEX_POINT('',#2574);
#2577=VERTEX_POINT('',#2575);
#2578=CARTESIAN_POINT('',(-1.435E-1,-3.81E-1,-4.3725E-1));
#2579=VERTEX_POINT('',#2578);
#2580=CARTESIAN_POINT('',(-1.205E-1,-3.81E-1,-4.3725E-1));
#2581=VERTEX_POINT('',#2580);
#2582=CARTESIAN_POINT('',(3.95E-2,-3.81E-1,-3.3075E-1));
#2583=CARTESIAN_POINT('',(3.95E-2,-3.81E-1,-3.3925E-1));
#2584=VERTEX_POINT('',#2582);
#2585=VERTEX_POINT('',#2583);
#2586=CARTESIAN_POINT('',(6.25E-2,-3.81E-1,-3.3925E-1));
#2587=VERTEX_POINT('',#2586);
#2588=CARTESIAN_POINT('',(6.25E-2,-3.81E-1,-3.3075E-1));
#2589=VERTEX_POINT('',#2588);
#2590=CARTESIAN_POINT('',(1.205E-1,-3.81E-1,-3.3075E-1));
#2591=CARTESIAN_POINT('',(1.205E-1,-3.81E-1,-3.3925E-1));
#2592=VERTEX_POINT('',#2590);
#2593=VERTEX_POINT('',#2591);
#2594=CARTESIAN_POINT('',(1.435E-1,-3.81E-1,-3.3925E-1));
#2595=VERTEX_POINT('',#2594);
#2596=CARTESIAN_POINT('',(1.435E-1,-3.81E-1,-3.3075E-1));
#2597=VERTEX_POINT('',#2596);
#2598=CARTESIAN_POINT('',(1.205E-1,-3.81E-1,-4.2875E-1));
#2599=CARTESIAN_POINT('',(1.205E-1,-3.81E-1,-4.3725E-1));
#2600=VERTEX_POINT('',#2598);
#2601=VERTEX_POINT('',#2599);
#2602=CARTESIAN_POINT('',(1.435E-1,-3.81E-1,-4.3725E-1));
#2603=VERTEX_POINT('',#2602);
#2604=CARTESIAN_POINT('',(1.435E-1,-3.81E-1,-4.2875E-1));
#2605=VERTEX_POINT('',#2604);
#2606=CARTESIAN_POINT('',(-3.95E-2,-2.412E-1,-3.3075E-1));
#2607=CARTESIAN_POINT('',(-6.25E-2,-2.412E-1,-3.3075E-1));
#2608=VERTEX_POINT('',#2606);
#2609=VERTEX_POINT('',#2607);
#2610=CARTESIAN_POINT('',(-6.25E-2,-2.412E-1,-3.3925E-1));
#2611=VERTEX_POINT('',#2610);
#2612=CARTESIAN_POINT('',(-3.95E-2,-2.412E-1,-3.3925E-1));
#2613=VERTEX_POINT('',#2612);
#2614=CARTESIAN_POINT('',(-1.205E-1,-2.412E-1,-3.3075E-1));
#2615=CARTESIAN_POINT('',(-1.435E-1,-2.412E-1,-3.3075E-1));
#2616=VERTEX_POINT('',#2614);
#2617=VERTEX_POINT('',#2615);
#2618=CARTESIAN_POINT('',(-1.435E-1,-2.412E-1,-3.3925E-1));
#2619=VERTEX_POINT('',#2618);
#2620=CARTESIAN_POINT('',(-1.205E-1,-2.412E-1,-3.3925E-1));
#2621=VERTEX_POINT('',#2620);
#2622=CARTESIAN_POINT('',(-1.205E-1,-2.412E-1,-4.2875E-1));
#2623=CARTESIAN_POINT('',(-1.435E-1,-2.412E-1,-4.2875E-1));
#2624=VERTEX_POINT('',#2622);
#2625=VERTEX_POINT('',#2623);
#2626=CARTESIAN_POINT('',(3.95E-2,-2.412E-1,-3.3075E-1));
#2627=CARTESIAN_POINT('',(3.95E-2,-2.412E-1,-3.3925E-1));
#2628=VERTEX_POINT('',#2626);
#2629=VERTEX_POINT('',#2627);
#2630=CARTESIAN_POINT('',(6.25E-2,-2.412E-1,-3.3925E-1));
#2631=VERTEX_POINT('',#2630);
#2632=CARTESIAN_POINT('',(6.25E-2,-2.412E-1,-3.3075E-1));
#2633=VERTEX_POINT('',#2632);
#2634=CARTESIAN_POINT('',(1.205E-1,-2.412E-1,-3.3075E-1));
#2635=CARTESIAN_POINT('',(1.205E-1,-2.412E-1,-3.3925E-1));
#2636=VERTEX_POINT('',#2634);
#2637=VERTEX_POINT('',#2635);
#2638=CARTESIAN_POINT('',(1.435E-1,-2.412E-1,-3.3925E-1));
#2639=VERTEX_POINT('',#2638);
#2640=CARTESIAN_POINT('',(1.435E-1,-2.412E-1,-3.3075E-1));
#2641=VERTEX_POINT('',#2640);
#2642=CARTESIAN_POINT('',(1.435E-1,-2.412E-1,-4.2875E-1));
#2643=CARTESIAN_POINT('',(1.205E-1,-2.412E-1,-4.2875E-1));
#2644=VERTEX_POINT('',#2642);
#2645=VERTEX_POINT('',#2643);
#2646=CARTESIAN_POINT('',(-3.830222215595E-3,2.434E-1,-4.380594655302E-1));
#2647=CARTESIAN_POINT('',(3.830222215595E-3,2.434E-1,-4.380594655302E-1));
#2648=VERTEX_POINT('',#2646);
#2649=VERTEX_POINT('',#2647);
#2650=CARTESIAN_POINT('',(-6.E-2,2.56E-1,-5.05E-1));
#2651=CARTESIAN_POINT('',(-3.830222215595E-3,2.56E-1,-4.380594655302E-1));
#2652=VERTEX_POINT('',#2650);
#2653=VERTEX_POINT('',#2651);
#2654=CARTESIAN_POINT('',(3.830222215595E-3,2.56E-1,-4.380594655302E-1));
#2655=VERTEX_POINT('',#2654);
#2656=CARTESIAN_POINT('',(6.E-2,2.56E-1,-5.05E-1));
#2657=VERTEX_POINT('',#2656);
#2658=CARTESIAN_POINT('',(-2.756E-1,3.16E-2,-3.7E-1));
#2659=CARTESIAN_POINT('',(-2.756E-1,7.68E-2,-3.7E-1));
#2660=VERTEX_POINT('',#2658);
#2661=VERTEX_POINT('',#2659);
#2662=CARTESIAN_POINT('',(-2.756E-1,3.16E-2,-5.05E-1));
#2663=VERTEX_POINT('',#2662);
#2664=CARTESIAN_POINT('',(-2.756E-1,7.68E-2,-5.05E-1));
#2665=VERTEX_POINT('',#2664);
#2666=CARTESIAN_POINT('',(2.756E-1,3.16E-2,-3.7E-1));
#2667=CARTESIAN_POINT('',(2.756E-1,7.68E-2,-3.7E-1));
#2668=VERTEX_POINT('',#2666);
#2669=VERTEX_POINT('',#2667);
#2670=CARTESIAN_POINT('',(2.756E-1,3.16E-2,-5.05E-1));
#2671=VERTEX_POINT('',#2670);
#2672=CARTESIAN_POINT('',(2.756E-1,7.68E-2,-5.05E-1));
#2673=VERTEX_POINT('',#2672);
#2674=CARTESIAN_POINT('',(-2.53E-1,5.42E-2,-5.05E-1));
#2675=VERTEX_POINT('',#2674);
#2676=CARTESIAN_POINT('',(2.53E-1,5.42E-2,-5.05E-1));
#2677=VERTEX_POINT('',#2676);
#2678=CARTESIAN_POINT('',(-2.53E-1,5.42E-2,-3.7E-1));
#2679=VERTEX_POINT('',#2678);
#2680=CARTESIAN_POINT('',(2.53E-1,5.42E-2,-3.7E-1));
#2681=VERTEX_POINT('',#2680);
#2682=CARTESIAN_POINT('',(2.53E-1,2.434E-1,-5.03E-1));
#2683=CARTESIAN_POINT('',(2.63E-1,2.334E-1,-5.03E-1));
#2684=VERTEX_POINT('',#2682);
#2685=VERTEX_POINT('',#2683);
#2686=CARTESIAN_POINT('',(2.63E-1,7.74E-2,-5.03E-1));
#2687=VERTEX_POINT('',#2686);
#2688=CARTESIAN_POINT('',(2.53E-1,6.74E-2,-5.03E-1));
#2689=VERTEX_POINT('',#2688);
#2690=CARTESIAN_POINT('',(2.26E-1,6.74E-2,-5.03E-1));
#2691=VERTEX_POINT('',#2690);
#2692=CARTESIAN_POINT('',(2.26E-1,4.28E-2,-5.03E-1));
#2693=VERTEX_POINT('',#2692);
#2694=CARTESIAN_POINT('',(2.53E-1,4.28E-2,-5.03E-1));
#2695=VERTEX_POINT('',#2694);
#2696=CARTESIAN_POINT('',(2.63E-1,3.28E-2,-5.03E-1));
#2697=VERTEX_POINT('',#2696);
#2698=CARTESIAN_POINT('',(-2.63E-1,3.28E-2,-5.03E-1));
#2699=CARTESIAN_POINT('',(-2.53E-1,4.28E-2,-5.03E-1));
#2700=VERTEX_POINT('',#2698);
#2701=VERTEX_POINT('',#2699);
#2702=CARTESIAN_POINT('',(-2.26E-1,4.28E-2,-5.03E-1));
#2703=VERTEX_POINT('',#2702);
#2704=CARTESIAN_POINT('',(-2.26E-1,6.74E-2,-5.03E-1));
#2705=VERTEX_POINT('',#2704);
#2706=CARTESIAN_POINT('',(-2.53E-1,6.74E-2,-5.03E-1));
#2707=VERTEX_POINT('',#2706);
#2708=CARTESIAN_POINT('',(-2.63E-1,7.74E-2,-5.03E-1));
#2709=VERTEX_POINT('',#2708);
#2710=CARTESIAN_POINT('',(-2.63E-1,2.334E-1,-5.03E-1));
#2711=VERTEX_POINT('',#2710);
#2712=CARTESIAN_POINT('',(-2.53E-1,2.434E-1,-5.03E-1));
#2713=VERTEX_POINT('',#2712);
#2714=CARTESIAN_POINT('',(2.63E-1,-2.412E-1,-5.03E-1));
#2715=CARTESIAN_POINT('',(2.625E-1,-2.412E-1,-5.03E-1));
#2716=VERTEX_POINT('',#2714);
#2717=VERTEX_POINT('',#2715);
#2718=CARTESIAN_POINT('',(-2.625E-1,-2.412E-1,-5.03E-1));
#2719=CARTESIAN_POINT('',(-2.63E-1,-2.412E-1,-5.03E-1));
#2720=VERTEX_POINT('',#2718);
#2721=VERTEX_POINT('',#2719);
#2722=CARTESIAN_POINT('',(2.63E-1,-2.412E-1,-5.05E-1));
#2723=VERTEX_POINT('',#2722);
#2724=CARTESIAN_POINT('',(-2.63E-1,-2.412E-1,-5.05E-1));
#2725=VERTEX_POINT('',#2724);
#2726=CARTESIAN_POINT('',(2.53E-1,2.434E-1,-5.05E-1));
#2727=CARTESIAN_POINT('',(2.63E-1,2.334E-1,-5.05E-1));
#2728=VERTEX_POINT('',#2726);
#2729=VERTEX_POINT('',#2727);
#2730=CARTESIAN_POINT('',(2.63E-1,7.74E-2,-5.05E-1));
#2731=VERTEX_POINT('',#2730);
#2732=CARTESIAN_POINT('',(2.53E-1,6.74E-2,-5.05E-1));
#2733=VERTEX_POINT('',#2732);
#2734=CARTESIAN_POINT('',(2.26E-1,6.74E-2,-5.05E-1));
#2735=VERTEX_POINT('',#2734);
#2736=CARTESIAN_POINT('',(2.26E-1,4.28E-2,-5.05E-1));
#2737=VERTEX_POINT('',#2736);
#2738=CARTESIAN_POINT('',(2.53E-1,4.28E-2,-5.05E-1));
#2739=VERTEX_POINT('',#2738);
#2740=CARTESIAN_POINT('',(2.63E-1,3.28E-2,-5.05E-1));
#2741=VERTEX_POINT('',#2740);
#2742=CARTESIAN_POINT('',(2.625E-1,-2.412E-1,-5.05E-1));
#2743=CARTESIAN_POINT('',(2.325E-1,-2.412E-1,-5.05E-1));
#2744=VERTEX_POINT('',#2742);
#2745=VERTEX_POINT('',#2743);
#2746=CARTESIAN_POINT('',(-2.325E-1,-2.412E-1,-5.05E-1));
#2747=CARTESIAN_POINT('',(-2.625E-1,-2.412E-1,-5.05E-1));
#2748=VERTEX_POINT('',#2746);
#2749=VERTEX_POINT('',#2747);
#2750=CARTESIAN_POINT('',(-2.63E-1,3.28E-2,-5.05E-1));
#2751=VERTEX_POINT('',#2750);
#2752=CARTESIAN_POINT('',(-2.53E-1,4.28E-2,-5.05E-1));
#2753=VERTEX_POINT('',#2752);
#2754=CARTESIAN_POINT('',(-2.26E-1,4.28E-2,-5.05E-1));
#2755=VERTEX_POINT('',#2754);
#2756=CARTESIAN_POINT('',(-2.26E-1,6.74E-2,-5.05E-1));
#2757=VERTEX_POINT('',#2756);
#2758=CARTESIAN_POINT('',(-2.53E-1,6.74E-2,-5.05E-1));
#2759=VERTEX_POINT('',#2758);
#2760=CARTESIAN_POINT('',(-2.63E-1,7.74E-2,-5.05E-1));
#2761=VERTEX_POINT('',#2760);
#2762=CARTESIAN_POINT('',(-2.63E-1,2.334E-1,-5.05E-1));
#2763=VERTEX_POINT('',#2762);
#2764=CARTESIAN_POINT('',(-2.53E-1,2.434E-1,-5.05E-1));
#2765=VERTEX_POINT('',#2764);
#2766=CARTESIAN_POINT('',(-6.E-2,2.434E-1,-5.05E-1));
#2767=VERTEX_POINT('',#2766);
#2768=CARTESIAN_POINT('',(6.E-2,2.434E-1,-5.05E-1));
#2769=VERTEX_POINT('',#2768);
#2770=CARTESIAN_POINT('',(-2.325E-1,-2.412E-1,-5.03E-1));
#2771=VERTEX_POINT('',#2770);
#2772=CARTESIAN_POINT('',(2.325E-1,-2.412E-1,-5.03E-1));
#2773=VERTEX_POINT('',#2772);
#2774=CARTESIAN_POINT('',(5.832180073765E-2,2.434E-1,-5.03E-1));
#2775=CARTESIAN_POINT('',(-5.832180073765E-2,2.434E-1,-5.03E-1));
#2776=VERTEX_POINT('',#2774);
#2777=VERTEX_POINT('',#2775);
#2778=CARTESIAN_POINT('',(2.03E-1,1.284E-1,-4.39E-1));
#2779=CARTESIAN_POINT('',(2.03E-1,-1.782E-1,-4.39E-1));
#2780=VERTEX_POINT('',#2778);
#2781=VERTEX_POINT('',#2779);
#2782=CARTESIAN_POINT('',(-2.03E-1,-1.782E-1,-4.39E-1));
#2783=CARTESIAN_POINT('',(-2.03E-1,1.284E-1,-4.39E-1));
#2784=VERTEX_POINT('',#2782);
#2785=VERTEX_POINT('',#2783);
#2786=CARTESIAN_POINT('',(-1.401295829903E-1,2.074E-1,-4.39E-1));
#2787=CARTESIAN_POINT('',(1.401295829903E-1,2.074E-1,-4.39E-1));
#2788=VERTEX_POINT('',#2786);
#2789=VERTEX_POINT('',#2787);
#2790=CARTESIAN_POINT('',(2.03E-1,1.284E-1,-5.03E-1));
#2791=CARTESIAN_POINT('',(2.03E-1,-1.782E-1,-5.03E-1));
#2792=VERTEX_POINT('',#2790);
#2793=VERTEX_POINT('',#2791);
#2794=CARTESIAN_POINT('',(-2.03E-1,-1.782E-1,-5.03E-1));
#2795=CARTESIAN_POINT('',(-2.03E-1,1.284E-1,-5.03E-1));
#2796=VERTEX_POINT('',#2794);
#2797=VERTEX_POINT('',#2795);
#2798=CARTESIAN_POINT('',(-1.401295829903E-1,2.074E-1,-5.03E-1));
#2799=CARTESIAN_POINT('',(1.401295829903E-1,2.074E-1,-5.03E-1));
#2800=VERTEX_POINT('',#2798);
#2801=VERTEX_POINT('',#2799);
#2802=CARTESIAN_POINT('',(1.17E-1,-1.782E-1,-4.3725E-1));
#2803=CARTESIAN_POINT('',(1.47E-1,-1.782E-1,-4.3725E-1));
#2804=VERTEX_POINT('',#2802);
#2805=VERTEX_POINT('',#2803);
#2806=CARTESIAN_POINT('',(3.6E-2,-1.782E-1,-4.3725E-1));
#2807=CARTESIAN_POINT('',(6.6E-2,-1.782E-1,-4.3725E-1));
#2808=VERTEX_POINT('',#2806);
#2809=VERTEX_POINT('',#2807);
#2810=CARTESIAN_POINT('',(-1.47E-1,-1.782E-1,-4.3725E-1));
#2811=CARTESIAN_POINT('',(-1.17E-1,-1.782E-1,-4.3725E-1));
#2812=VERTEX_POINT('',#2810);
#2813=VERTEX_POINT('',#2811);
#2814=CARTESIAN_POINT('',(-6.6E-2,-1.782E-1,-4.3725E-1));
#2815=CARTESIAN_POINT('',(-3.6E-2,-1.782E-1,-4.3725E-1));
#2816=VERTEX_POINT('',#2814);
#2817=VERTEX_POINT('',#2815);
#2818=CARTESIAN_POINT('',(1.47E-1,-2.412E-1,-4.3725E-1));
#2819=CARTESIAN_POINT('',(1.47E-1,-2.412E-1,-5.03E-1));
#2820=VERTEX_POINT('',#2818);
#2821=VERTEX_POINT('',#2819);
#2822=CARTESIAN_POINT('',(1.17E-1,-2.412E-1,-4.3725E-1));
#2823=CARTESIAN_POINT('',(1.17E-1,-2.412E-1,-5.03E-1));
#2824=VERTEX_POINT('',#2822);
#2825=VERTEX_POINT('',#2823);
#2826=CARTESIAN_POINT('',(6.6E-2,-2.412E-1,-4.3725E-1));
#2827=CARTESIAN_POINT('',(6.6E-2,-2.412E-1,-5.03E-1));
#2828=VERTEX_POINT('',#2826);
#2829=VERTEX_POINT('',#2827);
#2830=CARTESIAN_POINT('',(3.6E-2,-2.412E-1,-4.3725E-1));
#2831=CARTESIAN_POINT('',(3.6E-2,-2.412E-1,-5.03E-1));
#2832=VERTEX_POINT('',#2830);
#2833=VERTEX_POINT('',#2831);
#2834=CARTESIAN_POINT('',(-1.17E-1,-2.412E-1,-4.3725E-1));
#2835=CARTESIAN_POINT('',(-1.17E-1,-2.412E-1,-5.03E-1));
#2836=VERTEX_POINT('',#2834);
#2837=VERTEX_POINT('',#2835);
#2838=CARTESIAN_POINT('',(-1.47E-1,-2.412E-1,-4.3725E-1));
#2839=CARTESIAN_POINT('',(-1.47E-1,-2.412E-1,-5.03E-1));
#2840=VERTEX_POINT('',#2838);
#2841=VERTEX_POINT('',#2839);
#2842=CARTESIAN_POINT('',(-3.6E-2,-2.412E-1,-4.3725E-1));
#2843=CARTESIAN_POINT('',(-3.6E-2,-2.412E-1,-5.03E-1));
#2844=VERTEX_POINT('',#2842);
#2845=VERTEX_POINT('',#2843);
#2846=CARTESIAN_POINT('',(-6.6E-2,-2.412E-1,-4.3725E-1));
#2847=CARTESIAN_POINT('',(-6.6E-2,-2.412E-1,-5.03E-1));
#2848=VERTEX_POINT('',#2846);
#2849=VERTEX_POINT('',#2847);
#2850=CARTESIAN_POINT('',(1.47E-1,-1.782E-1,-5.03E-1));
#2851=VERTEX_POINT('',#2850);
#2852=CARTESIAN_POINT('',(1.17E-1,-1.782E-1,-5.03E-1));
#2853=VERTEX_POINT('',#2852);
#2854=CARTESIAN_POINT('',(6.6E-2,-1.782E-1,-5.03E-1));
#2855=VERTEX_POINT('',#2854);
#2856=CARTESIAN_POINT('',(3.6E-2,-1.782E-1,-5.03E-1));
#2857=VERTEX_POINT('',#2856);
#2858=CARTESIAN_POINT('',(-1.17E-1,-1.782E-1,-5.03E-1));
#2859=VERTEX_POINT('',#2858);
#2860=CARTESIAN_POINT('',(-1.47E-1,-1.782E-1,-5.03E-1));
#2861=VERTEX_POINT('',#2860);
#2862=CARTESIAN_POINT('',(-3.6E-2,-1.782E-1,-5.03E-1));
#2863=VERTEX_POINT('',#2862);
#2864=CARTESIAN_POINT('',(-6.6E-2,-1.782E-1,-5.03E-1));
#2865=VERTEX_POINT('',#2864);
#2866=CARTESIAN_POINT('',(1.47E-1,-1.782E-1,-4.39E-1));
#2867=VERTEX_POINT('',#2866);
#2868=CARTESIAN_POINT('',(1.17E-1,-1.782E-1,-4.39E-1));
#2869=VERTEX_POINT('',#2868);
#2870=CARTESIAN_POINT('',(6.6E-2,-1.782E-1,-4.39E-1));
#2871=VERTEX_POINT('',#2870);
#2872=CARTESIAN_POINT('',(3.6E-2,-1.782E-1,-4.39E-1));
#2873=VERTEX_POINT('',#2872);
#2874=CARTESIAN_POINT('',(-1.17E-1,-1.782E-1,-4.39E-1));
#2875=VERTEX_POINT('',#2874);
#2876=CARTESIAN_POINT('',(-1.47E-1,-1.782E-1,-4.39E-1));
#2877=VERTEX_POINT('',#2876);
#2878=CARTESIAN_POINT('',(-3.6E-2,-1.782E-1,-4.39E-1));
#2879=VERTEX_POINT('',#2878);
#2880=CARTESIAN_POINT('',(-6.6E-2,-1.782E-1,-4.39E-1));
#2881=VERTEX_POINT('',#2880);
#2882=CARTESIAN_POINT('',(-1.435E-1,-2.412E-1,-4.3725E-1));
#2883=VERTEX_POINT('',#2882);
#2884=CARTESIAN_POINT('',(-1.205E-1,-2.412E-1,-4.3725E-1));
#2885=VERTEX_POINT('',#2884);
#2886=CARTESIAN_POINT('',(1.205E-1,-2.412E-1,-4.3725E-1));
#2887=VERTEX_POINT('',#2886);
#2888=CARTESIAN_POINT('',(1.435E-1,-2.412E-1,-4.3725E-1));
#2889=VERTEX_POINT('',#2888);
#2890=CARTESIAN_POINT('',(1.7E-1,0.E0,-2.5E-1));
#2891=CARTESIAN_POINT('',(-1.7E-1,0.E0,-2.5E-1));
#2892=VERTEX_POINT('',#2890);
#2893=VERTEX_POINT('',#2891);
#2894=CARTESIAN_POINT('',(-2.019999966301E-1,0.E0,0.E0));
#2895=CARTESIAN_POINT('',(2.019999966301E-1,0.E0,0.E0));
#2896=VERTEX_POINT('',#2894);
#2897=VERTEX_POINT('',#2895);
#2898=CARTESIAN_POINT('',(-1.7E-1,0.E0,-3.2E-2));
#2899=CARTESIAN_POINT('',(1.7E-1,0.E0,-3.2E-2));
#2900=VERTEX_POINT('',#2898);
#2901=VERTEX_POINT('',#2899);
#2902=CARTESIAN_POINT('',(4.38E-2,-2.22E-1,0.E0));
#2903=CARTESIAN_POINT('',(3.75E-2,-2.22E-1,0.E0));
#2904=VERTEX_POINT('',#2902);
#2905=VERTEX_POINT('',#2903);
#2906=CARTESIAN_POINT('',(-4.38E-2,-2.412E-1,0.E0));
#2907=VERTEX_POINT('',#2906);
#2908=CARTESIAN_POINT('',(3.75E-2,-2.22E-1,-1.913E-1));
#2909=CARTESIAN_POINT('',(6.1E-2,-2.22E-1,-1.26E-2));
#2910=VERTEX_POINT('',#2908);
#2911=VERTEX_POINT('',#2909);
#2912=CARTESIAN_POINT('',(3.75E-2,-2.412E-1,-1.913E-1));
#2913=CARTESIAN_POINT('',(6.1E-2,-2.412E-1,-1.26E-2));
#2914=VERTEX_POINT('',#2912);
#2915=VERTEX_POINT('',#2913);
#2916=CARTESIAN_POINT('',(-3.75E-2,-2.22E-1,0.E0));
#2917=CARTESIAN_POINT('',(-4.38E-2,-2.22E-1,0.E0));
#2918=VERTEX_POINT('',#2916);
#2919=VERTEX_POINT('',#2917);
#2920=CARTESIAN_POINT('',(4.38E-2,-2.412E-1,0.E0));
#2921=VERTEX_POINT('',#2920);
#2922=CARTESIAN_POINT('',(-3.75E-2,-2.412E-1,-1.913E-1));
#2923=VERTEX_POINT('',#2922);
#2924=CARTESIAN_POINT('',(-3.75E-2,-2.312E-1,0.E0));
#2925=CARTESIAN_POINT('',(3.75E-2,-2.312E-1,0.E0));
#2926=VERTEX_POINT('',#2924);
#2927=VERTEX_POINT('',#2925);
#2928=CARTESIAN_POINT('',(-3.75E-2,-2.412E-1,-1.E-2));
#2929=CARTESIAN_POINT('',(3.75E-2,-2.412E-1,-1.E-2));
#2930=VERTEX_POINT('',#2928);
#2931=VERTEX_POINT('',#2929);
#2932=CARTESIAN_POINT('',(3.75E-2,-2.412E-1,-1.687E-1));
#2933=CARTESIAN_POINT('',(-3.75E-2,-2.412E-1,-1.687E-1));
#2934=VERTEX_POINT('',#2932);
#2935=VERTEX_POINT('',#2933);
#2936=CARTESIAN_POINT('',(3.75E-2,-2.512E-1,-1.787E-1));
#2937=CARTESIAN_POINT('',(-3.75E-2,-2.512E-1,-1.787E-1));
#2938=VERTEX_POINT('',#2936);
#2939=VERTEX_POINT('',#2937);
#2940=CARTESIAN_POINT('',(4.38E-2,-2.412E-1,-1.26E-2));
#2941=VERTEX_POINT('',#2940);
#2942=CARTESIAN_POINT('',(-4.38E-2,-2.412E-1,-1.26E-2));
#2943=VERTEX_POINT('',#2942);
#2944=CARTESIAN_POINT('',(4.38E-2,-2.22E-1,-1.26E-2));
#2945=VERTEX_POINT('',#2944);
#2946=CARTESIAN_POINT('',(-4.38E-2,-2.22E-1,-1.26E-2));
#2947=VERTEX_POINT('',#2946);
#2948=CARTESIAN_POINT('',(-6.1E-2,-2.22E-1,-1.26E-2));
#2949=CARTESIAN_POINT('',(-3.75E-2,-2.22E-1,-1.913E-1));
#2950=VERTEX_POINT('',#2948);
#2951=VERTEX_POINT('',#2949);
#2952=CARTESIAN_POINT('',(-6.1E-2,-2.412E-1,-1.26E-2));
#2953=VERTEX_POINT('',#2952);
#2954=CARTESIAN_POINT('',(-2.756E-1,0.E0,0.E0));
#2955=DIRECTION('',(1.E0,0.E0,0.E0));
#2956=DIRECTION('',(0.E0,-1.E0,0.E0));
#2957=AXIS2_PLACEMENT_3D('',#2954,#2955,#2956);
#2958=PLANE('',#2957);
#2960=ORIENTED_EDGE('',*,*,#2959,.T.);
#2962=ORIENTED_EDGE('',*,*,#2961,.T.);
#2964=ORIENTED_EDGE('',*,*,#2963,.T.);
#2966=ORIENTED_EDGE('',*,*,#2965,.T.);
#2968=ORIENTED_EDGE('',*,*,#2967,.T.);
#2970=ORIENTED_EDGE('',*,*,#2969,.F.);
#2972=ORIENTED_EDGE('',*,*,#2971,.F.);
#2974=ORIENTED_EDGE('',*,*,#2973,.F.);
#2976=ORIENTED_EDGE('',*,*,#2975,.F.);
#2978=ORIENTED_EDGE('',*,*,#2977,.F.);
#2980=ORIENTED_EDGE('',*,*,#2979,.F.);
#2982=ORIENTED_EDGE('',*,*,#2981,.F.);
#2984=ORIENTED_EDGE('',*,*,#2983,.T.);
#2986=ORIENTED_EDGE('',*,*,#2985,.F.);
#2987=EDGE_LOOP('',(#2960,#2962,#2964,#2966,#2968,#2970,#2972,#2974,#2976,#2978,
#2980,#2982,#2984,#2986));
#2988=FACE_OUTER_BOUND('',#2987,.F.);
#2989=ADVANCED_FACE('',(#2988),#2958,.F.);
#2990=CARTESIAN_POINT('',(-2.756E-1,0.E0,-3.7E-1));
#2991=DIRECTION('',(0.E0,0.E0,-1.E0));
#2992=DIRECTION('',(-1.E0,0.E0,0.E0));
#2993=AXIS2_PLACEMENT_3D('',#2990,#2991,#2992);
#2994=PLANE('',#2993);
#2995=ORIENTED_EDGE('',*,*,#2959,.F.);
#2997=ORIENTED_EDGE('',*,*,#2996,.F.);
#2999=ORIENTED_EDGE('',*,*,#2998,.F.);
#3000=EDGE_LOOP('',(#2995,#2997,#2999));
#3001=FACE_OUTER_BOUND('',#3000,.F.);
#3002=ADVANCED_FACE('',(#3001),#2994,.T.);
#3003=CARTESIAN_POINT('',(-2.756E-1,0.E0,-3.7E-1));
#3004=DIRECTION('',(0.E0,0.E0,-1.E0));
#3005=DIRECTION('',(-1.E0,0.E0,0.E0));
#3006=AXIS2_PLACEMENT_3D('',#3003,#3004,#3005);
#3007=PLANE('',#3006);
#3009=ORIENTED_EDGE('',*,*,#3008,.T.);
#3011=ORIENTED_EDGE('',*,*,#3010,.F.);
#3013=ORIENTED_EDGE('',*,*,#3012,.F.);
#3014=EDGE_LOOP('',(#3009,#3011,#3013));
#3015=FACE_OUTER_BOUND('',#3014,.F.);
#3016=ADVANCED_FACE('',(#3015),#3007,.T.);
#3017=CARTESIAN_POINT('',(-2.53E-1,3.16E-2,-5.05E-1));
#3018=DIRECTION('',(0.E0,0.E0,-1.E0));
#3019=DIRECTION('',(-1.E0,0.E0,0.E0));
#3020=AXIS2_PLACEMENT_3D('',#3017,#3018,#3019);
#3021=CYLINDRICAL_SURFACE('',#3020,2.26E-2);
#3022=ORIENTED_EDGE('',*,*,#2985,.T.);
#3024=ORIENTED_EDGE('',*,*,#3023,.T.);
#3026=ORIENTED_EDGE('',*,*,#3025,.T.);
#3027=ORIENTED_EDGE('',*,*,#2996,.T.);
#3028=EDGE_LOOP('',(#3022,#3024,#3026,#3027));
#3029=FACE_OUTER_BOUND('',#3028,.F.);
#3030=ADVANCED_FACE('',(#3029),#3021,.T.);
#3031=CARTESIAN_POINT('',(-2.756E-1,-2.412E-1,-5.05E-1));
#3032=DIRECTION('',(0.E0,0.E0,-1.E0));
#3033=DIRECTION('',(0.E0,1.E0,0.E0));
#3034=AXIS2_PLACEMENT_3D('',#3031,#3032,#3033);
#3035=PLANE('',#3034);
#3037=ORIENTED_EDGE('',*,*,#3036,.T.);
#3039=ORIENTED_EDGE('',*,*,#3038,.T.);
#3041=ORIENTED_EDGE('',*,*,#3040,.T.);
#3043=ORIENTED_EDGE('',*,*,#3042,.T.);
#3045=ORIENTED_EDGE('',*,*,#3044,.T.);
#3047=ORIENTED_EDGE('',*,*,#3046,.T.);
#3049=ORIENTED_EDGE('',*,*,#3048,.T.);
#3051=ORIENTED_EDGE('',*,*,#3050,.T.);
#3053=ORIENTED_EDGE('',*,*,#3052,.T.);
#3055=ORIENTED_EDGE('',*,*,#3054,.T.);
#3057=ORIENTED_EDGE('',*,*,#3056,.F.);
#3059=ORIENTED_EDGE('',*,*,#3058,.F.);
#3061=ORIENTED_EDGE('',*,*,#3060,.T.);
#3063=ORIENTED_EDGE('',*,*,#3062,.F.);
#3065=ORIENTED_EDGE('',*,*,#3064,.T.);
#3067=ORIENTED_EDGE('',*,*,#3066,.T.);
#3068=EDGE_LOOP('',(#3037,#3039,#3041,#3043,#3045,#3047,#3049,#3051,#3053,#3055,
#3057,#3059,#3061,#3063,#3065,#3067));
#3069=FACE_OUTER_BOUND('',#3068,.F.);
#3070=ADVANCED_FACE('',(#3069),#3035,.T.);
#3071=CARTESIAN_POINT('',(-2.756E-1,-2.412E-1,-5.05E-1));
#3072=DIRECTION('',(0.E0,0.E0,-1.E0));
#3073=DIRECTION('',(0.E0,1.E0,0.E0));
#3074=AXIS2_PLACEMENT_3D('',#3071,#3072,#3073);
#3075=PLANE('',#3074);
#3077=ORIENTED_EDGE('',*,*,#3076,.T.);
#3079=ORIENTED_EDGE('',*,*,#3078,.T.);
#3081=ORIENTED_EDGE('',*,*,#3080,.T.);
#3083=ORIENTED_EDGE('',*,*,#3082,.F.);
#3084=EDGE_LOOP('',(#3077,#3079,#3081,#3083));
#3085=FACE_OUTER_BOUND('',#3084,.F.);
#3086=ADVANCED_FACE('',(#3085),#3075,.T.);
#3087=CARTESIAN_POINT('',(-2.756E-1,-2.412E-1,-5.05E-1));
#3088=DIRECTION('',(0.E0,0.E0,-1.E0));
#3089=DIRECTION('',(0.E0,1.E0,0.E0));
#3090=AXIS2_PLACEMENT_3D('',#3087,#3088,#3089);
#3091=PLANE('',#3090);
#3093=ORIENTED_EDGE('',*,*,#3092,.T.);
#3095=ORIENTED_EDGE('',*,*,#3094,.T.);
#3097=ORIENTED_EDGE('',*,*,#3096,.T.);
#3099=ORIENTED_EDGE('',*,*,#3098,.F.);
#3100=EDGE_LOOP('',(#3093,#3095,#3097,#3099));
#3101=FACE_OUTER_BOUND('',#3100,.F.);
#3102=ADVANCED_FACE('',(#3101),#3091,.T.);
#3103=CARTESIAN_POINT('',(-2.756E-1,-2.412E-1,-5.05E-1));
#3104=DIRECTION('',(0.E0,0.E0,-1.E0));
#3105=DIRECTION('',(0.E0,1.E0,0.E0));
#3106=AXIS2_PLACEMENT_3D('',#3103,#3104,#3105);
#3107=PLANE('',#3106);
#3109=ORIENTED_EDGE('',*,*,#3108,.T.);
#3111=ORIENTED_EDGE('',*,*,#3110,.T.);
#3113=ORIENTED_EDGE('',*,*,#3112,.T.);
#3115=ORIENTED_EDGE('',*,*,#3114,.T.);
#3117=ORIENTED_EDGE('',*,*,#3116,.T.);
#3119=ORIENTED_EDGE('',*,*,#3118,.T.);
#3121=ORIENTED_EDGE('',*,*,#3120,.T.);
#3123=ORIENTED_EDGE('',*,*,#3122,.T.);
#3125=ORIENTED_EDGE('',*,*,#3124,.T.);
#3127=ORIENTED_EDGE('',*,*,#3126,.F.);
#3129=ORIENTED_EDGE('',*,*,#3128,.F.);
#3130=ORIENTED_EDGE('',*,*,#2963,.F.);
#3132=ORIENTED_EDGE('',*,*,#3131,.F.);
#3133=ORIENTED_EDGE('',*,*,#3023,.F.);
#3134=ORIENTED_EDGE('',*,*,#2983,.F.);
#3136=ORIENTED_EDGE('',*,*,#3135,.T.);
#3137=EDGE_LOOP('',(#3109,#3111,#3113,#3115,#3117,#3119,#3121,#3123,#3125,#3127,
#3129,#3130,#3132,#3133,#3134,#3136));
#3138=FACE_OUTER_BOUND('',#3137,.F.);
#3139=ADVANCED_FACE('',(#3138),#3107,.T.);
#3140=CARTESIAN_POINT('',(2.53E-1,2.334E-1,-5.05E-1));
#3141=DIRECTION('',(0.E0,0.E0,-1.E0));
#3142=DIRECTION('',(-1.E0,0.E0,0.E0));
#3143=AXIS2_PLACEMENT_3D('',#3140,#3141,#3142);
#3144=CYLINDRICAL_SURFACE('',#3143,1.E-2);
#3145=ORIENTED_EDGE('',*,*,#3036,.F.);
#3147=ORIENTED_EDGE('',*,*,#3146,.T.);
#3149=ORIENTED_EDGE('',*,*,#3148,.T.);
#3151=ORIENTED_EDGE('',*,*,#3150,.F.);
#3152=EDGE_LOOP('',(#3145,#3147,#3149,#3151));
#3153=FACE_OUTER_BOUND('',#3152,.F.);
#3154=ADVANCED_FACE('',(#3153),#3144,.F.);
#3155=CARTESIAN_POINT('',(-2.53E-1,2.434E-1,-5.05E-1));
#3156=DIRECTION('',(0.E0,1.E0,0.E0));
#3157=DIRECTION('',(1.E0,0.E0,0.E0));
#3158=AXIS2_PLACEMENT_3D('',#3155,#3156,#3157);
#3159=PLANE('',#3158);
#3160=ORIENTED_EDGE('',*,*,#3124,.F.);
#3162=ORIENTED_EDGE('',*,*,#3161,.T.);
#3164=ORIENTED_EDGE('',*,*,#3163,.T.);
#3166=ORIENTED_EDGE('',*,*,#3165,.F.);
#3167=EDGE_LOOP('',(#3160,#3162,#3164,#3166));
#3168=FACE_OUTER_BOUND('',#3167,.F.);
#3169=ADVANCED_FACE('',(#3168),#3159,.F.);
#3170=CARTESIAN_POINT('',(-2.53E-1,2.434E-1,-5.05E-1));
#3171=DIRECTION('',(0.E0,1.E0,0.E0));
#3172=DIRECTION('',(1.E0,0.E0,0.E0));
#3173=AXIS2_PLACEMENT_3D('',#3170,#3171,#3172);
#3174=PLANE('',#3173);
#3175=ORIENTED_EDGE('',*,*,#3066,.F.);
#3177=ORIENTED_EDGE('',*,*,#3176,.T.);
#3179=ORIENTED_EDGE('',*,*,#3178,.T.);
#3180=ORIENTED_EDGE('',*,*,#3146,.F.);
#3181=EDGE_LOOP('',(#3175,#3177,#3179,#3180));
#3182=FACE_OUTER_BOUND('',#3181,.F.);
#3183=ADVANCED_FACE('',(#3182),#3174,.F.);
#3184=CARTESIAN_POINT('',(-2.53E-1,2.334E-1,-5.05E-1));
#3185=DIRECTION('',(0.E0,0.E0,-1.E0));
#3186=DIRECTION('',(-1.E0,0.E0,0.E0));
#3187=AXIS2_PLACEMENT_3D('',#3184,#3185,#3186);
#3188=CYLINDRICAL_SURFACE('',#3187,1.E-2);
#3189=ORIENTED_EDGE('',*,*,#3122,.F.);
#3191=ORIENTED_EDGE('',*,*,#3190,.T.);
#3193=ORIENTED_EDGE('',*,*,#3192,.T.);
#3194=ORIENTED_EDGE('',*,*,#3161,.F.);
#3195=EDGE_LOOP('',(#3189,#3191,#3193,#3194));
#3196=FACE_OUTER_BOUND('',#3195,.F.);
#3197=ADVANCED_FACE('',(#3196),#3188,.F.);
#3198=CARTESIAN_POINT('',(-2.63E-1,7.74E-2,-5.05E-1));
#3199=DIRECTION('',(-1.E0,0.E0,0.E0));
#3200=DIRECTION('',(0.E0,1.E0,0.E0));
#3201=AXIS2_PLACEMENT_3D('',#3198,#3199,#3200);
#3202=PLANE('',#3201);
#3203=ORIENTED_EDGE('',*,*,#3120,.F.);
#3205=ORIENTED_EDGE('',*,*,#3204,.T.);
#3207=ORIENTED_EDGE('',*,*,#3206,.T.);
#3208=ORIENTED_EDGE('',*,*,#3190,.F.);
#3209=EDGE_LOOP('',(#3203,#3205,#3207,#3208));
#3210=FACE_OUTER_BOUND('',#3209,.F.);
#3211=ADVANCED_FACE('',(#3210),#3202,.F.);
#3212=CARTESIAN_POINT('',(-2.53E-1,7.74E-2,-5.05E-1));
#3213=DIRECTION('',(0.E0,0.E0,-1.E0));
#3214=DIRECTION('',(-1.E0,0.E0,0.E0));
#3215=AXIS2_PLACEMENT_3D('',#3212,#3213,#3214);
#3216=CYLINDRICAL_SURFACE('',#3215,1.E-2);
#3217=ORIENTED_EDGE('',*,*,#3118,.F.);
#3219=ORIENTED_EDGE('',*,*,#3218,.T.);
#3221=ORIENTED_EDGE('',*,*,#3220,.T.);
#3222=ORIENTED_EDGE('',*,*,#3204,.F.);
#3223=EDGE_LOOP('',(#3217,#3219,#3221,#3222));
#3224=FACE_OUTER_BOUND('',#3223,.F.);
#3225=ADVANCED_FACE('',(#3224),#3216,.F.);
#3226=CARTESIAN_POINT('',(-2.26E-1,6.74E-2,-5.05E-1));
#3227=DIRECTION('',(0.E0,-1.E0,0.E0));
#3228=DIRECTION('',(-1.E0,0.E0,0.E0));
#3229=AXIS2_PLACEMENT_3D('',#3226,#3227,#3228);
#3230=PLANE('',#3229);
#3231=ORIENTED_EDGE('',*,*,#3116,.F.);
#3233=ORIENTED_EDGE('',*,*,#3232,.T.);
#3235=ORIENTED_EDGE('',*,*,#3234,.T.);
#3236=ORIENTED_EDGE('',*,*,#3218,.F.);
#3237=EDGE_LOOP('',(#3231,#3233,#3235,#3236));
#3238=FACE_OUTER_BOUND('',#3237,.F.);
#3239=ADVANCED_FACE('',(#3238),#3230,.F.);
#3240=CARTESIAN_POINT('',(-2.26E-1,4.28E-2,-5.05E-1));
#3241=DIRECTION('',(-1.E0,0.E0,0.E0));
#3242=DIRECTION('',(0.E0,1.E0,0.E0));
#3243=AXIS2_PLACEMENT_3D('',#3240,#3241,#3242);
#3244=PLANE('',#3243);
#3245=ORIENTED_EDGE('',*,*,#3114,.F.);
#3247=ORIENTED_EDGE('',*,*,#3246,.T.);
#3249=ORIENTED_EDGE('',*,*,#3248,.T.);
#3250=ORIENTED_EDGE('',*,*,#3232,.F.);
#3251=EDGE_LOOP('',(#3245,#3247,#3249,#3250));
#3252=FACE_OUTER_BOUND('',#3251,.F.);
#3253=ADVANCED_FACE('',(#3252),#3244,.F.);
#3254=CARTESIAN_POINT('',(-2.53E-1,4.28E-2,-5.05E-1));
#3255=DIRECTION('',(0.E0,1.E0,0.E0));
#3256=DIRECTION('',(1.E0,0.E0,0.E0));
#3257=AXIS2_PLACEMENT_3D('',#3254,#3255,#3256);
#3258=PLANE('',#3257);
#3259=ORIENTED_EDGE('',*,*,#3112,.F.);
#3261=ORIENTED_EDGE('',*,*,#3260,.T.);
#3263=ORIENTED_EDGE('',*,*,#3262,.T.);
#3264=ORIENTED_EDGE('',*,*,#3246,.F.);
#3265=EDGE_LOOP('',(#3259,#3261,#3263,#3264));
#3266=FACE_OUTER_BOUND('',#3265,.F.);
#3267=ADVANCED_FACE('',(#3266),#3258,.F.);
#3268=CARTESIAN_POINT('',(-2.53E-1,3.28E-2,-5.05E-1));
#3269=DIRECTION('',(0.E0,0.E0,-1.E0));
#3270=DIRECTION('',(-1.E0,0.E0,0.E0));
#3271=AXIS2_PLACEMENT_3D('',#3268,#3269,#3270);
#3272=CYLINDRICAL_SURFACE('',#3271,1.E-2);
#3273=ORIENTED_EDGE('',*,*,#3110,.F.);
#3275=ORIENTED_EDGE('',*,*,#3274,.T.);
#3277=ORIENTED_EDGE('',*,*,#3276,.T.);
#3278=ORIENTED_EDGE('',*,*,#3260,.F.);
#3279=EDGE_LOOP('',(#3273,#3275,#3277,#3278));
#3280=FACE_OUTER_BOUND('',#3279,.F.);
#3281=ADVANCED_FACE('',(#3280),#3272,.F.);
#3282=CARTESIAN_POINT('',(-2.63E-1,-2.412E-1,-5.05E-1));
#3283=DIRECTION('',(-1.E0,0.E0,0.E0));
#3284=DIRECTION('',(0.E0,1.E0,0.E0));
#3285=AXIS2_PLACEMENT_3D('',#3282,#3283,#3284);
#3286=PLANE('',#3285);
#3288=ORIENTED_EDGE('',*,*,#3287,.T.);
#3290=ORIENTED_EDGE('',*,*,#3289,.T.);
#3291=ORIENTED_EDGE('',*,*,#3274,.F.);
#3292=ORIENTED_EDGE('',*,*,#3108,.F.);
#3293=EDGE_LOOP('',(#3288,#3290,#3291,#3292));
#3294=FACE_OUTER_BOUND('',#3293,.F.);
#3295=ADVANCED_FACE('',(#3294),#3286,.F.);
#3296=CARTESIAN_POINT('',(-2.756E-1,-2.412E-1,0.E0));
#3297=DIRECTION('',(0.E0,-1.E0,0.E0));
#3298=DIRECTION('',(0.E0,0.E0,-1.E0));
#3299=AXIS2_PLACEMENT_3D('',#3296,#3297,#3298);
#3300=PLANE('',#3299);
#3302=ORIENTED_EDGE('',*,*,#3301,.T.);
#3304=ORIENTED_EDGE('',*,*,#3303,.T.);
#3306=ORIENTED_EDGE('',*,*,#3305,.F.);
#3308=ORIENTED_EDGE('',*,*,#3307,.T.);
#3310=ORIENTED_EDGE('',*,*,#3309,.T.);
#3312=ORIENTED_EDGE('',*,*,#3311,.T.);
#3314=ORIENTED_EDGE('',*,*,#3313,.T.);
#3316=ORIENTED_EDGE('',*,*,#3315,.F.);
#3318=ORIENTED_EDGE('',*,*,#3317,.T.);
#3319=ORIENTED_EDGE('',*,*,#3052,.F.);
#3321=ORIENTED_EDGE('',*,*,#3320,.T.);
#3323=ORIENTED_EDGE('',*,*,#3322,.T.);
#3325=ORIENTED_EDGE('',*,*,#3324,.T.);
#3327=ORIENTED_EDGE('',*,*,#3326,.T.);
#3329=ORIENTED_EDGE('',*,*,#3328,.T.);
#3331=ORIENTED_EDGE('',*,*,#3330,.T.);
#3333=ORIENTED_EDGE('',*,*,#3332,.T.);
#3335=ORIENTED_EDGE('',*,*,#3334,.T.);
#3337=ORIENTED_EDGE('',*,*,#3336,.F.);
#3339=ORIENTED_EDGE('',*,*,#3338,.T.);
#3341=ORIENTED_EDGE('',*,*,#3340,.F.);
#3343=ORIENTED_EDGE('',*,*,#3342,.F.);
#3345=ORIENTED_EDGE('',*,*,#3344,.T.);
#3347=ORIENTED_EDGE('',*,*,#3346,.T.);
#3349=ORIENTED_EDGE('',*,*,#3348,.T.);
#3351=ORIENTED_EDGE('',*,*,#3350,.F.);
#3353=ORIENTED_EDGE('',*,*,#3352,.T.);
#3355=ORIENTED_EDGE('',*,*,#3354,.T.);
#3357=ORIENTED_EDGE('',*,*,#3356,.F.);
#3359=ORIENTED_EDGE('',*,*,#3358,.F.);
#3361=ORIENTED_EDGE('',*,*,#3360,.T.);
#3363=ORIENTED_EDGE('',*,*,#3362,.T.);
#3365=ORIENTED_EDGE('',*,*,#3364,.F.);
#3367=ORIENTED_EDGE('',*,*,#3366,.F.);
#3369=ORIENTED_EDGE('',*,*,#3368,.T.);
#3371=ORIENTED_EDGE('',*,*,#3370,.T.);
#3373=ORIENTED_EDGE('',*,*,#3372,.F.);
#3375=ORIENTED_EDGE('',*,*,#3374,.F.);
#3377=ORIENTED_EDGE('',*,*,#3376,.T.);
#3379=ORIENTED_EDGE('',*,*,#3378,.T.);
#3381=ORIENTED_EDGE('',*,*,#3380,.T.);
#3383=ORIENTED_EDGE('',*,*,#3382,.F.);
#3385=ORIENTED_EDGE('',*,*,#3384,.T.);
#3387=ORIENTED_EDGE('',*,*,#3386,.T.);
#3389=ORIENTED_EDGE('',*,*,#3388,.T.);
#3391=ORIENTED_EDGE('',*,*,#3390,.T.);
#3393=ORIENTED_EDGE('',*,*,#3392,.T.);
#3395=ORIENTED_EDGE('',*,*,#3394,.T.);
#3397=ORIENTED_EDGE('',*,*,#3396,.T.);
#3399=ORIENTED_EDGE('',*,*,#3398,.T.);
#3401=ORIENTED_EDGE('',*,*,#3400,.F.);
#3403=ORIENTED_EDGE('',*,*,#3402,.T.);
#3404=ORIENTED_EDGE('',*,*,#3287,.F.);
#3405=ORIENTED_EDGE('',*,*,#3135,.F.);
#3406=ORIENTED_EDGE('',*,*,#2981,.T.);
#3408=ORIENTED_EDGE('',*,*,#3407,.T.);
#3410=ORIENTED_EDGE('',*,*,#3409,.T.);
#3412=ORIENTED_EDGE('',*,*,#3411,.F.);
#3413=ORIENTED_EDGE('',*,*,#2969,.T.);
#3415=ORIENTED_EDGE('',*,*,#3414,.T.);
#3417=ORIENTED_EDGE('',*,*,#3416,.T.);
#3419=ORIENTED_EDGE('',*,*,#3418,.T.);
#3421=ORIENTED_EDGE('',*,*,#3420,.T.);
#3423=ORIENTED_EDGE('',*,*,#3422,.T.);
#3424=EDGE_LOOP('',(#3302,#3304,#3306,#3308,#3310,#3312,#3314,#3316,#3318,#3319,
#3321,#3323,#3325,#3327,#3329,#3331,#3333,#3335,#3337,#3339,#3341,#3343,#3345,
#3347,#3349,#3351,#3353,#3355,#3357,#3359,#3361,#3363,#3365,#3367,#3369,#3371,
#3373,#3375,#3377,#3379,#3381,#3383,#3385,#3387,#3389,#3391,#3393,#3395,#3397,
#3399,#3401,#3403,#3404,#3405,#3406,#3408,#3410,#3412,#3413,#3415,#3417,#3419,
#3421,#3423));
#3425=FACE_OUTER_BOUND('',#3424,.F.);
#3427=ORIENTED_EDGE('',*,*,#3426,.T.);
#3429=ORIENTED_EDGE('',*,*,#3428,.T.);
#3431=ORIENTED_EDGE('',*,*,#3430,.T.);
#3433=ORIENTED_EDGE('',*,*,#3432,.T.);
#3434=EDGE_LOOP('',(#3427,#3429,#3431,#3433));
#3435=FACE_BOUND('',#3434,.F.);
#3437=ORIENTED_EDGE('',*,*,#3436,.T.);
#3439=ORIENTED_EDGE('',*,*,#3438,.T.);
#3441=ORIENTED_EDGE('',*,*,#3440,.T.);
#3443=ORIENTED_EDGE('',*,*,#3442,.T.);
#3444=EDGE_LOOP('',(#3437,#3439,#3441,#3443));
#3445=FACE_BOUND('',#3444,.F.);
#3447=ORIENTED_EDGE('',*,*,#3446,.T.);
#3449=ORIENTED_EDGE('',*,*,#3448,.T.);
#3451=ORIENTED_EDGE('',*,*,#3450,.T.);
#3453=ORIENTED_EDGE('',*,*,#3452,.T.);
#3454=EDGE_LOOP('',(#3447,#3449,#3451,#3453));
#3455=FACE_BOUND('',#3454,.F.);
#3457=ORIENTED_EDGE('',*,*,#3456,.T.);
#3459=ORIENTED_EDGE('',*,*,#3458,.T.);
#3461=ORIENTED_EDGE('',*,*,#3460,.T.);
#3463=ORIENTED_EDGE('',*,*,#3462,.T.);
#3464=EDGE_LOOP('',(#3457,#3459,#3461,#3463));
#3465=FACE_BOUND('',#3464,.F.);
#3466=ADVANCED_FACE('',(#3425,#3435,#3445,#3455,#3465),#3300,.T.);
#3467=CARTESIAN_POINT('',(-2.756E-1,-2.412E-1,0.E0));
#3468=DIRECTION('',(0.E0,-1.E0,0.E0));
#3469=DIRECTION('',(0.E0,0.E0,-1.E0));
#3470=AXIS2_PLACEMENT_3D('',#3467,#3468,#3469);
#3471=PLANE('',#3470);
#3473=ORIENTED_EDGE('',*,*,#3472,.T.);
#3475=ORIENTED_EDGE('',*,*,#3474,.F.);
#3477=ORIENTED_EDGE('',*,*,#3476,.T.);
#3479=ORIENTED_EDGE('',*,*,#3478,.F.);
#3480=EDGE_LOOP('',(#3473,#3475,#3477,#3479));
#3481=FACE_OUTER_BOUND('',#3480,.F.);
#3482=ADVANCED_FACE('',(#3481),#3471,.T.);
#3483=CARTESIAN_POINT('',(-3.95E-2,-2.412E-1,-3.3075E-1));
#3484=DIRECTION('',(0.E0,0.E0,1.E0));
#3485=DIRECTION('',(-1.E0,0.E0,0.E0));
#3486=AXIS2_PLACEMENT_3D('',#3483,#3484,#3485);
#3487=PLANE('',#3486);
#3488=ORIENTED_EDGE('',*,*,#3426,.F.);
#3490=ORIENTED_EDGE('',*,*,#3489,.T.);
#3492=ORIENTED_EDGE('',*,*,#3491,.T.);
#3494=ORIENTED_EDGE('',*,*,#3493,.F.);
#3495=EDGE_LOOP('',(#3488,#3490,#3492,#3494));
#3496=FACE_OUTER_BOUND('',#3495,.F.);
#3497=ADVANCED_FACE('',(#3496),#3487,.T.);
#3498=CARTESIAN_POINT('',(-3.95E-2,-2.412E-1,-3.3925E-1));
#3499=DIRECTION('',(1.E0,0.E0,0.E0));
#3500=DIRECTION('',(0.E0,0.E0,1.E0));
#3501=AXIS2_PLACEMENT_3D('',#3498,#3499,#3500);
#3502=PLANE('',#3501);
#3503=ORIENTED_EDGE('',*,*,#3432,.F.);
#3505=ORIENTED_EDGE('',*,*,#3504,.T.);
#3507=ORIENTED_EDGE('',*,*,#3506,.T.);
#3508=ORIENTED_EDGE('',*,*,#3489,.F.);
#3509=EDGE_LOOP('',(#3503,#3505,#3507,#3508));
#3510=FACE_OUTER_BOUND('',#3509,.F.);
#3511=ADVANCED_FACE('',(#3510),#3502,.T.);
#3512=CARTESIAN_POINT('',(-6.25E-2,-2.412E-1,-3.3925E-1));
#3513=DIRECTION('',(0.E0,0.E0,-1.E0));
#3514=DIRECTION('',(1.E0,0.E0,0.E0));
#3515=AXIS2_PLACEMENT_3D('',#3512,#3513,#3514);
#3516=PLANE('',#3515);
#3517=ORIENTED_EDGE('',*,*,#3430,.F.);
#3519=ORIENTED_EDGE('',*,*,#3518,.T.);
#3521=ORIENTED_EDGE('',*,*,#3520,.T.);
#3522=ORIENTED_EDGE('',*,*,#3504,.F.);
#3523=EDGE_LOOP('',(#3517,#3519,#3521,#3522));
#3524=FACE_OUTER_BOUND('',#3523,.F.);
#3525=ADVANCED_FACE('',(#3524),#3516,.T.);
#3526=CARTESIAN_POINT('',(-6.25E-2,-2.412E-1,-3.3075E-1));
#3527=DIRECTION('',(-1.E0,0.E0,0.E0));
#3528=DIRECTION('',(0.E0,0.E0,-1.E0));
#3529=AXIS2_PLACEMENT_3D('',#3526,#3527,#3528);
#3530=PLANE('',#3529);
#3531=ORIENTED_EDGE('',*,*,#3428,.F.);
#3532=ORIENTED_EDGE('',*,*,#3493,.T.);
#3534=ORIENTED_EDGE('',*,*,#3533,.T.);
#3535=ORIENTED_EDGE('',*,*,#3518,.F.);
#3536=EDGE_LOOP('',(#3531,#3532,#3534,#3535));
#3537=FACE_OUTER_BOUND('',#3536,.F.);
#3538=ADVANCED_FACE('',(#3537),#3530,.T.);
#3539=CARTESIAN_POINT('',(0.E0,-3.81E-1,0.E0));
#3540=DIRECTION('',(0.E0,-1.E0,0.E0));
#3541=DIRECTION('',(0.E0,0.E0,-1.E0));
#3542=AXIS2_PLACEMENT_3D('',#3539,#3540,#3541);
#3543=PLANE('',#3542);
#3544=ORIENTED_EDGE('',*,*,#3491,.F.);
#3545=ORIENTED_EDGE('',*,*,#3506,.F.);
#3546=ORIENTED_EDGE('',*,*,#3520,.F.);
#3547=ORIENTED_EDGE('',*,*,#3533,.F.);
#3548=EDGE_LOOP('',(#3544,#3545,#3546,#3547));
#3549=FACE_OUTER_BOUND('',#3548,.F.);
#3550=ADVANCED_FACE('',(#3549),#3543,.T.);
#3551=CARTESIAN_POINT('',(0.E0,-3.81E-1,0.E0));
#3552=DIRECTION('',(0.E0,-1.E0,0.E0));
#3553=DIRECTION('',(0.E0,0.E0,-1.E0));
#3554=AXIS2_PLACEMENT_3D('',#3551,#3552,#3553);
#3555=PLANE('',#3554);
#3557=ORIENTED_EDGE('',*,*,#3556,.F.);
#3559=ORIENTED_EDGE('',*,*,#3558,.F.);
#3561=ORIENTED_EDGE('',*,*,#3560,.F.);
#3563=ORIENTED_EDGE('',*,*,#3562,.F.);
#3564=EDGE_LOOP('',(#3557,#3559,#3561,#3563));
#3565=FACE_OUTER_BOUND('',#3564,.F.);
#3566=ADVANCED_FACE('',(#3565),#3555,.T.);
#3567=CARTESIAN_POINT('',(0.E0,-3.81E-1,0.E0));
#3568=DIRECTION('',(0.E0,-1.E0,0.E0));
#3569=DIRECTION('',(0.E0,0.E0,-1.E0));
#3570=AXIS2_PLACEMENT_3D('',#3567,#3568,#3569);
#3571=PLANE('',#3570);
#3573=ORIENTED_EDGE('',*,*,#3572,.F.);
#3575=ORIENTED_EDGE('',*,*,#3574,.F.);
#3577=ORIENTED_EDGE('',*,*,#3576,.F.);
#3579=ORIENTED_EDGE('',*,*,#3578,.F.);
#3580=EDGE_LOOP('',(#3573,#3575,#3577,#3579));
#3581=FACE_OUTER_BOUND('',#3580,.F.);
#3582=ADVANCED_FACE('',(#3581),#3571,.T.);
#3583=CARTESIAN_POINT('',(0.E0,-3.81E-1,0.E0));
#3584=DIRECTION('',(0.E0,-1.E0,0.E0));
#3585=DIRECTION('',(0.E0,0.E0,-1.E0));
#3586=AXIS2_PLACEMENT_3D('',#3583,#3584,#3585);
#3587=PLANE('',#3586);
#3589=ORIENTED_EDGE('',*,*,#3588,.F.);
#3591=ORIENTED_EDGE('',*,*,#3590,.F.);
#3593=ORIENTED_EDGE('',*,*,#3592,.F.);
#3595=ORIENTED_EDGE('',*,*,#3594,.F.);
#3596=EDGE_LOOP('',(#3589,#3591,#3593,#3595));
#3597=FACE_OUTER_BOUND('',#3596,.F.);
#3598=ADVANCED_FACE('',(#3597),#3587,.T.);
#3599=CARTESIAN_POINT('',(0.E0,-3.81E-1,0.E0));
#3600=DIRECTION('',(0.E0,-1.E0,0.E0));
#3601=DIRECTION('',(0.E0,0.E0,-1.E0));
#3602=AXIS2_PLACEMENT_3D('',#3599,#3600,#3601);
#3603=PLANE('',#3602);
#3605=ORIENTED_EDGE('',*,*,#3604,.F.);
#3607=ORIENTED_EDGE('',*,*,#3606,.F.);
#3609=ORIENTED_EDGE('',*,*,#3608,.F.);
#3611=ORIENTED_EDGE('',*,*,#3610,.F.);
#3612=EDGE_LOOP('',(#3605,#3607,#3609,#3611));
#3613=FACE_OUTER_BOUND('',#3612,.F.);
#3614=ADVANCED_FACE('',(#3613),#3603,.T.);
#3615=CARTESIAN_POINT('',(0.E0,-3.81E-1,0.E0));
#3616=DIRECTION('',(0.E0,-1.E0,0.E0));
#3617=DIRECTION('',(0.E0,0.E0,-1.E0));
#3618=AXIS2_PLACEMENT_3D('',#3615,#3616,#3617);
#3619=PLANE('',#3618);
#3621=ORIENTED_EDGE('',*,*,#3620,.F.);
#3623=ORIENTED_EDGE('',*,*,#3622,.F.);
#3625=ORIENTED_EDGE('',*,*,#3624,.F.);
#3627=ORIENTED_EDGE('',*,*,#3626,.F.);
#3628=EDGE_LOOP('',(#3621,#3623,#3625,#3627));
#3629=FACE_OUTER_BOUND('',#3628,.F.);
#3630=ADVANCED_FACE('',(#3629),#3619,.T.);
#3631=CARTESIAN_POINT('',(-1.205E-1,-2.412E-1,-3.3075E-1));
#3632=DIRECTION('',(0.E0,0.E0,1.E0));
#3633=DIRECTION('',(-1.E0,0.E0,0.E0));
#3634=AXIS2_PLACEMENT_3D('',#3631,#3632,#3633);
#3635=PLANE('',#3634);
#3636=ORIENTED_EDGE('',*,*,#3436,.F.);
#3638=ORIENTED_EDGE('',*,*,#3637,.T.);
#3639=ORIENTED_EDGE('',*,*,#3556,.T.);
#3641=ORIENTED_EDGE('',*,*,#3640,.F.);
#3642=EDGE_LOOP('',(#3636,#3638,#3639,#3641));
#3643=FACE_OUTER_BOUND('',#3642,.F.);
#3644=ADVANCED_FACE('',(#3643),#3635,.T.);
#3645=CARTESIAN_POINT('',(-1.205E-1,-2.412E-1,-3.3925E-1));
#3646=DIRECTION('',(1.E0,0.E0,0.E0));
#3647=DIRECTION('',(0.E0,0.E0,1.E0));
#3648=AXIS2_PLACEMENT_3D('',#3645,#3646,#3647);
#3649=PLANE('',#3648);
#3650=ORIENTED_EDGE('',*,*,#3442,.F.);
#3652=ORIENTED_EDGE('',*,*,#3651,.T.);
#3653=ORIENTED_EDGE('',*,*,#3558,.T.);
#3654=ORIENTED_EDGE('',*,*,#3637,.F.);
#3655=EDGE_LOOP('',(#3650,#3652,#3653,#3654));
#3656=FACE_OUTER_BOUND('',#3655,.F.);
#3657=ADVANCED_FACE('',(#3656),#3649,.T.);
#3658=CARTESIAN_POINT('',(-1.435E-1,-2.412E-1,-3.3925E-1));
#3659=DIRECTION('',(0.E0,0.E0,-1.E0));
#3660=DIRECTION('',(1.E0,0.E0,0.E0));
#3661=AXIS2_PLACEMENT_3D('',#3658,#3659,#3660);
#3662=PLANE('',#3661);
#3663=ORIENTED_EDGE('',*,*,#3440,.F.);
#3665=ORIENTED_EDGE('',*,*,#3664,.T.);
#3666=ORIENTED_EDGE('',*,*,#3560,.T.);
#3667=ORIENTED_EDGE('',*,*,#3651,.F.);
#3668=EDGE_LOOP('',(#3663,#3665,#3666,#3667));
#3669=FACE_OUTER_BOUND('',#3668,.F.);
#3670=ADVANCED_FACE('',(#3669),#3662,.T.);
#3671=CARTESIAN_POINT('',(-1.435E-1,-2.412E-1,-3.3075E-1));
#3672=DIRECTION('',(-1.E0,0.E0,0.E0));
#3673=DIRECTION('',(0.E0,0.E0,-1.E0));
#3674=AXIS2_PLACEMENT_3D('',#3671,#3672,#3673);
#3675=PLANE('',#3674);
#3676=ORIENTED_EDGE('',*,*,#3438,.F.);
#3677=ORIENTED_EDGE('',*,*,#3640,.T.);
#3678=ORIENTED_EDGE('',*,*,#3562,.T.);
#3679=ORIENTED_EDGE('',*,*,#3664,.F.);
#3680=EDGE_LOOP('',(#3676,#3677,#3678,#3679));
#3681=FACE_OUTER_BOUND('',#3680,.F.);
#3682=ADVANCED_FACE('',(#3681),#3675,.T.);
#3683=CARTESIAN_POINT('',(-1.205E-1,-2.412E-1,-4.2875E-1));
#3684=DIRECTION('',(0.E0,0.E0,1.E0));
#3685=DIRECTION('',(-1.E0,0.E0,0.E0));
#3686=AXIS2_PLACEMENT_3D('',#3683,#3684,#3685);
#3687=PLANE('',#3686);
#3688=ORIENTED_EDGE('',*,*,#3378,.F.);
#3690=ORIENTED_EDGE('',*,*,#3689,.T.);
#3691=ORIENTED_EDGE('',*,*,#3572,.T.);
#3693=ORIENTED_EDGE('',*,*,#3692,.F.);
#3694=EDGE_LOOP('',(#3688,#3690,#3691,#3693));
#3695=FACE_OUTER_BOUND('',#3694,.F.);
#3696=ADVANCED_FACE('',(#3695),#3687,.T.);
#3697=CARTESIAN_POINT('',(-1.205E-1,-2.412E-1,-4.3725E-1));
#3698=DIRECTION('',(1.E0,0.E0,0.E0));
#3699=DIRECTION('',(0.E0,0.E0,1.E0));
#3700=AXIS2_PLACEMENT_3D('',#3697,#3698,#3699);
#3701=PLANE('',#3700);
#3703=ORIENTED_EDGE('',*,*,#3702,.T.);
#3704=ORIENTED_EDGE('',*,*,#3574,.T.);
#3705=ORIENTED_EDGE('',*,*,#3689,.F.);
#3706=ORIENTED_EDGE('',*,*,#3376,.F.);
#3707=EDGE_LOOP('',(#3703,#3704,#3705,#3706));
#3708=FACE_OUTER_BOUND('',#3707,.F.);
#3709=ADVANCED_FACE('',(#3708),#3701,.T.);
#3710=CARTESIAN_POINT('',(-1.435E-1,-2.412E-1,-4.3725E-1));
#3711=DIRECTION('',(0.E0,0.E0,-1.E0));
#3712=DIRECTION('',(1.E0,0.E0,0.E0));
#3713=AXIS2_PLACEMENT_3D('',#3710,#3711,#3712);
#3714=PLANE('',#3713);
#3716=ORIENTED_EDGE('',*,*,#3715,.F.);
#3718=ORIENTED_EDGE('',*,*,#3717,.F.);
#3720=ORIENTED_EDGE('',*,*,#3719,.F.);
#3721=ORIENTED_EDGE('',*,*,#3366,.T.);
#3722=EDGE_LOOP('',(#3716,#3718,#3720,#3721));
#3723=FACE_OUTER_BOUND('',#3722,.F.);
#3724=ADVANCED_FACE('',(#3723),#3714,.T.);
#3725=CARTESIAN_POINT('',(-1.435E-1,-2.412E-1,-4.3725E-1));
#3726=DIRECTION('',(0.E0,0.E0,-1.E0));
#3727=DIRECTION('',(1.E0,0.E0,0.E0));
#3728=AXIS2_PLACEMENT_3D('',#3725,#3726,#3727);
#3729=PLANE('',#3728);
#3731=ORIENTED_EDGE('',*,*,#3730,.F.);
#3733=ORIENTED_EDGE('',*,*,#3732,.F.);
#3735=ORIENTED_EDGE('',*,*,#3734,.F.);
#3736=ORIENTED_EDGE('',*,*,#3358,.T.);
#3737=EDGE_LOOP('',(#3731,#3733,#3735,#3736));
#3738=FACE_OUTER_BOUND('',#3737,.F.);
#3739=ADVANCED_FACE('',(#3738),#3729,.T.);
#3740=CARTESIAN_POINT('',(-1.435E-1,-2.412E-1,-4.3725E-1));
#3741=DIRECTION('',(0.E0,0.E0,-1.E0));
#3742=DIRECTION('',(1.E0,0.E0,0.E0));
#3743=AXIS2_PLACEMENT_3D('',#3740,#3741,#3742);
#3744=PLANE('',#3743);
#3745=ORIENTED_EDGE('',*,*,#3350,.T.);
#3747=ORIENTED_EDGE('',*,*,#3746,.T.);
#3748=ORIENTED_EDGE('',*,*,#3626,.T.);
#3750=ORIENTED_EDGE('',*,*,#3749,.F.);
#3751=ORIENTED_EDGE('',*,*,#3342,.T.);
#3753=ORIENTED_EDGE('',*,*,#3752,.F.);
#3755=ORIENTED_EDGE('',*,*,#3754,.F.);
#3757=ORIENTED_EDGE('',*,*,#3756,.F.);
#3758=EDGE_LOOP('',(#3745,#3747,#3748,#3750,#3751,#3753,#3755,#3757));
#3759=FACE_OUTER_BOUND('',#3758,.F.);
#3760=ADVANCED_FACE('',(#3759),#3744,.T.);
#3761=CARTESIAN_POINT('',(-1.435E-1,-2.412E-1,-4.3725E-1));
#3762=DIRECTION('',(0.E0,0.E0,-1.E0));
#3763=DIRECTION('',(1.E0,0.E0,0.E0));
#3764=AXIS2_PLACEMENT_3D('',#3761,#3762,#3763);
#3765=PLANE('',#3764);
#3766=ORIENTED_EDGE('',*,*,#3702,.F.);
#3767=ORIENTED_EDGE('',*,*,#3374,.T.);
#3769=ORIENTED_EDGE('',*,*,#3768,.F.);
#3771=ORIENTED_EDGE('',*,*,#3770,.F.);
#3773=ORIENTED_EDGE('',*,*,#3772,.F.);
#3774=ORIENTED_EDGE('',*,*,#3382,.T.);
#3776=ORIENTED_EDGE('',*,*,#3775,.T.);
#3777=ORIENTED_EDGE('',*,*,#3576,.T.);
#3778=EDGE_LOOP('',(#3766,#3767,#3769,#3771,#3773,#3774,#3776,#3777));
#3779=FACE_OUTER_BOUND('',#3778,.F.);
#3780=ADVANCED_FACE('',(#3779),#3765,.T.);
#3781=CARTESIAN_POINT('',(-3.6E-2,-1.782E-1,-5.03E-1));
#3782=DIRECTION('',(1.E0,0.E0,0.E0));
#3783=DIRECTION('',(0.E0,-1.E0,0.E0));
#3784=AXIS2_PLACEMENT_3D('',#3781,#3782,#3783);
#3785=PLANE('',#3784);
#3786=ORIENTED_EDGE('',*,*,#3364,.T.);
#3788=ORIENTED_EDGE('',*,*,#3787,.T.);
#3790=ORIENTED_EDGE('',*,*,#3789,.T.);
#3792=ORIENTED_EDGE('',*,*,#3791,.T.);
#3793=ORIENTED_EDGE('',*,*,#3715,.T.);
#3794=EDGE_LOOP('',(#3786,#3788,#3790,#3792,#3793));
#3795=FACE_OUTER_BOUND('',#3794,.F.);
#3796=ADVANCED_FACE('',(#3795),#3785,.F.);
#3797=CARTESIAN_POINT('',(-2.756E-1,0.E0,-5.03E-1));
#3798=DIRECTION('',(0.E0,0.E0,-1.E0));
#3799=DIRECTION('',(-1.E0,0.E0,0.E0));
#3800=AXIS2_PLACEMENT_3D('',#3797,#3798,#3799);
#3801=PLANE('',#3800);
#3803=ORIENTED_EDGE('',*,*,#3802,.F.);
#3804=ORIENTED_EDGE('',*,*,#3338,.F.);
#3806=ORIENTED_EDGE('',*,*,#3805,.F.);
#3807=ORIENTED_EDGE('',*,*,#3322,.F.);
#3809=ORIENTED_EDGE('',*,*,#3808,.F.);
#3811=ORIENTED_EDGE('',*,*,#3810,.F.);
#3813=ORIENTED_EDGE('',*,*,#3812,.F.);
#3815=ORIENTED_EDGE('',*,*,#3814,.F.);
#3817=ORIENTED_EDGE('',*,*,#3816,.F.);
#3819=ORIENTED_EDGE('',*,*,#3818,.F.);
#3821=ORIENTED_EDGE('',*,*,#3820,.F.);
#3822=ORIENTED_EDGE('',*,*,#3148,.F.);
#3823=ORIENTED_EDGE('',*,*,#3178,.F.);
#3825=ORIENTED_EDGE('',*,*,#3824,.T.);
#3826=ORIENTED_EDGE('',*,*,#3163,.F.);
#3827=ORIENTED_EDGE('',*,*,#3192,.F.);
#3828=ORIENTED_EDGE('',*,*,#3206,.F.);
#3829=ORIENTED_EDGE('',*,*,#3220,.F.);
#3830=ORIENTED_EDGE('',*,*,#3234,.F.);
#3831=ORIENTED_EDGE('',*,*,#3248,.F.);
#3832=ORIENTED_EDGE('',*,*,#3262,.F.);
#3833=ORIENTED_EDGE('',*,*,#3276,.F.);
#3834=ORIENTED_EDGE('',*,*,#3289,.F.);
#3835=ORIENTED_EDGE('',*,*,#3402,.F.);
#3837=ORIENTED_EDGE('',*,*,#3836,.F.);
#3838=ORIENTED_EDGE('',*,*,#3386,.F.);
#3840=ORIENTED_EDGE('',*,*,#3839,.T.);
#3842=ORIENTED_EDGE('',*,*,#3841,.T.);
#3844=ORIENTED_EDGE('',*,*,#3843,.T.);
#3846=ORIENTED_EDGE('',*,*,#3845,.T.);
#3848=ORIENTED_EDGE('',*,*,#3847,.T.);
#3850=ORIENTED_EDGE('',*,*,#3849,.T.);
#3852=ORIENTED_EDGE('',*,*,#3851,.T.);
#3854=ORIENTED_EDGE('',*,*,#3853,.T.);
#3855=EDGE_LOOP('',(#3803,#3804,#3806,#3807,#3809,#3811,#3813,#3815,#3817,#3819,
#3821,#3822,#3823,#3825,#3826,#3827,#3828,#3829,#3830,#3831,#3832,#3833,#3834,
#3835,#3837,#3838,#3840,#3842,#3844,#3846,#3848,#3850,#3852,#3854));
#3856=FACE_OUTER_BOUND('',#3855,.F.);
#3857=ADVANCED_FACE('',(#3856),#3801,.T.);
#3858=CARTESIAN_POINT('',(-2.756E-1,0.E0,-5.03E-1));
#3859=DIRECTION('',(0.E0,0.E0,-1.E0));
#3860=DIRECTION('',(-1.E0,0.E0,0.E0));
#3861=AXIS2_PLACEMENT_3D('',#3858,#3859,#3860);
#3862=PLANE('',#3861);
#3864=ORIENTED_EDGE('',*,*,#3863,.T.);
#3866=ORIENTED_EDGE('',*,*,#3865,.T.);
#3868=ORIENTED_EDGE('',*,*,#3867,.F.);
#3869=ORIENTED_EDGE('',*,*,#3354,.F.);
#3870=EDGE_LOOP('',(#3864,#3866,#3868,#3869));
#3871=FACE_OUTER_BOUND('',#3870,.F.);
#3872=ADVANCED_FACE('',(#3871),#3862,.T.);
#3873=CARTESIAN_POINT('',(-2.756E-1,0.E0,-5.03E-1));
#3874=DIRECTION('',(0.E0,0.E0,-1.E0));
#3875=DIRECTION('',(-1.E0,0.E0,0.E0));
#3876=AXIS2_PLACEMENT_3D('',#3873,#3874,#3875);
#3877=PLANE('',#3876);
#3879=ORIENTED_EDGE('',*,*,#3878,.T.);
#3881=ORIENTED_EDGE('',*,*,#3880,.T.);
#3882=ORIENTED_EDGE('',*,*,#3787,.F.);
#3883=ORIENTED_EDGE('',*,*,#3362,.F.);
#3884=EDGE_LOOP('',(#3879,#3881,#3882,#3883));
#3885=FACE_OUTER_BOUND('',#3884,.F.);
#3886=ADVANCED_FACE('',(#3885),#3877,.T.);
#3887=CARTESIAN_POINT('',(-2.756E-1,0.E0,-5.03E-1));
#3888=DIRECTION('',(0.E0,0.E0,-1.E0));
#3889=DIRECTION('',(-1.E0,0.E0,0.E0));
#3890=AXIS2_PLACEMENT_3D('',#3887,#3888,#3889);
#3891=PLANE('',#3890);
#3893=ORIENTED_EDGE('',*,*,#3892,.F.);
#3894=ORIENTED_EDGE('',*,*,#3370,.F.);
#3896=ORIENTED_EDGE('',*,*,#3895,.T.);
#3898=ORIENTED_EDGE('',*,*,#3897,.T.);
#3899=EDGE_LOOP('',(#3893,#3894,#3896,#3898));
#3900=FACE_OUTER_BOUND('',#3899,.F.);
#3901=ADVANCED_FACE('',(#3900),#3891,.T.);
#3902=CARTESIAN_POINT('',(1.47E-1,-1.782E-1,-5.03E-1));
#3903=DIRECTION('',(1.E0,0.E0,0.E0));
#3904=DIRECTION('',(0.E0,-1.E0,0.E0));
#3905=AXIS2_PLACEMENT_3D('',#3902,#3903,#3904);
#3906=PLANE('',#3905);
#3907=ORIENTED_EDGE('',*,*,#3340,.T.);
#3908=ORIENTED_EDGE('',*,*,#3802,.T.);
#3910=ORIENTED_EDGE('',*,*,#3909,.T.);
#3912=ORIENTED_EDGE('',*,*,#3911,.T.);
#3913=ORIENTED_EDGE('',*,*,#3752,.T.);
#3914=EDGE_LOOP('',(#3907,#3908,#3910,#3912,#3913));
#3915=FACE_OUTER_BOUND('',#3914,.F.);
#3916=ADVANCED_FACE('',(#3915),#3906,.F.);
#3917=CARTESIAN_POINT('',(2.03E-1,-1.782E-1,-5.03E-1));
#3918=DIRECTION('',(0.E0,-1.E0,0.E0));
#3919=DIRECTION('',(-1.E0,0.E0,0.E0));
#3920=AXIS2_PLACEMENT_3D('',#3917,#3918,#3919);
#3921=PLANE('',#3920);
#3922=ORIENTED_EDGE('',*,*,#3909,.F.);
#3923=ORIENTED_EDGE('',*,*,#3853,.F.);
#3925=ORIENTED_EDGE('',*,*,#3924,.T.);
#3927=ORIENTED_EDGE('',*,*,#3926,.T.);
#3928=EDGE_LOOP('',(#3922,#3923,#3925,#3927));
#3929=FACE_OUTER_BOUND('',#3928,.F.);
#3930=ADVANCED_FACE('',(#3929),#3921,.F.);
#3931=CARTESIAN_POINT('',(2.03E-1,-1.782E-1,-5.03E-1));
#3932=DIRECTION('',(0.E0,-1.E0,0.E0));
#3933=DIRECTION('',(-1.E0,0.E0,0.E0));
#3934=AXIS2_PLACEMENT_3D('',#3931,#3932,#3933);
#3935=PLANE('',#3934);
#3937=ORIENTED_EDGE('',*,*,#3936,.T.);
#3939=ORIENTED_EDGE('',*,*,#3938,.T.);
#3941=ORIENTED_EDGE('',*,*,#3940,.F.);
#3942=ORIENTED_EDGE('',*,*,#3865,.F.);
#3943=EDGE_LOOP('',(#3937,#3939,#3941,#3942));
#3944=FACE_OUTER_BOUND('',#3943,.F.);
#3945=ADVANCED_FACE('',(#3944),#3935,.F.);
#3946=CARTESIAN_POINT('',(2.03E-1,-1.782E-1,-5.03E-1));
#3947=DIRECTION('',(0.E0,-1.E0,0.E0));
#3948=DIRECTION('',(-1.E0,0.E0,0.E0));
#3949=AXIS2_PLACEMENT_3D('',#3946,#3947,#3948);
#3950=PLANE('',#3949);
#3952=ORIENTED_EDGE('',*,*,#3951,.T.);
#3954=ORIENTED_EDGE('',*,*,#3953,.T.);
#3955=ORIENTED_EDGE('',*,*,#3789,.F.);
#3956=ORIENTED_EDGE('',*,*,#3880,.F.);
#3957=EDGE_LOOP('',(#3952,#3954,#3955,#3956));
#3958=FACE_OUTER_BOUND('',#3957,.F.);
#3959=ADVANCED_FACE('',(#3958),#3950,.F.);
#3960=CARTESIAN_POINT('',(2.03E-1,-1.782E-1,-5.03E-1));
#3961=DIRECTION('',(0.E0,-1.E0,0.E0));
#3962=DIRECTION('',(-1.E0,0.E0,0.E0));
#3963=AXIS2_PLACEMENT_3D('',#3960,#3961,#3962);
#3964=PLANE('',#3963);
#3966=ORIENTED_EDGE('',*,*,#3965,.F.);
#3967=ORIENTED_EDGE('',*,*,#3897,.F.);
#3969=ORIENTED_EDGE('',*,*,#3968,.T.);
#3971=ORIENTED_EDGE('',*,*,#3970,.T.);
#3972=EDGE_LOOP('',(#3966,#3967,#3969,#3971));
#3973=FACE_OUTER_BOUND('',#3972,.F.);
#3974=ADVANCED_FACE('',(#3973),#3964,.F.);
#3975=CARTESIAN_POINT('',(2.03E-1,-1.782E-1,-5.03E-1));
#3976=DIRECTION('',(0.E0,-1.E0,0.E0));
#3977=DIRECTION('',(-1.E0,0.E0,0.E0));
#3978=AXIS2_PLACEMENT_3D('',#3975,#3976,#3977);
#3979=PLANE('',#3978);
#3981=ORIENTED_EDGE('',*,*,#3980,.T.);
#3983=ORIENTED_EDGE('',*,*,#3982,.T.);
#3985=ORIENTED_EDGE('',*,*,#3984,.F.);
#3986=ORIENTED_EDGE('',*,*,#3841,.F.);
#3987=EDGE_LOOP('',(#3981,#3983,#3985,#3986));
#3988=FACE_OUTER_BOUND('',#3987,.F.);
#3989=ADVANCED_FACE('',(#3988),#3979,.F.);
#3990=CARTESIAN_POINT('',(2.03E-1,1.284E-1,-5.03E-1));
#3991=DIRECTION('',(1.E0,0.E0,0.E0));
#3992=DIRECTION('',(0.E0,-1.E0,0.E0));
#3993=AXIS2_PLACEMENT_3D('',#3990,#3991,#3992);
#3994=PLANE('',#3993);
#3995=ORIENTED_EDGE('',*,*,#3851,.F.);
#3997=ORIENTED_EDGE('',*,*,#3996,.T.);
#3999=ORIENTED_EDGE('',*,*,#3998,.T.);
#4000=ORIENTED_EDGE('',*,*,#3924,.F.);
#4001=EDGE_LOOP('',(#3995,#3997,#3999,#4000));
#4002=FACE_OUTER_BOUND('',#4001,.F.);
#4003=ADVANCED_FACE('',(#4002),#3994,.F.);
#4004=CARTESIAN_POINT('',(0.E0,3.136392423434E-2,-5.03E-1));
#4005=DIRECTION('',(0.E0,0.E0,-1.E0));
#4006=DIRECTION('',(-1.E0,0.E0,0.E0));
#4007=AXIS2_PLACEMENT_3D('',#4004,#4005,#4006);
#4008=CYLINDRICAL_SURFACE('',#4007,2.25E-1);
#4009=ORIENTED_EDGE('',*,*,#3849,.F.);
#4011=ORIENTED_EDGE('',*,*,#4010,.T.);
#4013=ORIENTED_EDGE('',*,*,#4012,.T.);
#4014=ORIENTED_EDGE('',*,*,#3996,.F.);
#4015=EDGE_LOOP('',(#4009,#4011,#4013,#4014));
#4016=FACE_OUTER_BOUND('',#4015,.F.);
#4017=ADVANCED_FACE('',(#4016),#4008,.F.);
#4018=CARTESIAN_POINT('',(-1.401295829903E-1,2.074E-1,-5.03E-1));
#4019=DIRECTION('',(0.E0,1.E0,0.E0));
#4020=DIRECTION('',(1.E0,0.E0,0.E0));
#4021=AXIS2_PLACEMENT_3D('',#4018,#4019,#4020);
#4022=PLANE('',#4021);
#4023=ORIENTED_EDGE('',*,*,#3847,.F.);
#4025=ORIENTED_EDGE('',*,*,#4024,.T.);
#4027=ORIENTED_EDGE('',*,*,#4026,.T.);
#4028=ORIENTED_EDGE('',*,*,#4010,.F.);
#4029=EDGE_LOOP('',(#4023,#4025,#4027,#4028));
#4030=FACE_OUTER_BOUND('',#4029,.F.);
#4031=ADVANCED_FACE('',(#4030),#4022,.F.);
#4032=CARTESIAN_POINT('',(0.E0,3.136392423434E-2,-5.03E-1));
#4033=DIRECTION('',(0.E0,0.E0,-1.E0));
#4034=DIRECTION('',(-1.E0,0.E0,0.E0));
#4035=AXIS2_PLACEMENT_3D('',#4032,#4033,#4034);
#4036=CYLINDRICAL_SURFACE('',#4035,2.25E-1);
#4037=ORIENTED_EDGE('',*,*,#3845,.F.);
#4039=ORIENTED_EDGE('',*,*,#4038,.T.);
#4041=ORIENTED_EDGE('',*,*,#4040,.T.);
#4042=ORIENTED_EDGE('',*,*,#4024,.F.);
#4043=EDGE_LOOP('',(#4037,#4039,#4041,#4042));
#4044=FACE_OUTER_BOUND('',#4043,.F.);
#4045=ADVANCED_FACE('',(#4044),#4036,.F.);
#4046=CARTESIAN_POINT('',(-2.03E-1,-1.782E-1,-5.03E-1));
#4047=DIRECTION('',(-1.E0,0.E0,0.E0));
#4048=DIRECTION('',(0.E0,1.E0,0.E0));
#4049=AXIS2_PLACEMENT_3D('',#4046,#4047,#4048);
#4050=PLANE('',#4049);
#4051=ORIENTED_EDGE('',*,*,#3843,.F.);
#4052=ORIENTED_EDGE('',*,*,#3984,.T.);
#4054=ORIENTED_EDGE('',*,*,#4053,.T.);
#4055=ORIENTED_EDGE('',*,*,#4038,.F.);
#4056=EDGE_LOOP('',(#4051,#4052,#4054,#4055));
#4057=FACE_OUTER_BOUND('',#4056,.F.);
#4058=ADVANCED_FACE('',(#4057),#4050,.F.);
#4059=CARTESIAN_POINT('',(-2.756E-1,0.E0,-4.39E-1));
#4060=DIRECTION('',(0.E0,0.E0,-1.E0));
#4061=DIRECTION('',(-1.E0,0.E0,0.E0));
#4062=AXIS2_PLACEMENT_3D('',#4059,#4060,#4061);
#4063=PLANE('',#4062);
#4065=ORIENTED_EDGE('',*,*,#4064,.T.);
#4066=ORIENTED_EDGE('',*,*,#3926,.F.);
#4067=ORIENTED_EDGE('',*,*,#3998,.F.);
#4068=ORIENTED_EDGE('',*,*,#4012,.F.);
#4069=ORIENTED_EDGE('',*,*,#4026,.F.);
#4070=ORIENTED_EDGE('',*,*,#4040,.F.);
#4071=ORIENTED_EDGE('',*,*,#4053,.F.);
#4072=ORIENTED_EDGE('',*,*,#3982,.F.);
#4074=ORIENTED_EDGE('',*,*,#4073,.T.);
#4075=ORIENTED_EDGE('',*,*,#3970,.F.);
#4077=ORIENTED_EDGE('',*,*,#4076,.T.);
#4078=ORIENTED_EDGE('',*,*,#3953,.F.);
#4080=ORIENTED_EDGE('',*,*,#4079,.T.);
#4081=ORIENTED_EDGE('',*,*,#3938,.F.);
#4082=EDGE_LOOP('',(#4065,#4066,#4067,#4068,#4069,#4070,#4071,#4072,#4074,#4075,
#4077,#4078,#4080,#4081));
#4083=FACE_OUTER_BOUND('',#4082,.F.);
#4084=ADVANCED_FACE('',(#4083),#4063,.T.);
#4085=CARTESIAN_POINT('',(1.17E-1,-1.782E-1,-5.03E-1));
#4086=DIRECTION('',(0.E0,1.E0,0.E0));
#4087=DIRECTION('',(1.E0,0.E0,0.E0));
#4088=AXIS2_PLACEMENT_3D('',#4085,#4086,#4087);
#4089=PLANE('',#4088);
#4090=ORIENTED_EDGE('',*,*,#4064,.F.);
#4092=ORIENTED_EDGE('',*,*,#4091,.T.);
#4093=ORIENTED_EDGE('',*,*,#3754,.T.);
#4094=ORIENTED_EDGE('',*,*,#3911,.F.);
#4095=EDGE_LOOP('',(#4090,#4092,#4093,#4094));
#4096=FACE_OUTER_BOUND('',#4095,.F.);
#4097=ADVANCED_FACE('',(#4096),#4089,.F.);
#4098=CARTESIAN_POINT('',(1.17E-1,-2.412E-1,-5.03E-1));
#4099=DIRECTION('',(-1.E0,0.E0,0.E0));
#4100=DIRECTION('',(0.E0,1.E0,0.E0));
#4101=AXIS2_PLACEMENT_3D('',#4098,#4099,#4100);
#4102=PLANE('',#4101);
#4103=ORIENTED_EDGE('',*,*,#3352,.F.);
#4104=ORIENTED_EDGE('',*,*,#3756,.T.);
#4105=ORIENTED_EDGE('',*,*,#4091,.F.);
#4106=ORIENTED_EDGE('',*,*,#3936,.F.);
#4107=ORIENTED_EDGE('',*,*,#3863,.F.);
#4108=EDGE_LOOP('',(#4103,#4104,#4105,#4106,#4107));
#4109=FACE_OUTER_BOUND('',#4108,.F.);
#4110=ADVANCED_FACE('',(#4109),#4102,.F.);
#4111=CARTESIAN_POINT('',(-1.47E-1,-1.782E-1,-5.03E-1));
#4112=DIRECTION('',(0.E0,1.E0,0.E0));
#4113=DIRECTION('',(1.E0,0.E0,0.E0));
#4114=AXIS2_PLACEMENT_3D('',#4111,#4112,#4113);
#4115=PLANE('',#4114);
#4116=ORIENTED_EDGE('',*,*,#4073,.F.);
#4118=ORIENTED_EDGE('',*,*,#4117,.T.);
#4119=ORIENTED_EDGE('',*,*,#3770,.T.);
#4121=ORIENTED_EDGE('',*,*,#4120,.F.);
#4122=EDGE_LOOP('',(#4116,#4118,#4119,#4121));
#4123=FACE_OUTER_BOUND('',#4122,.F.);
#4124=ADVANCED_FACE('',(#4123),#4115,.F.);
#4125=CARTESIAN_POINT('',(-1.47E-1,-2.412E-1,-5.03E-1));
#4126=DIRECTION('',(-1.E0,0.E0,0.E0));
#4127=DIRECTION('',(0.E0,1.E0,0.E0));
#4128=AXIS2_PLACEMENT_3D('',#4125,#4126,#4127);
#4129=PLANE('',#4128);
#4130=ORIENTED_EDGE('',*,*,#3384,.F.);
#4131=ORIENTED_EDGE('',*,*,#3772,.T.);
#4132=ORIENTED_EDGE('',*,*,#4117,.F.);
#4133=ORIENTED_EDGE('',*,*,#3980,.F.);
#4134=ORIENTED_EDGE('',*,*,#3839,.F.);
#4135=EDGE_LOOP('',(#4130,#4131,#4132,#4133,#4134));
#4136=FACE_OUTER_BOUND('',#4135,.F.);
#4137=ADVANCED_FACE('',(#4136),#4129,.F.);
#4138=CARTESIAN_POINT('',(-1.17E-1,-1.782E-1,-5.03E-1));
#4139=DIRECTION('',(1.E0,0.E0,0.E0));
#4140=DIRECTION('',(0.E0,-1.E0,0.E0));
#4141=AXIS2_PLACEMENT_3D('',#4138,#4139,#4140);
#4142=PLANE('',#4141);
#4143=ORIENTED_EDGE('',*,*,#3372,.T.);
#4144=ORIENTED_EDGE('',*,*,#3892,.T.);
#4145=ORIENTED_EDGE('',*,*,#3965,.T.);
#4146=ORIENTED_EDGE('',*,*,#4120,.T.);
#4147=ORIENTED_EDGE('',*,*,#3768,.T.);
#4148=EDGE_LOOP('',(#4143,#4144,#4145,#4146,#4147));
#4149=FACE_OUTER_BOUND('',#4148,.F.);
#4150=ADVANCED_FACE('',(#4149),#4142,.F.);
#4151=CARTESIAN_POINT('',(-6.6E-2,-1.782E-1,-5.03E-1));
#4152=DIRECTION('',(0.E0,1.E0,0.E0));
#4153=DIRECTION('',(1.E0,0.E0,0.E0));
#4154=AXIS2_PLACEMENT_3D('',#4151,#4152,#4153);
#4155=PLANE('',#4154);
#4156=ORIENTED_EDGE('',*,*,#4076,.F.);
#4158=ORIENTED_EDGE('',*,*,#4157,.T.);
#4159=ORIENTED_EDGE('',*,*,#3717,.T.);
#4160=ORIENTED_EDGE('',*,*,#3791,.F.);
#4161=EDGE_LOOP('',(#4156,#4158,#4159,#4160));
#4162=FACE_OUTER_BOUND('',#4161,.F.);
#4163=ADVANCED_FACE('',(#4162),#4155,.F.);
#4164=CARTESIAN_POINT('',(-6.6E-2,-2.412E-1,-5.03E-1));
#4165=DIRECTION('',(-1.E0,0.E0,0.E0));
#4166=DIRECTION('',(0.E0,1.E0,0.E0));
#4167=AXIS2_PLACEMENT_3D('',#4164,#4165,#4166);
#4168=PLANE('',#4167);
#4169=ORIENTED_EDGE('',*,*,#3368,.F.);
#4170=ORIENTED_EDGE('',*,*,#3719,.T.);
#4171=ORIENTED_EDGE('',*,*,#4157,.F.);
#4172=ORIENTED_EDGE('',*,*,#3968,.F.);
#4173=ORIENTED_EDGE('',*,*,#3895,.F.);
#4174=EDGE_LOOP('',(#4169,#4170,#4171,#4172,#4173));
#4175=FACE_OUTER_BOUND('',#4174,.F.);
#4176=ADVANCED_FACE('',(#4175),#4168,.F.);
#4177=CARTESIAN_POINT('',(3.6E-2,-1.782E-1,-5.03E-1));
#4178=DIRECTION('',(0.E0,1.E0,0.E0));
#4179=DIRECTION('',(1.E0,0.E0,0.E0));
#4180=AXIS2_PLACEMENT_3D('',#4177,#4178,#4179);
#4181=PLANE('',#4180);
#4182=ORIENTED_EDGE('',*,*,#4079,.F.);
#4184=ORIENTED_EDGE('',*,*,#4183,.T.);
#4185=ORIENTED_EDGE('',*,*,#3732,.T.);
#4187=ORIENTED_EDGE('',*,*,#4186,.F.);
#4188=EDGE_LOOP('',(#4182,#4184,#4185,#4187));
#4189=FACE_OUTER_BOUND('',#4188,.F.);
#4190=ADVANCED_FACE('',(#4189),#4181,.F.);
#4191=CARTESIAN_POINT('',(3.6E-2,-2.412E-1,-5.03E-1));
#4192=DIRECTION('',(-1.E0,0.E0,0.E0));
#4193=DIRECTION('',(0.E0,1.E0,0.E0));
#4194=AXIS2_PLACEMENT_3D('',#4191,#4192,#4193);
#4195=PLANE('',#4194);
#4196=ORIENTED_EDGE('',*,*,#3360,.F.);
#4197=ORIENTED_EDGE('',*,*,#3734,.T.);
#4198=ORIENTED_EDGE('',*,*,#4183,.F.);
#4199=ORIENTED_EDGE('',*,*,#3951,.F.);
#4200=ORIENTED_EDGE('',*,*,#3878,.F.);
#4201=EDGE_LOOP('',(#4196,#4197,#4198,#4199,#4200));
#4202=FACE_OUTER_BOUND('',#4201,.F.);
#4203=ADVANCED_FACE('',(#4202),#4195,.F.);
#4204=CARTESIAN_POINT('',(6.6E-2,-1.782E-1,-5.03E-1));
#4205=DIRECTION('',(1.E0,0.E0,0.E0));
#4206=DIRECTION('',(0.E0,-1.E0,0.E0));
#4207=AXIS2_PLACEMENT_3D('',#4204,#4205,#4206);
#4208=PLANE('',#4207);
#4209=ORIENTED_EDGE('',*,*,#3356,.T.);
#4210=ORIENTED_EDGE('',*,*,#3867,.T.);
#4211=ORIENTED_EDGE('',*,*,#3940,.T.);
#4212=ORIENTED_EDGE('',*,*,#4186,.T.);
#4213=ORIENTED_EDGE('',*,*,#3730,.T.);
#4214=EDGE_LOOP('',(#4209,#4210,#4211,#4212,#4213));
#4215=FACE_OUTER_BOUND('',#4214,.F.);
#4216=ADVANCED_FACE('',(#4215),#4208,.F.);
#4217=CARTESIAN_POINT('',(2.63E-1,-2.412E-1,-5.05E-1));
#4218=DIRECTION('',(0.E0,-1.E0,0.E0));
#4219=DIRECTION('',(-1.E0,0.E0,0.E0));
#4220=AXIS2_PLACEMENT_3D('',#4217,#4218,#4219);
#4221=PLANE('',#4220);
#4222=ORIENTED_EDGE('',*,*,#3076,.F.);
#4224=ORIENTED_EDGE('',*,*,#4223,.T.);
#4225=ORIENTED_EDGE('',*,*,#3805,.T.);
#4227=ORIENTED_EDGE('',*,*,#4226,.F.);
#4228=EDGE_LOOP('',(#4222,#4224,#4225,#4227));
#4229=FACE_OUTER_BOUND('',#4228,.F.);
#4230=ADVANCED_FACE('',(#4229),#4221,.F.);
#4231=CARTESIAN_POINT('',(2.63E-1,-2.412E-1,-5.05E-1));
#4232=DIRECTION('',(0.E0,-1.E0,0.E0));
#4233=DIRECTION('',(-1.E0,0.E0,0.E0));
#4234=AXIS2_PLACEMENT_3D('',#4231,#4232,#4233);
#4235=PLANE('',#4234);
#4236=ORIENTED_EDGE('',*,*,#3092,.F.);
#4238=ORIENTED_EDGE('',*,*,#4237,.T.);
#4239=ORIENTED_EDGE('',*,*,#3836,.T.);
#4241=ORIENTED_EDGE('',*,*,#4240,.F.);
#4242=EDGE_LOOP('',(#4236,#4238,#4239,#4241));
#4243=FACE_OUTER_BOUND('',#4242,.F.);
#4244=ADVANCED_FACE('',(#4243),#4235,.F.);
#4245=CARTESIAN_POINT('',(2.625E-1,-2.412E-1,-5.05E-1));
#4246=DIRECTION('',(1.E0,0.E0,0.E0));
#4247=DIRECTION('',(0.E0,0.E0,1.E0));
#4248=AXIS2_PLACEMENT_3D('',#4245,#4246,#4247);
#4249=PLANE('',#4248);
#4250=ORIENTED_EDGE('',*,*,#4223,.F.);
#4251=ORIENTED_EDGE('',*,*,#3082,.T.);
#4253=ORIENTED_EDGE('',*,*,#4252,.T.);
#4255=ORIENTED_EDGE('',*,*,#4254,.F.);
#4256=ORIENTED_EDGE('',*,*,#3324,.F.);
#4257=EDGE_LOOP('',(#4250,#4251,#4253,#4255,#4256));
#4258=FACE_OUTER_BOUND('',#4257,.F.);
#4259=ADVANCED_FACE('',(#4258),#4249,.T.);
#4260=CARTESIAN_POINT('',(0.E0,-2.56E-1,0.E0));
#4261=DIRECTION('',(0.E0,1.E0,0.E0));
#4262=DIRECTION('',(0.E0,0.E0,1.E0));
#4263=AXIS2_PLACEMENT_3D('',#4260,#4261,#4262);
#4264=PLANE('',#4263);
#4266=ORIENTED_EDGE('',*,*,#4265,.F.);
#4268=ORIENTED_EDGE('',*,*,#4267,.F.);
#4270=ORIENTED_EDGE('',*,*,#4269,.F.);
#4272=ORIENTED_EDGE('',*,*,#4271,.F.);
#4274=ORIENTED_EDGE('',*,*,#4273,.F.);
#4276=ORIENTED_EDGE('',*,*,#4275,.F.);
#4277=ORIENTED_EDGE('',*,*,#3096,.F.);
#4279=ORIENTED_EDGE('',*,*,#4278,.F.);
#4280=EDGE_LOOP('',(#4266,#4268,#4270,#4272,#4274,#4276,#4277,#4279));
#4281=FACE_OUTER_BOUND('',#4280,.F.);
#4282=ADVANCED_FACE('',(#4281),#4264,.F.);
#4283=CARTESIAN_POINT('',(0.E0,-2.56E-1,0.E0));
#4284=DIRECTION('',(0.E0,1.E0,0.E0));
#4285=DIRECTION('',(0.E0,0.E0,1.E0));
#4286=AXIS2_PLACEMENT_3D('',#4283,#4284,#4285);
#4287=PLANE('',#4286);
#4289=ORIENTED_EDGE('',*,*,#4288,.F.);
#4291=ORIENTED_EDGE('',*,*,#4290,.F.);
#4292=ORIENTED_EDGE('',*,*,#4252,.F.);
#4293=ORIENTED_EDGE('',*,*,#3080,.F.);
#4295=ORIENTED_EDGE('',*,*,#4294,.F.);
#4297=ORIENTED_EDGE('',*,*,#4296,.F.);
#4299=ORIENTED_EDGE('',*,*,#4298,.F.);
#4301=ORIENTED_EDGE('',*,*,#4300,.F.);
#4302=EDGE_LOOP('',(#4289,#4291,#4292,#4293,#4295,#4297,#4299,#4301));
#4303=FACE_OUTER_BOUND('',#4302,.F.);
#4304=ADVANCED_FACE('',(#4303),#4287,.F.);
#4305=CARTESIAN_POINT('',(-2.44E-1,-2.412E-1,-2.78E-1));
#4306=DIRECTION('',(0.E0,0.E0,1.E0));
#4307=DIRECTION('',(-1.E0,0.E0,0.E0));
#4308=AXIS2_PLACEMENT_3D('',#4305,#4306,#4307);
#4309=PLANE('',#4308);
#4310=ORIENTED_EDGE('',*,*,#3398,.F.);
#4312=ORIENTED_EDGE('',*,*,#4311,.T.);
#4313=ORIENTED_EDGE('',*,*,#4265,.T.);
#4315=ORIENTED_EDGE('',*,*,#4314,.F.);
#4316=EDGE_LOOP('',(#4310,#4312,#4313,#4315));
#4317=FACE_OUTER_BOUND('',#4316,.F.);
#4318=ADVANCED_FACE('',(#4317),#4309,.T.);
#4319=CARTESIAN_POINT('',(-2.44E-1,-2.412E-1,-7.6E-2));
#4320=DIRECTION('',(-1.E0,0.E0,0.E0));
#4321=DIRECTION('',(0.E0,0.E0,-1.E0));
#4322=AXIS2_PLACEMENT_3D('',#4319,#4320,#4321);
#4323=PLANE('',#4322);
#4324=ORIENTED_EDGE('',*,*,#3396,.F.);
#4326=ORIENTED_EDGE('',*,*,#4325,.T.);
#4327=ORIENTED_EDGE('',*,*,#4267,.T.);
#4328=ORIENTED_EDGE('',*,*,#4311,.F.);
#4329=EDGE_LOOP('',(#4324,#4326,#4327,#4328));
#4330=FACE_OUTER_BOUND('',#4329,.F.);
#4331=ADVANCED_FACE('',(#4330),#4323,.T.);
#4332=CARTESIAN_POINT('',(-2.085E-1,-2.412E-1,-7.6E-2));
#4333=DIRECTION('',(0.E0,0.E0,1.E0));
#4334=DIRECTION('',(-1.E0,0.E0,0.E0));
#4335=AXIS2_PLACEMENT_3D('',#4332,#4333,#4334);
#4336=PLANE('',#4335);
#4337=ORIENTED_EDGE('',*,*,#3394,.F.);
#4339=ORIENTED_EDGE('',*,*,#4338,.T.);
#4340=ORIENTED_EDGE('',*,*,#4269,.T.);
#4341=ORIENTED_EDGE('',*,*,#4325,.F.);
#4342=EDGE_LOOP('',(#4337,#4339,#4340,#4341));
#4343=FACE_OUTER_BOUND('',#4342,.F.);
#4344=ADVANCED_FACE('',(#4343),#4336,.T.);
#4345=CARTESIAN_POINT('',(-2.085E-1,-2.412E-1,-3.25E-1));
#4346=DIRECTION('',(1.E0,0.E0,0.E0));
#4347=DIRECTION('',(0.E0,0.E0,1.E0));
#4348=AXIS2_PLACEMENT_3D('',#4345,#4346,#4347);
#4349=PLANE('',#4348);
#4350=ORIENTED_EDGE('',*,*,#3392,.F.);
#4352=ORIENTED_EDGE('',*,*,#4351,.T.);
#4353=ORIENTED_EDGE('',*,*,#4271,.T.);
#4354=ORIENTED_EDGE('',*,*,#4338,.F.);
#4355=EDGE_LOOP('',(#4350,#4352,#4353,#4354));
#4356=FACE_OUTER_BOUND('',#4355,.F.);
#4357=ADVANCED_FACE('',(#4356),#4349,.T.);
#4358=CARTESIAN_POINT('',(-2.325E-1,-2.412E-1,-3.25E-1));
#4359=DIRECTION('',(0.E0,0.E0,-1.E0));
#4360=DIRECTION('',(1.E0,0.E0,0.E0));
#4361=AXIS2_PLACEMENT_3D('',#4358,#4359,#4360);
#4362=PLANE('',#4361);
#4363=ORIENTED_EDGE('',*,*,#3390,.F.);
#4365=ORIENTED_EDGE('',*,*,#4364,.T.);
#4366=ORIENTED_EDGE('',*,*,#4273,.T.);
#4367=ORIENTED_EDGE('',*,*,#4351,.F.);
#4368=EDGE_LOOP('',(#4363,#4365,#4366,#4367));
#4369=FACE_OUTER_BOUND('',#4368,.F.);
#4370=ADVANCED_FACE('',(#4369),#4362,.T.);
#4371=CARTESIAN_POINT('',(-2.325E-1,-2.412E-1,-5.05E-1));
#4372=DIRECTION('',(1.E0,0.E0,0.E0));
#4373=DIRECTION('',(0.E0,0.E0,1.E0));
#4374=AXIS2_PLACEMENT_3D('',#4371,#4372,#4373);
#4375=PLANE('',#4374);
#4376=ORIENTED_EDGE('',*,*,#4237,.F.);
#4377=ORIENTED_EDGE('',*,*,#3098,.T.);
#4378=ORIENTED_EDGE('',*,*,#4275,.T.);
#4379=ORIENTED_EDGE('',*,*,#4364,.F.);
#4380=ORIENTED_EDGE('',*,*,#3388,.F.);
#4381=EDGE_LOOP('',(#4376,#4377,#4378,#4379,#4380));
#4382=FACE_OUTER_BOUND('',#4381,.F.);
#4383=ADVANCED_FACE('',(#4382),#4375,.T.);
#4384=CARTESIAN_POINT('',(-2.625E-1,-2.412E-1,-2.78E-1));
#4385=DIRECTION('',(-1.E0,0.E0,0.E0));
#4386=DIRECTION('',(0.E0,0.E0,-1.E0));
#4387=AXIS2_PLACEMENT_3D('',#4384,#4385,#4386);
#4388=PLANE('',#4387);
#4389=ORIENTED_EDGE('',*,*,#4240,.T.);
#4390=ORIENTED_EDGE('',*,*,#3400,.T.);
#4391=ORIENTED_EDGE('',*,*,#4314,.T.);
#4392=ORIENTED_EDGE('',*,*,#4278,.T.);
#4393=ORIENTED_EDGE('',*,*,#3094,.F.);
#4394=EDGE_LOOP('',(#4389,#4390,#4391,#4392,#4393));
#4395=FACE_OUTER_BOUND('',#4394,.F.);
#4396=ADVANCED_FACE('',(#4395),#4388,.T.);
#4397=CARTESIAN_POINT('',(2.44E-1,-2.412E-1,-2.78E-1));
#4398=DIRECTION('',(1.E0,0.E0,0.E0));
#4399=DIRECTION('',(0.E0,0.E0,1.E0));
#4400=AXIS2_PLACEMENT_3D('',#4397,#4398,#4399);
#4401=PLANE('',#4400);
#4402=ORIENTED_EDGE('',*,*,#3328,.F.);
#4404=ORIENTED_EDGE('',*,*,#4403,.T.);
#4405=ORIENTED_EDGE('',*,*,#4288,.T.);
#4407=ORIENTED_EDGE('',*,*,#4406,.F.);
#4408=EDGE_LOOP('',(#4402,#4404,#4405,#4407));
#4409=FACE_OUTER_BOUND('',#4408,.F.);
#4410=ADVANCED_FACE('',(#4409),#4401,.T.);
#4411=CARTESIAN_POINT('',(2.625E-1,-2.412E-1,-2.78E-1));
#4412=DIRECTION('',(0.E0,0.E0,1.E0));
#4413=DIRECTION('',(-1.E0,0.E0,0.E0));
#4414=AXIS2_PLACEMENT_3D('',#4411,#4412,#4413);
#4415=PLANE('',#4414);
#4416=ORIENTED_EDGE('',*,*,#3326,.F.);
#4417=ORIENTED_EDGE('',*,*,#4254,.T.);
#4418=ORIENTED_EDGE('',*,*,#4290,.T.);
#4419=ORIENTED_EDGE('',*,*,#4403,.F.);
#4420=EDGE_LOOP('',(#4416,#4417,#4418,#4419));
#4421=FACE_OUTER_BOUND('',#4420,.F.);
#4422=ADVANCED_FACE('',(#4421),#4415,.T.);
#4423=CARTESIAN_POINT('',(2.44E-1,-2.412E-1,-7.6E-2));
#4424=DIRECTION('',(0.E0,0.E0,1.E0));
#4425=DIRECTION('',(-1.E0,0.E0,0.E0));
#4426=AXIS2_PLACEMENT_3D('',#4423,#4424,#4425);
#4427=PLANE('',#4426);
#4428=ORIENTED_EDGE('',*,*,#3330,.F.);
#4429=ORIENTED_EDGE('',*,*,#4406,.T.);
#4430=ORIENTED_EDGE('',*,*,#4300,.T.);
#4432=ORIENTED_EDGE('',*,*,#4431,.F.);
#4433=EDGE_LOOP('',(#4428,#4429,#4430,#4432));
#4434=FACE_OUTER_BOUND('',#4433,.F.);
#4435=ADVANCED_FACE('',(#4434),#4427,.T.);
#4436=CARTESIAN_POINT('',(2.085E-1,-2.412E-1,-7.6E-2));
#4437=DIRECTION('',(-1.E0,0.E0,0.E0));
#4438=DIRECTION('',(0.E0,0.E0,-1.E0));
#4439=AXIS2_PLACEMENT_3D('',#4436,#4437,#4438);
#4440=PLANE('',#4439);
#4441=ORIENTED_EDGE('',*,*,#3332,.F.);
#4442=ORIENTED_EDGE('',*,*,#4431,.T.);
#4443=ORIENTED_EDGE('',*,*,#4298,.T.);
#4445=ORIENTED_EDGE('',*,*,#4444,.F.);
#4446=EDGE_LOOP('',(#4441,#4442,#4443,#4445));
#4447=FACE_OUTER_BOUND('',#4446,.F.);
#4448=ADVANCED_FACE('',(#4447),#4440,.T.);
#4449=CARTESIAN_POINT('',(2.085E-1,-2.412E-1,-3.25E-1));
#4450=DIRECTION('',(0.E0,0.E0,-1.E0));
#4451=DIRECTION('',(1.E0,0.E0,0.E0));
#4452=AXIS2_PLACEMENT_3D('',#4449,#4450,#4451);
#4453=PLANE('',#4452);
#4454=ORIENTED_EDGE('',*,*,#3334,.F.);
#4455=ORIENTED_EDGE('',*,*,#4444,.T.);
#4456=ORIENTED_EDGE('',*,*,#4296,.T.);
#4458=ORIENTED_EDGE('',*,*,#4457,.F.);
#4459=EDGE_LOOP('',(#4454,#4455,#4456,#4458));
#4460=FACE_OUTER_BOUND('',#4459,.F.);
#4461=ADVANCED_FACE('',(#4460),#4453,.T.);
#4462=CARTESIAN_POINT('',(2.325E-1,-2.412E-1,-3.25E-1));
#4463=DIRECTION('',(-1.E0,0.E0,0.E0));
#4464=DIRECTION('',(0.E0,0.E0,-1.E0));
#4465=AXIS2_PLACEMENT_3D('',#4462,#4463,#4464);
#4466=PLANE('',#4465);
#4467=ORIENTED_EDGE('',*,*,#4226,.T.);
#4468=ORIENTED_EDGE('',*,*,#3336,.T.);
#4469=ORIENTED_EDGE('',*,*,#4457,.T.);
#4470=ORIENTED_EDGE('',*,*,#4294,.T.);
#4471=ORIENTED_EDGE('',*,*,#3078,.F.);
#4472=EDGE_LOOP('',(#4467,#4468,#4469,#4470,#4471));
#4473=FACE_OUTER_BOUND('',#4472,.F.);
#4474=ADVANCED_FACE('',(#4473),#4466,.T.);
#4475=CARTESIAN_POINT('',(2.63E-1,3.28E-2,-5.05E-1));
#4476=DIRECTION('',(1.E0,0.E0,0.E0));
#4477=DIRECTION('',(0.E0,-1.E0,0.E0));
#4478=AXIS2_PLACEMENT_3D('',#4475,#4476,#4477);
#4479=PLANE('',#4478);
#4480=ORIENTED_EDGE('',*,*,#3320,.F.);
#4481=ORIENTED_EDGE('',*,*,#3050,.F.);
#4483=ORIENTED_EDGE('',*,*,#4482,.T.);
#4484=ORIENTED_EDGE('',*,*,#3808,.T.);
#4485=EDGE_LOOP('',(#4480,#4481,#4483,#4484));
#4486=FACE_OUTER_BOUND('',#4485,.F.);
#4487=ADVANCED_FACE('',(#4486),#4479,.F.);
#4488=CARTESIAN_POINT('',(2.53E-1,3.28E-2,-5.05E-1));
#4489=DIRECTION('',(0.E0,0.E0,-1.E0));
#4490=DIRECTION('',(-1.E0,0.E0,0.E0));
#4491=AXIS2_PLACEMENT_3D('',#4488,#4489,#4490);
#4492=CYLINDRICAL_SURFACE('',#4491,1.E-2);
#4493=ORIENTED_EDGE('',*,*,#3048,.F.);
#4495=ORIENTED_EDGE('',*,*,#4494,.T.);
#4496=ORIENTED_EDGE('',*,*,#3810,.T.);
#4497=ORIENTED_EDGE('',*,*,#4482,.F.);
#4498=EDGE_LOOP('',(#4493,#4495,#4496,#4497));
#4499=FACE_OUTER_BOUND('',#4498,.F.);
#4500=ADVANCED_FACE('',(#4499),#4492,.F.);
#4501=CARTESIAN_POINT('',(2.26E-1,4.28E-2,-5.05E-1));
#4502=DIRECTION('',(0.E0,1.E0,0.E0));
#4503=DIRECTION('',(1.E0,0.E0,0.E0));
#4504=AXIS2_PLACEMENT_3D('',#4501,#4502,#4503);
#4505=PLANE('',#4504);
#4506=ORIENTED_EDGE('',*,*,#3046,.F.);
#4508=ORIENTED_EDGE('',*,*,#4507,.T.);
#4509=ORIENTED_EDGE('',*,*,#3812,.T.);
#4510=ORIENTED_EDGE('',*,*,#4494,.F.);
#4511=EDGE_LOOP('',(#4506,#4508,#4509,#4510));
#4512=FACE_OUTER_BOUND('',#4511,.F.);
#4513=ADVANCED_FACE('',(#4512),#4505,.F.);
#4514=CARTESIAN_POINT('',(2.26E-1,6.74E-2,-5.05E-1));
#4515=DIRECTION('',(1.E0,0.E0,0.E0));
#4516=DIRECTION('',(0.E0,-1.E0,0.E0));
#4517=AXIS2_PLACEMENT_3D('',#4514,#4515,#4516);
#4518=PLANE('',#4517);
#4519=ORIENTED_EDGE('',*,*,#3044,.F.);
#4521=ORIENTED_EDGE('',*,*,#4520,.T.);
#4522=ORIENTED_EDGE('',*,*,#3814,.T.);
#4523=ORIENTED_EDGE('',*,*,#4507,.F.);
#4524=EDGE_LOOP('',(#4519,#4521,#4522,#4523));
#4525=FACE_OUTER_BOUND('',#4524,.F.);
#4526=ADVANCED_FACE('',(#4525),#4518,.F.);
#4527=CARTESIAN_POINT('',(2.53E-1,6.74E-2,-5.05E-1));
#4528=DIRECTION('',(0.E0,-1.E0,0.E0));
#4529=DIRECTION('',(-1.E0,0.E0,0.E0));
#4530=AXIS2_PLACEMENT_3D('',#4527,#4528,#4529);
#4531=PLANE('',#4530);
#4532=ORIENTED_EDGE('',*,*,#3042,.F.);
#4534=ORIENTED_EDGE('',*,*,#4533,.T.);
#4535=ORIENTED_EDGE('',*,*,#3816,.T.);
#4536=ORIENTED_EDGE('',*,*,#4520,.F.);
#4537=EDGE_LOOP('',(#4532,#4534,#4535,#4536));
#4538=FACE_OUTER_BOUND('',#4537,.F.);
#4539=ADVANCED_FACE('',(#4538),#4531,.F.);
#4540=CARTESIAN_POINT('',(2.53E-1,7.74E-2,-5.05E-1));
#4541=DIRECTION('',(0.E0,0.E0,-1.E0));
#4542=DIRECTION('',(-1.E0,0.E0,0.E0));
#4543=AXIS2_PLACEMENT_3D('',#4540,#4541,#4542);
#4544=CYLINDRICAL_SURFACE('',#4543,1.E-2);
#4545=ORIENTED_EDGE('',*,*,#3040,.F.);
#4547=ORIENTED_EDGE('',*,*,#4546,.T.);
#4548=ORIENTED_EDGE('',*,*,#3818,.T.);
#4549=ORIENTED_EDGE('',*,*,#4533,.F.);
#4550=EDGE_LOOP('',(#4545,#4547,#4548,#4549));
#4551=FACE_OUTER_BOUND('',#4550,.F.);
#4552=ADVANCED_FACE('',(#4551),#4544,.F.);
#4553=CARTESIAN_POINT('',(2.63E-1,2.334E-1,-5.05E-1));
#4554=DIRECTION('',(1.E0,0.E0,0.E0));
#4555=DIRECTION('',(0.E0,-1.E0,0.E0));
#4556=AXIS2_PLACEMENT_3D('',#4553,#4554,#4555);
#4557=PLANE('',#4556);
#4558=ORIENTED_EDGE('',*,*,#3038,.F.);
#4559=ORIENTED_EDGE('',*,*,#3150,.T.);
#4560=ORIENTED_EDGE('',*,*,#3820,.T.);
#4561=ORIENTED_EDGE('',*,*,#4546,.F.);
#4562=EDGE_LOOP('',(#4558,#4559,#4560,#4561));
#4563=FACE_OUTER_BOUND('',#4562,.F.);
#4564=ADVANCED_FACE('',(#4563),#4557,.F.);
#4565=CARTESIAN_POINT('',(-2.756E-1,2.434E-1,0.E0));
#4566=DIRECTION('',(0.E0,1.E0,0.E0));
#4567=DIRECTION('',(0.E0,0.E0,-1.E0));
#4568=AXIS2_PLACEMENT_3D('',#4565,#4566,#4567);
#4569=PLANE('',#4568);
#4570=ORIENTED_EDGE('',*,*,#3824,.F.);
#4572=ORIENTED_EDGE('',*,*,#4571,.F.);
#4574=ORIENTED_EDGE('',*,*,#4573,.F.);
#4576=ORIENTED_EDGE('',*,*,#4575,.F.);
#4577=EDGE_LOOP('',(#4570,#4572,#4574,#4576));
#4578=FACE_OUTER_BOUND('',#4577,.F.);
#4579=ADVANCED_FACE('',(#4578),#4569,.T.);
#4580=CARTESIAN_POINT('',(3.830222215595E-3,2.56E-1,-4.380594655302E-1));
#4581=DIRECTION('',(7.660444431190E-1,0.E0,6.427876096865E-1));
#4582=DIRECTION('',(6.427876096865E-1,0.E0,-7.660444431190E-1));
#4583=AXIS2_PLACEMENT_3D('',#4580,#4581,#4582);
#4584=PLANE('',#4583);
#4585=ORIENTED_EDGE('',*,*,#3064,.F.);
#4587=ORIENTED_EDGE('',*,*,#4586,.F.);
#4589=ORIENTED_EDGE('',*,*,#4588,.T.);
#4590=ORIENTED_EDGE('',*,*,#4571,.T.);
#4591=ORIENTED_EDGE('',*,*,#3176,.F.);
#4592=EDGE_LOOP('',(#4585,#4587,#4589,#4590,#4591));
#4593=FACE_OUTER_BOUND('',#4592,.F.);
#4594=ADVANCED_FACE('',(#4593),#4584,.F.);
#4595=CARTESIAN_POINT('',(-2.756E-1,2.56E-1,-5.05E-1));
#4596=DIRECTION('',(0.E0,1.E0,0.E0));
#4597=DIRECTION('',(0.E0,0.E0,1.E0));
#4598=AXIS2_PLACEMENT_3D('',#4595,#4596,#4597);
#4599=PLANE('',#4598);
#4601=ORIENTED_EDGE('',*,*,#4600,.T.);
#4603=ORIENTED_EDGE('',*,*,#4602,.T.);
#4604=ORIENTED_EDGE('',*,*,#4586,.T.);
#4605=ORIENTED_EDGE('',*,*,#3062,.T.);
#4607=ORIENTED_EDGE('',*,*,#4606,.T.);
#4609=ORIENTED_EDGE('',*,*,#4608,.F.);
#4610=ORIENTED_EDGE('',*,*,#2965,.F.);
#4611=ORIENTED_EDGE('',*,*,#3128,.T.);
#4612=EDGE_LOOP('',(#4601,#4603,#4604,#4605,#4607,#4609,#4610,#4611));
#4613=FACE_OUTER_BOUND('',#4612,.F.);
#4614=ADVANCED_FACE('',(#4613),#4599,.T.);
#4615=CARTESIAN_POINT('',(-6.E-2,2.56E-1,-5.05E-1));
#4616=DIRECTION('',(-7.660444431190E-1,0.E0,6.427876096865E-1));
#4617=DIRECTION('',(6.427876096865E-1,0.E0,7.660444431190E-1));
#4618=AXIS2_PLACEMENT_3D('',#4615,#4616,#4617);
#4619=PLANE('',#4618);
#4620=ORIENTED_EDGE('',*,*,#3126,.T.);
#4621=ORIENTED_EDGE('',*,*,#3165,.T.);
#4622=ORIENTED_EDGE('',*,*,#4575,.T.);
#4624=ORIENTED_EDGE('',*,*,#4623,.F.);
#4625=ORIENTED_EDGE('',*,*,#4600,.F.);
#4626=EDGE_LOOP('',(#4620,#4621,#4622,#4624,#4625));
#4627=FACE_OUTER_BOUND('',#4626,.F.);
#4628=ADVANCED_FACE('',(#4627),#4619,.F.);
#4629=CARTESIAN_POINT('',(0.E0,2.56E-1,-4.412734035786E-1));
#4630=DIRECTION('',(0.E0,1.E0,0.E0));
#4631=DIRECTION('',(0.E0,0.E0,-1.E0));
#4632=AXIS2_PLACEMENT_3D('',#4629,#4630,#4631);
#4633=CYLINDRICAL_SURFACE('',#4632,5.E-3);
#4634=ORIENTED_EDGE('',*,*,#4602,.F.);
#4635=ORIENTED_EDGE('',*,*,#4623,.T.);
#4636=ORIENTED_EDGE('',*,*,#4573,.T.);
#4637=ORIENTED_EDGE('',*,*,#4588,.F.);
#4638=EDGE_LOOP('',(#4634,#4635,#4636,#4637));
#4639=FACE_OUTER_BOUND('',#4638,.F.);
#4640=ADVANCED_FACE('',(#4639),#4633,.F.);
#4641=CARTESIAN_POINT('',(2.756E-1,0.E0,0.E0));
#4642=DIRECTION('',(1.E0,0.E0,0.E0));
#4643=DIRECTION('',(0.E0,-1.E0,0.E0));
#4644=AXIS2_PLACEMENT_3D('',#4641,#4642,#4643);
#4645=PLANE('',#4644);
#4646=ORIENTED_EDGE('',*,*,#3008,.F.);
#4648=ORIENTED_EDGE('',*,*,#4647,.T.);
#4649=ORIENTED_EDGE('',*,*,#3054,.F.);
#4650=ORIENTED_EDGE('',*,*,#3317,.F.);
#4652=ORIENTED_EDGE('',*,*,#4651,.F.);
#4654=ORIENTED_EDGE('',*,*,#4653,.F.);
#4656=ORIENTED_EDGE('',*,*,#4655,.F.);
#4658=ORIENTED_EDGE('',*,*,#4657,.F.);
#4660=ORIENTED_EDGE('',*,*,#4659,.F.);
#4661=ORIENTED_EDGE('',*,*,#3309,.F.);
#4663=ORIENTED_EDGE('',*,*,#4662,.F.);
#4664=ORIENTED_EDGE('',*,*,#4606,.F.);
#4665=ORIENTED_EDGE('',*,*,#3060,.F.);
#4667=ORIENTED_EDGE('',*,*,#4666,.F.);
#4668=EDGE_LOOP('',(#4646,#4648,#4649,#4650,#4652,#4654,#4656,#4658,#4660,#4661,
#4663,#4664,#4665,#4667));
#4669=FACE_OUTER_BOUND('',#4668,.F.);
#4670=ADVANCED_FACE('',(#4669),#4645,.T.);
#4671=CARTESIAN_POINT('',(2.53E-1,3.16E-2,-5.05E-1));
#4672=DIRECTION('',(0.E0,0.E0,-1.E0));
#4673=DIRECTION('',(-1.E0,0.E0,0.E0));
#4674=AXIS2_PLACEMENT_3D('',#4671,#4672,#4673);
#4675=CYLINDRICAL_SURFACE('',#4674,2.26E-2);
#4676=ORIENTED_EDGE('',*,*,#4647,.F.);
#4677=ORIENTED_EDGE('',*,*,#3012,.T.);
#4679=ORIENTED_EDGE('',*,*,#4678,.F.);
#4680=ORIENTED_EDGE('',*,*,#3056,.T.);
#4681=EDGE_LOOP('',(#4676,#4677,#4679,#4680));
#4682=FACE_OUTER_BOUND('',#4681,.F.);
#4683=ADVANCED_FACE('',(#4682),#4675,.T.);
#4684=CARTESIAN_POINT('',(2.53E-1,7.68E-2,-5.05E-1));
#4685=DIRECTION('',(0.E0,0.E0,-1.E0));
#4686=DIRECTION('',(-1.E0,0.E0,0.E0));
#4687=AXIS2_PLACEMENT_3D('',#4684,#4685,#4686);
#4688=CYLINDRICAL_SURFACE('',#4687,2.26E-2);
#4689=ORIENTED_EDGE('',*,*,#4666,.T.);
#4690=ORIENTED_EDGE('',*,*,#3058,.T.);
#4691=ORIENTED_EDGE('',*,*,#4678,.T.);
#4692=ORIENTED_EDGE('',*,*,#3010,.T.);
#4693=EDGE_LOOP('',(#4689,#4690,#4691,#4692));
#4694=FACE_OUTER_BOUND('',#4693,.F.);
#4695=ADVANCED_FACE('',(#4694),#4688,.T.);
#4696=CARTESIAN_POINT('',(2.756E-1,-3.54E-1,-2.57E-1));
#4697=DIRECTION('',(0.E0,0.E0,-1.E0));
#4698=DIRECTION('',(0.E0,1.E0,0.E0));
#4699=AXIS2_PLACEMENT_3D('',#4696,#4697,#4698);
#4700=PLANE('',#4699);
#4701=ORIENTED_EDGE('',*,*,#3315,.T.);
#4703=ORIENTED_EDGE('',*,*,#4702,.F.);
#4705=ORIENTED_EDGE('',*,*,#4704,.F.);
#4706=ORIENTED_EDGE('',*,*,#4651,.T.);
#4707=EDGE_LOOP('',(#4701,#4703,#4705,#4706));
#4708=FACE_OUTER_BOUND('',#4707,.F.);
#4709=ADVANCED_FACE('',(#4708),#4700,.T.);
#4710=CARTESIAN_POINT('',(2.63E-1,0.E0,0.E0));
#4711=DIRECTION('',(1.E0,0.E0,0.E0));
#4712=DIRECTION('',(0.E0,0.E0,-1.E0));
#4713=AXIS2_PLACEMENT_3D('',#4710,#4711,#4712);
#4714=PLANE('',#4713);
#4715=ORIENTED_EDGE('',*,*,#3313,.F.);
#4717=ORIENTED_EDGE('',*,*,#4716,.T.);
#4719=ORIENTED_EDGE('',*,*,#4718,.T.);
#4721=ORIENTED_EDGE('',*,*,#4720,.T.);
#4723=ORIENTED_EDGE('',*,*,#4722,.T.);
#4724=ORIENTED_EDGE('',*,*,#4702,.T.);
#4725=EDGE_LOOP('',(#4715,#4717,#4719,#4721,#4723,#4724));
#4726=FACE_OUTER_BOUND('',#4725,.F.);
#4727=ADVANCED_FACE('',(#4726),#4714,.F.);
#4728=CARTESIAN_POINT('',(2.756E-1,-2.412E-1,-1.77E-1));
#4729=DIRECTION('',(0.E0,0.E0,1.E0));
#4730=DIRECTION('',(0.E0,-1.E0,0.E0));
#4731=AXIS2_PLACEMENT_3D('',#4728,#4729,#4730);
#4732=PLANE('',#4731);
#4733=ORIENTED_EDGE('',*,*,#3311,.F.);
#4734=ORIENTED_EDGE('',*,*,#4659,.T.);
#4736=ORIENTED_EDGE('',*,*,#4735,.T.);
#4737=ORIENTED_EDGE('',*,*,#4716,.F.);
#4738=EDGE_LOOP('',(#4733,#4734,#4736,#4737));
#4739=FACE_OUTER_BOUND('',#4738,.F.);
#4740=ADVANCED_FACE('',(#4739),#4732,.T.);
#4741=CARTESIAN_POINT('',(2.756E-1,-3.54E-1,-1.77E-1));
#4742=DIRECTION('',(0.E0,-5.E-1,8.660254037844E-1));
#4743=DIRECTION('',(0.E0,-8.660254037844E-1,-5.E-1));
#4744=AXIS2_PLACEMENT_3D('',#4741,#4742,#4743);
#4745=PLANE('',#4744);
#4746=ORIENTED_EDGE('',*,*,#4657,.T.);
#4748=ORIENTED_EDGE('',*,*,#4747,.T.);
#4749=ORIENTED_EDGE('',*,*,#4718,.F.);
#4750=ORIENTED_EDGE('',*,*,#4735,.F.);
#4751=EDGE_LOOP('',(#4746,#4748,#4749,#4750));
#4752=FACE_OUTER_BOUND('',#4751,.F.);
#4753=ADVANCED_FACE('',(#4752),#4745,.T.);
#4754=CARTESIAN_POINT('',(2.756E-1,-3.94E-1,-2.000940107676E-1));
#4755=DIRECTION('',(0.E0,-1.E0,0.E0));
#4756=DIRECTION('',(0.E0,0.E0,-1.E0));
#4757=AXIS2_PLACEMENT_3D('',#4754,#4755,#4756);
#4758=PLANE('',#4757);
#4759=ORIENTED_EDGE('',*,*,#4655,.T.);
#4761=ORIENTED_EDGE('',*,*,#4760,.T.);
#4762=ORIENTED_EDGE('',*,*,#4720,.F.);
#4763=ORIENTED_EDGE('',*,*,#4747,.F.);
#4764=EDGE_LOOP('',(#4759,#4761,#4762,#4763));
#4765=FACE_OUTER_BOUND('',#4764,.F.);
#4766=ADVANCED_FACE('',(#4765),#4758,.T.);
#4767=CARTESIAN_POINT('',(2.756E-1,-3.94E-1,-2.339059892324E-1));
#4768=DIRECTION('',(0.E0,-5.E-1,-8.660254037844E-1));
#4769=DIRECTION('',(0.E0,8.660254037844E-1,-5.E-1));
#4770=AXIS2_PLACEMENT_3D('',#4767,#4768,#4769);
#4771=PLANE('',#4770);
#4772=ORIENTED_EDGE('',*,*,#4653,.T.);
#4773=ORIENTED_EDGE('',*,*,#4704,.T.);
#4774=ORIENTED_EDGE('',*,*,#4722,.F.);
#4775=ORIENTED_EDGE('',*,*,#4760,.F.);
#4776=EDGE_LOOP('',(#4772,#4773,#4774,#4775));
#4777=FACE_OUTER_BOUND('',#4776,.F.);
#4778=ADVANCED_FACE('',(#4777),#4771,.T.);
#4779=CARTESIAN_POINT('',(-2.756E-1,2.56E-1,0.E0));
#4780=DIRECTION('',(0.E0,0.E0,1.E0));
#4781=DIRECTION('',(0.E0,-1.E0,0.E0));
#4782=AXIS2_PLACEMENT_3D('',#4779,#4780,#4781);
#4783=PLANE('',#4782);
#4785=ORIENTED_EDGE('',*,*,#4784,.T.);
#4787=ORIENTED_EDGE('',*,*,#4786,.T.);
#4789=ORIENTED_EDGE('',*,*,#4788,.F.);
#4791=ORIENTED_EDGE('',*,*,#4790,.T.);
#4793=ORIENTED_EDGE('',*,*,#4792,.T.);
#4795=ORIENTED_EDGE('',*,*,#4794,.F.);
#4797=ORIENTED_EDGE('',*,*,#4796,.T.);
#4799=ORIENTED_EDGE('',*,*,#4798,.T.);
#4801=ORIENTED_EDGE('',*,*,#4800,.F.);
#4803=ORIENTED_EDGE('',*,*,#4802,.T.);
#4804=EDGE_LOOP('',(#4785,#4787,#4789,#4791,#4793,#4795,#4797,#4799,#4801,
#4803));
#4805=FACE_OUTER_BOUND('',#4804,.F.);
#4807=ORIENTED_EDGE('',*,*,#4806,.T.);
#4809=ORIENTED_EDGE('',*,*,#4808,.T.);
#4811=ORIENTED_EDGE('',*,*,#4810,.T.);
#4813=ORIENTED_EDGE('',*,*,#4812,.T.);
#4814=EDGE_LOOP('',(#4807,#4809,#4811,#4813));
#4815=FACE_BOUND('',#4814,.F.);
#4817=ORIENTED_EDGE('',*,*,#4816,.F.);
#4819=ORIENTED_EDGE('',*,*,#4818,.F.);
#4820=EDGE_LOOP('',(#4817,#4819));
#4821=FACE_BOUND('',#4820,.F.);
#4823=ORIENTED_EDGE('',*,*,#4822,.F.);
#4825=ORIENTED_EDGE('',*,*,#4824,.F.);
#4826=EDGE_LOOP('',(#4823,#4825));
#4827=FACE_BOUND('',#4826,.F.);
#4829=ORIENTED_EDGE('',*,*,#4828,.F.);
#4831=ORIENTED_EDGE('',*,*,#4830,.F.);
#4832=EDGE_LOOP('',(#4829,#4831));
#4833=FACE_BOUND('',#4832,.F.);
#4835=ORIENTED_EDGE('',*,*,#4834,.F.);
#4837=ORIENTED_EDGE('',*,*,#4836,.F.);
#4838=EDGE_LOOP('',(#4835,#4837));
#4839=FACE_BOUND('',#4838,.F.);
#4841=ORIENTED_EDGE('',*,*,#4840,.F.);
#4843=ORIENTED_EDGE('',*,*,#4842,.F.);
#4844=EDGE_LOOP('',(#4841,#4843));
#4845=FACE_BOUND('',#4844,.F.);
#4847=ORIENTED_EDGE('',*,*,#4846,.F.);
#4849=ORIENTED_EDGE('',*,*,#4848,.F.);
#4850=EDGE_LOOP('',(#4847,#4849));
#4851=FACE_BOUND('',#4850,.F.);
#4852=ADVANCED_FACE('',(#4805,#4815,#4821,#4827,#4833,#4839,#4845,#4851),#4783,
.T.);
#4853=CARTESIAN_POINT('',(-2.756E-1,2.56E-1,0.E0));
#4854=DIRECTION('',(0.E0,0.E0,1.E0));
#4855=DIRECTION('',(0.E0,-1.E0,0.E0));
#4856=AXIS2_PLACEMENT_3D('',#4853,#4854,#4855);
#4857=PLANE('',#4856);
#4859=ORIENTED_EDGE('',*,*,#4858,.F.);
#4861=ORIENTED_EDGE('',*,*,#4860,.T.);
#4863=ORIENTED_EDGE('',*,*,#4862,.T.);
#4865=ORIENTED_EDGE('',*,*,#4864,.F.);
#4866=ORIENTED_EDGE('',*,*,#3414,.F.);
#4867=ORIENTED_EDGE('',*,*,#2967,.F.);
#4868=ORIENTED_EDGE('',*,*,#4608,.T.);
#4869=ORIENTED_EDGE('',*,*,#4662,.T.);
#4870=ORIENTED_EDGE('',*,*,#3307,.F.);
#4872=ORIENTED_EDGE('',*,*,#4871,.T.);
#4874=ORIENTED_EDGE('',*,*,#4873,.T.);
#4876=ORIENTED_EDGE('',*,*,#4875,.F.);
#4877=EDGE_LOOP('',(#4859,#4861,#4863,#4865,#4866,#4867,#4868,#4869,#4870,#4872,
#4874,#4876));
#4878=FACE_OUTER_BOUND('',#4877,.F.);
#4880=ORIENTED_EDGE('',*,*,#4879,.F.);
#4882=ORIENTED_EDGE('',*,*,#4881,.F.);
#4883=EDGE_LOOP('',(#4880,#4882));
#4884=FACE_BOUND('',#4883,.F.);
#4885=ADVANCED_FACE('',(#4878,#4884),#4857,.T.);
#4886=CARTESIAN_POINT('',(-3.5E-2,1.13E-1,0.E0));
#4887=DIRECTION('',(0.E0,-1.E0,0.E0));
#4888=DIRECTION('',(1.E0,0.E0,0.E0));
#4889=AXIS2_PLACEMENT_3D('',#4886,#4887,#4888);
#4890=PLANE('',#4889);
#4892=ORIENTED_EDGE('',*,*,#4891,.T.);
#4894=ORIENTED_EDGE('',*,*,#4893,.T.);
#4896=ORIENTED_EDGE('',*,*,#4895,.F.);
#4897=ORIENTED_EDGE('',*,*,#4784,.F.);
#4898=EDGE_LOOP('',(#4892,#4894,#4896,#4897));
#4899=FACE_OUTER_BOUND('',#4898,.F.);
#4900=ADVANCED_FACE('',(#4899),#4890,.F.);
#4901=CARTESIAN_POINT('',(-3.5E-2,1.525360613101E-1,0.E0));
#4902=DIRECTION('',(-1.E0,0.E0,0.E0));
#4903=DIRECTION('',(0.E0,-1.E0,0.E0));
#4904=AXIS2_PLACEMENT_3D('',#4901,#4902,#4903);
#4905=PLANE('',#4904);
#4907=ORIENTED_EDGE('',*,*,#4906,.T.);
#4909=ORIENTED_EDGE('',*,*,#4908,.T.);
#4910=ORIENTED_EDGE('',*,*,#4891,.F.);
#4911=ORIENTED_EDGE('',*,*,#4802,.F.);
#4912=EDGE_LOOP('',(#4907,#4909,#4910,#4911));
#4913=FACE_OUTER_BOUND('',#4912,.F.);
#4914=ADVANCED_FACE('',(#4913),#4905,.F.);
#4915=CARTESIAN_POINT('',(0.E0,0.E0,-2.625E-1));
#4916=DIRECTION('',(0.E0,0.E0,1.E0));
#4917=DIRECTION('',(-1.E0,0.E0,0.E0));
#4918=AXIS2_PLACEMENT_3D('',#4915,#4916,#4917);
#4919=CYLINDRICAL_SURFACE('',#4918,1.565E-1);
#4921=ORIENTED_EDGE('',*,*,#4920,.F.);
#4923=ORIENTED_EDGE('',*,*,#4922,.T.);
#4925=ORIENTED_EDGE('',*,*,#4924,.T.);
#4926=ORIENTED_EDGE('',*,*,#4794,.T.);
#4927=EDGE_LOOP('',(#4921,#4923,#4925,#4926));
#4928=FACE_OUTER_BOUND('',#4927,.F.);
#4929=ADVANCED_FACE('',(#4928),#4919,.T.);
#4930=CARTESIAN_POINT('',(0.E0,0.E0,-2.625E-1));
#4931=DIRECTION('',(0.E0,0.E0,1.E0));
#4932=DIRECTION('',(-1.E0,0.E0,0.E0));
#4933=AXIS2_PLACEMENT_3D('',#4930,#4931,#4932);
#4934=CYLINDRICAL_SURFACE('',#4933,1.565E-1);
#4935=ORIENTED_EDGE('',*,*,#4906,.F.);
#4936=ORIENTED_EDGE('',*,*,#4800,.T.);
#4938=ORIENTED_EDGE('',*,*,#4937,.F.);
#4940=ORIENTED_EDGE('',*,*,#4939,.T.);
#4941=EDGE_LOOP('',(#4935,#4936,#4938,#4940));
#4942=FACE_OUTER_BOUND('',#4941,.F.);
#4943=ADVANCED_FACE('',(#4942),#4934,.T.);
#4944=CARTESIAN_POINT('',(0.E0,0.E0,-2.625E-1));
#4945=DIRECTION('',(0.E0,0.E0,1.E0));
#4946=DIRECTION('',(-1.E0,0.E0,0.E0));
#4947=AXIS2_PLACEMENT_3D('',#4944,#4945,#4946);
#4948=CYLINDRICAL_SURFACE('',#4947,1.565E-1);
#4950=ORIENTED_EDGE('',*,*,#4949,.F.);
#4952=ORIENTED_EDGE('',*,*,#4951,.T.);
#4954=ORIENTED_EDGE('',*,*,#4953,.T.);
#4955=ORIENTED_EDGE('',*,*,#4788,.T.);
#4956=EDGE_LOOP('',(#4950,#4952,#4954,#4955));
#4957=FACE_OUTER_BOUND('',#4956,.F.);
#4958=ADVANCED_FACE('',(#4957),#4948,.T.);
#4959=CARTESIAN_POINT('',(9.85E-2,-7.E-2,0.E0));
#4960=DIRECTION('',(-1.E0,0.E0,0.E0));
#4961=DIRECTION('',(0.E0,-1.E0,0.E0));
#4962=AXIS2_PLACEMENT_3D('',#4959,#4960,#4961);
#4963=PLANE('',#4962);
#4964=ORIENTED_EDGE('',*,*,#4792,.F.);
#4966=ORIENTED_EDGE('',*,*,#4965,.T.);
#4968=ORIENTED_EDGE('',*,*,#4967,.T.);
#4969=ORIENTED_EDGE('',*,*,#4920,.T.);
#4970=EDGE_LOOP('',(#4964,#4966,#4968,#4969));
#4971=FACE_OUTER_BOUND('',#4970,.F.);
#4972=ADVANCED_FACE('',(#4971),#4963,.F.);
#4973=CARTESIAN_POINT('',(1.399723186919E-1,-7.E-2,0.E0));
#4974=DIRECTION('',(0.E0,1.E0,0.E0));
#4975=DIRECTION('',(-1.E0,0.E0,0.E0));
#4976=AXIS2_PLACEMENT_3D('',#4973,#4974,#4975);
#4977=PLANE('',#4976);
#4978=ORIENTED_EDGE('',*,*,#4790,.F.);
#4979=ORIENTED_EDGE('',*,*,#4953,.F.);
#4981=ORIENTED_EDGE('',*,*,#4980,.T.);
#4982=ORIENTED_EDGE('',*,*,#4965,.F.);
#4983=EDGE_LOOP('',(#4978,#4979,#4981,#4982));
#4984=FACE_OUTER_BOUND('',#4983,.F.);
#4985=ADVANCED_FACE('',(#4984),#4977,.F.);
#4986=CARTESIAN_POINT('',(0.E0,0.E0,-2.5E-1));
#4987=DIRECTION('',(0.E0,0.E0,1.E0));
#4988=DIRECTION('',(-1.E0,0.E0,0.E0));
#4989=AXIS2_PLACEMENT_3D('',#4986,#4987,#4988);
#4990=PLANE('',#4989);
#4992=ORIENTED_EDGE('',*,*,#4991,.T.);
#4994=ORIENTED_EDGE('',*,*,#4993,.F.);
#4995=EDGE_LOOP('',(#4992,#4994));
#4996=FACE_OUTER_BOUND('',#4995,.F.);
#4997=ORIENTED_EDGE('',*,*,#4951,.F.);
#4999=ORIENTED_EDGE('',*,*,#4998,.F.);
#5000=ORIENTED_EDGE('',*,*,#4893,.F.);
#5001=ORIENTED_EDGE('',*,*,#4908,.F.);
#5002=ORIENTED_EDGE('',*,*,#4939,.F.);
#5004=ORIENTED_EDGE('',*,*,#5003,.F.);
#5006=ORIENTED_EDGE('',*,*,#5005,.F.);
#5007=ORIENTED_EDGE('',*,*,#4922,.F.);
#5008=ORIENTED_EDGE('',*,*,#4967,.F.);
#5009=ORIENTED_EDGE('',*,*,#4980,.F.);
#5010=EDGE_LOOP('',(#4997,#4999,#5000,#5001,#5002,#5004,#5006,#5007,#5008,
#5009));
#5011=FACE_BOUND('',#5010,.F.);
#5012=ADVANCED_FACE('',(#4996,#5011),#4990,.T.);
#5013=CARTESIAN_POINT('',(0.E0,0.E0,-2.625E-1));
#5014=DIRECTION('',(0.E0,0.E0,1.E0));
#5015=DIRECTION('',(-1.E0,0.E0,0.E0));
#5016=AXIS2_PLACEMENT_3D('',#5013,#5014,#5015);
#5017=CYLINDRICAL_SURFACE('',#5016,1.7E-1);
#5019=ORIENTED_EDGE('',*,*,#5018,.T.);
#5021=ORIENTED_EDGE('',*,*,#5020,.T.);
#5022=ORIENTED_EDGE('',*,*,#4991,.F.);
#5024=ORIENTED_EDGE('',*,*,#5023,.F.);
#5025=EDGE_LOOP('',(#5019,#5021,#5022,#5024));
#5026=FACE_OUTER_BOUND('',#5025,.F.);
#5027=ADVANCED_FACE('',(#5026),#5017,.F.);
#5028=CARTESIAN_POINT('',(0.E0,0.E0,-3.2E-2));
#5029=DIRECTION('',(0.E0,0.E0,1.E0));
#5030=DIRECTION('',(9.999189883842E-1,1.272857685747E-2,0.E0));
#5031=AXIS2_PLACEMENT_3D('',#5028,#5029,#5030);
#5032=TOROIDAL_SURFACE('',#5031,2.02E-1,3.2E-2);
#5033=ORIENTED_EDGE('',*,*,#4881,.T.);
#5035=ORIENTED_EDGE('',*,*,#5034,.T.);
#5036=ORIENTED_EDGE('',*,*,#5018,.F.);
#5038=ORIENTED_EDGE('',*,*,#5037,.F.);
#5039=EDGE_LOOP('',(#5033,#5035,#5036,#5038));
#5040=FACE_OUTER_BOUND('',#5039,.F.);
#5041=ADVANCED_FACE('',(#5040),#5032,.T.);
#5042=CARTESIAN_POINT('',(0.E0,0.E0,-3.2E-2));
#5043=DIRECTION('',(0.E0,0.E0,1.E0));
#5044=DIRECTION('',(-9.999189883842E-1,-1.272857685747E-2,0.E0));
#5045=AXIS2_PLACEMENT_3D('',#5042,#5043,#5044);
#5046=TOROIDAL_SURFACE('',#5045,2.02E-1,3.2E-2);
#5047=ORIENTED_EDGE('',*,*,#4879,.T.);
#5048=ORIENTED_EDGE('',*,*,#5037,.T.);
#5050=ORIENTED_EDGE('',*,*,#5049,.F.);
#5051=ORIENTED_EDGE('',*,*,#5034,.F.);
#5052=EDGE_LOOP('',(#5047,#5048,#5050,#5051));
#5053=FACE_OUTER_BOUND('',#5052,.F.);
#5054=ADVANCED_FACE('',(#5053),#5046,.T.);
#5055=CARTESIAN_POINT('',(0.E0,0.E0,-2.625E-1));
#5056=DIRECTION('',(0.E0,0.E0,1.E0));
#5057=DIRECTION('',(-1.E0,0.E0,0.E0));
#5058=AXIS2_PLACEMENT_3D('',#5055,#5056,#5057);
#5059=CYLINDRICAL_SURFACE('',#5058,1.7E-1);
#5060=ORIENTED_EDGE('',*,*,#5049,.T.);
#5061=ORIENTED_EDGE('',*,*,#5023,.T.);
#5062=ORIENTED_EDGE('',*,*,#4993,.T.);
#5063=ORIENTED_EDGE('',*,*,#5020,.F.);
#5064=EDGE_LOOP('',(#5060,#5061,#5062,#5063));
#5065=FACE_OUTER_BOUND('',#5064,.F.);
#5066=ADVANCED_FACE('',(#5065),#5059,.F.);
#5067=CARTESIAN_POINT('',(3.5E-2,1.13E-1,0.E0));
#5068=DIRECTION('',(1.E0,0.E0,0.E0));
#5069=DIRECTION('',(0.E0,1.E0,0.E0));
#5070=AXIS2_PLACEMENT_3D('',#5067,#5068,#5069);
#5071=PLANE('',#5070);
#5072=ORIENTED_EDGE('',*,*,#4895,.T.);
#5073=ORIENTED_EDGE('',*,*,#4998,.T.);
#5074=ORIENTED_EDGE('',*,*,#4949,.T.);
#5075=ORIENTED_EDGE('',*,*,#4786,.F.);
#5076=EDGE_LOOP('',(#5072,#5073,#5074,#5075));
#5077=FACE_OUTER_BOUND('',#5076,.F.);
#5078=ADVANCED_FACE('',(#5077),#5071,.F.);
#5079=CARTESIAN_POINT('',(-9.85E-2,-7.E-2,0.E0));
#5080=DIRECTION('',(0.E0,1.E0,0.E0));
#5081=DIRECTION('',(-1.E0,0.E0,0.E0));
#5082=AXIS2_PLACEMENT_3D('',#5079,#5080,#5081);
#5083=PLANE('',#5082);
#5084=ORIENTED_EDGE('',*,*,#4798,.F.);
#5086=ORIENTED_EDGE('',*,*,#5085,.T.);
#5087=ORIENTED_EDGE('',*,*,#5003,.T.);
#5088=ORIENTED_EDGE('',*,*,#4937,.T.);
#5089=EDGE_LOOP('',(#5084,#5086,#5087,#5088));
#5090=FACE_OUTER_BOUND('',#5089,.F.);
#5091=ADVANCED_FACE('',(#5090),#5083,.F.);
#5092=CARTESIAN_POINT('',(-9.85E-2,-1.216141439143E-1,0.E0));
#5093=DIRECTION('',(1.E0,0.E0,0.E0));
#5094=DIRECTION('',(0.E0,1.E0,0.E0));
#5095=AXIS2_PLACEMENT_3D('',#5092,#5093,#5094);
#5096=PLANE('',#5095);
#5097=ORIENTED_EDGE('',*,*,#4796,.F.);
#5098=ORIENTED_EDGE('',*,*,#4924,.F.);
#5099=ORIENTED_EDGE('',*,*,#5005,.T.);
#5100=ORIENTED_EDGE('',*,*,#5085,.F.);
#5101=EDGE_LOOP('',(#5097,#5098,#5099,#5100));
#5102=FACE_OUTER_BOUND('',#5101,.F.);
#5103=ADVANCED_FACE('',(#5102),#5096,.F.);
#5104=CARTESIAN_POINT('',(-2.8E-2,8.6E-2,0.E0));
#5105=DIRECTION('',(-1.E0,0.E0,0.E0));
#5106=DIRECTION('',(0.E0,-1.E0,0.E0));
#5107=AXIS2_PLACEMENT_3D('',#5104,#5105,#5106);
#5108=PLANE('',#5107);
#5109=ORIENTED_EDGE('',*,*,#4806,.F.);
#5111=ORIENTED_EDGE('',*,*,#5110,.T.);
#5113=ORIENTED_EDGE('',*,*,#5112,.T.);
#5115=ORIENTED_EDGE('',*,*,#5114,.F.);
#5116=EDGE_LOOP('',(#5109,#5111,#5113,#5115));
#5117=FACE_OUTER_BOUND('',#5116,.F.);
#5118=ADVANCED_FACE('',(#5117),#5108,.F.);
#5119=CARTESIAN_POINT('',(2.8E-2,8.6E-2,0.E0));
#5120=DIRECTION('',(0.E0,1.E0,0.E0));
#5121=DIRECTION('',(-1.E0,0.E0,0.E0));
#5122=AXIS2_PLACEMENT_3D('',#5119,#5120,#5121);
#5123=PLANE('',#5122);
#5124=ORIENTED_EDGE('',*,*,#4812,.F.);
#5126=ORIENTED_EDGE('',*,*,#5125,.T.);
#5128=ORIENTED_EDGE('',*,*,#5127,.T.);
#5129=ORIENTED_EDGE('',*,*,#5110,.F.);
#5130=EDGE_LOOP('',(#5124,#5126,#5128,#5129));
#5131=FACE_OUTER_BOUND('',#5130,.F.);
#5132=ADVANCED_FACE('',(#5131),#5123,.F.);
#5133=CARTESIAN_POINT('',(2.8E-2,0.E0,0.E0));
#5134=DIRECTION('',(1.E0,0.E0,0.E0));
#5135=DIRECTION('',(0.E0,1.E0,0.E0));
#5136=AXIS2_PLACEMENT_3D('',#5133,#5134,#5135);
#5137=PLANE('',#5136);
#5138=ORIENTED_EDGE('',*,*,#4810,.F.);
#5140=ORIENTED_EDGE('',*,*,#5139,.T.);
#5142=ORIENTED_EDGE('',*,*,#5141,.T.);
#5143=ORIENTED_EDGE('',*,*,#5125,.F.);
#5144=EDGE_LOOP('',(#5138,#5140,#5142,#5143));
#5145=FACE_OUTER_BOUND('',#5144,.F.);
#5146=ADVANCED_FACE('',(#5145),#5137,.F.);
#5147=CARTESIAN_POINT('',(-2.8E-2,0.E0,0.E0));
#5148=DIRECTION('',(0.E0,-1.E0,0.E0));
#5149=DIRECTION('',(1.E0,0.E0,0.E0));
#5150=AXIS2_PLACEMENT_3D('',#5147,#5148,#5149);
#5151=PLANE('',#5150);
#5152=ORIENTED_EDGE('',*,*,#4808,.F.);
#5153=ORIENTED_EDGE('',*,*,#5114,.T.);
#5155=ORIENTED_EDGE('',*,*,#5154,.T.);
#5156=ORIENTED_EDGE('',*,*,#5139,.F.);
#5157=EDGE_LOOP('',(#5152,#5153,#5155,#5156));
#5158=FACE_OUTER_BOUND('',#5157,.F.);
#5159=ADVANCED_FACE('',(#5158),#5151,.F.);
#5160=CARTESIAN_POINT('',(-2.756E-1,0.E0,-2.5E-1));
#5161=DIRECTION('',(0.E0,0.E0,1.E0));
#5162=DIRECTION('',(1.E0,0.E0,0.E0));
#5163=AXIS2_PLACEMENT_3D('',#5160,#5161,#5162);
#5164=PLANE('',#5163);
#5165=ORIENTED_EDGE('',*,*,#5112,.F.);
#5166=ORIENTED_EDGE('',*,*,#5127,.F.);
#5167=ORIENTED_EDGE('',*,*,#5141,.F.);
#5168=ORIENTED_EDGE('',*,*,#5154,.F.);
#5169=EDGE_LOOP('',(#5165,#5166,#5167,#5168));
#5170=FACE_OUTER_BOUND('',#5169,.F.);
#5171=ADVANCED_FACE('',(#5170),#5164,.T.);
#5172=CARTESIAN_POINT('',(3.95E-2,-9.4E-2,2.E-3));
#5173=DIRECTION('',(0.E0,0.E0,-1.E0));
#5174=DIRECTION('',(0.E0,-1.E0,0.E0));
#5175=AXIS2_PLACEMENT_3D('',#5172,#5173,#5174);
#5176=CYLINDRICAL_SURFACE('',#5175,3.15E-2);
#5177=ORIENTED_EDGE('',*,*,#4816,.T.);
#5179=ORIENTED_EDGE('',*,*,#5178,.F.);
#5181=ORIENTED_EDGE('',*,*,#5180,.T.);
#5183=ORIENTED_EDGE('',*,*,#5182,.T.);
#5184=EDGE_LOOP('',(#5177,#5179,#5181,#5183));
#5185=FACE_OUTER_BOUND('',#5184,.F.);
#5186=ADVANCED_FACE('',(#5185),#5176,.F.);
#5187=CARTESIAN_POINT('',(3.95E-2,-9.4E-2,2.E-3));
#5188=DIRECTION('',(0.E0,0.E0,-1.E0));
#5189=DIRECTION('',(0.E0,-1.E0,0.E0));
#5190=AXIS2_PLACEMENT_3D('',#5187,#5188,#5189);
#5191=CYLINDRICAL_SURFACE('',#5190,3.15E-2);
#5192=ORIENTED_EDGE('',*,*,#4818,.T.);
#5193=ORIENTED_EDGE('',*,*,#5182,.F.);
#5195=ORIENTED_EDGE('',*,*,#5194,.F.);
#5196=ORIENTED_EDGE('',*,*,#5178,.T.);
#5197=EDGE_LOOP('',(#5192,#5193,#5195,#5196));
#5198=FACE_OUTER_BOUND('',#5197,.F.);
#5199=ADVANCED_FACE('',(#5198),#5191,.F.);
#5200=CARTESIAN_POINT('',(3.95E-2,-9.4E-2,-1.675E-2));
#5201=DIRECTION('',(0.E0,0.E0,1.E0));
#5202=DIRECTION('',(0.E0,1.E0,0.E0));
#5203=AXIS2_PLACEMENT_3D('',#5200,#5201,#5202);
#5204=CONICAL_SURFACE('',#5203,2.275E-2,4.5E1);
#5206=ORIENTED_EDGE('',*,*,#5205,.T.);
#5208=ORIENTED_EDGE('',*,*,#5207,.F.);
#5210=ORIENTED_EDGE('',*,*,#5209,.F.);
#5211=ORIENTED_EDGE('',*,*,#5194,.T.);
#5212=EDGE_LOOP('',(#5206,#5208,#5210,#5211));
#5213=FACE_OUTER_BOUND('',#5212,.F.);
#5214=ADVANCED_FACE('',(#5213),#5204,.F.);
#5215=CARTESIAN_POINT('',(3.95E-2,-9.4E-2,-1.675E-2));
#5216=DIRECTION('',(0.E0,0.E0,1.E0));
#5217=DIRECTION('',(0.E0,1.E0,0.E0));
#5218=AXIS2_PLACEMENT_3D('',#5215,#5216,#5217);
#5219=CONICAL_SURFACE('',#5218,2.275E-2,4.5E1);
#5220=ORIENTED_EDGE('',*,*,#5205,.F.);
#5221=ORIENTED_EDGE('',*,*,#5180,.F.);
#5222=ORIENTED_EDGE('',*,*,#5209,.T.);
#5224=ORIENTED_EDGE('',*,*,#5223,.T.);
#5225=EDGE_LOOP('',(#5220,#5221,#5222,#5224));
#5226=FACE_OUTER_BOUND('',#5225,.F.);
#5227=ADVANCED_FACE('',(#5226),#5219,.F.);
#5228=CARTESIAN_POINT('',(3.95E-2,-9.4E-2,2.E-3));
#5229=DIRECTION('',(0.E0,0.E0,-1.E0));
#5230=DIRECTION('',(0.E0,-1.E0,0.E0));
#5231=AXIS2_PLACEMENT_3D('',#5228,#5229,#5230);
#5232=CYLINDRICAL_SURFACE('',#5231,1.4E-2);
#5234=ORIENTED_EDGE('',*,*,#5233,.F.);
#5235=ORIENTED_EDGE('',*,*,#5223,.F.);
#5237=ORIENTED_EDGE('',*,*,#5236,.T.);
#5239=ORIENTED_EDGE('',*,*,#5238,.T.);
#5240=EDGE_LOOP('',(#5234,#5235,#5237,#5239));
#5241=FACE_OUTER_BOUND('',#5240,.F.);
#5242=ADVANCED_FACE('',(#5241),#5232,.F.);
#5243=CARTESIAN_POINT('',(3.95E-2,-9.4E-2,2.E-3));
#5244=DIRECTION('',(0.E0,0.E0,-1.E0));
#5245=DIRECTION('',(0.E0,-1.E0,0.E0));
#5246=AXIS2_PLACEMENT_3D('',#5243,#5244,#5245);
#5247=CYLINDRICAL_SURFACE('',#5246,1.4E-2);
#5248=ORIENTED_EDGE('',*,*,#5233,.T.);
#5250=ORIENTED_EDGE('',*,*,#5249,.F.);
#5251=ORIENTED_EDGE('',*,*,#5236,.F.);
#5252=ORIENTED_EDGE('',*,*,#5207,.T.);
#5253=EDGE_LOOP('',(#5248,#5250,#5251,#5252));
#5254=FACE_OUTER_BOUND('',#5253,.F.);
#5255=ADVANCED_FACE('',(#5254),#5247,.F.);
#5256=CARTESIAN_POINT('',(3.95E-2,-9.4E-2,-4.E-2));
#5257=DIRECTION('',(0.E0,0.E0,-1.E0));
#5258=DIRECTION('',(0.E0,-1.E0,0.E0));
#5259=AXIS2_PLACEMENT_3D('',#5256,#5257,#5258);
#5260=PLANE('',#5259);
#5261=ORIENTED_EDGE('',*,*,#5249,.T.);
#5262=ORIENTED_EDGE('',*,*,#5238,.F.);
#5263=EDGE_LOOP('',(#5261,#5262));
#5264=FACE_OUTER_BOUND('',#5263,.F.);
#5265=ADVANCED_FACE('',(#5264),#5260,.F.);
#5266=CARTESIAN_POINT('',(-3.95E-2,-9.4E-2,2.E-3));
#5267=DIRECTION('',(0.E0,0.E0,-1.E0));
#5268=DIRECTION('',(0.E0,-1.E0,0.E0));
#5269=AXIS2_PLACEMENT_3D('',#5266,#5267,#5268);
#5270=CYLINDRICAL_SURFACE('',#5269,3.15E-2);
#5271=ORIENTED_EDGE('',*,*,#4822,.T.);
#5273=ORIENTED_EDGE('',*,*,#5272,.F.);
#5275=ORIENTED_EDGE('',*,*,#5274,.F.);
#5277=ORIENTED_EDGE('',*,*,#5276,.T.);
#5278=EDGE_LOOP('',(#5271,#5273,#5275,#5277));
#5279=FACE_OUTER_BOUND('',#5278,.F.);
#5280=ADVANCED_FACE('',(#5279),#5270,.F.);
#5281=CARTESIAN_POINT('',(-3.95E-2,-9.4E-2,2.E-3));
#5282=DIRECTION('',(0.E0,0.E0,-1.E0));
#5283=DIRECTION('',(0.E0,-1.E0,0.E0));
#5284=AXIS2_PLACEMENT_3D('',#5281,#5282,#5283);
#5285=CYLINDRICAL_SURFACE('',#5284,3.15E-2);
#5286=ORIENTED_EDGE('',*,*,#4824,.T.);
#5287=ORIENTED_EDGE('',*,*,#5276,.F.);
#5289=ORIENTED_EDGE('',*,*,#5288,.T.);
#5290=ORIENTED_EDGE('',*,*,#5272,.T.);
#5291=EDGE_LOOP('',(#5286,#5287,#5289,#5290));
#5292=FACE_OUTER_BOUND('',#5291,.F.);
#5293=ADVANCED_FACE('',(#5292),#5285,.F.);
#5294=CARTESIAN_POINT('',(-3.95E-2,-9.4E-2,-1.675E-2));
#5295=DIRECTION('',(0.E0,0.E0,1.E0));
#5296=DIRECTION('',(0.E0,1.E0,0.E0));
#5297=AXIS2_PLACEMENT_3D('',#5294,#5295,#5296);
#5298=CONICAL_SURFACE('',#5297,2.275E-2,4.5E1);
#5300=ORIENTED_EDGE('',*,*,#5299,.F.);
#5302=ORIENTED_EDGE('',*,*,#5301,.T.);
#5304=ORIENTED_EDGE('',*,*,#5303,.T.);
#5305=ORIENTED_EDGE('',*,*,#5288,.F.);
#5306=EDGE_LOOP('',(#5300,#5302,#5304,#5305));
#5307=FACE_OUTER_BOUND('',#5306,.F.);
#5308=ADVANCED_FACE('',(#5307),#5298,.F.);
#5309=CARTESIAN_POINT('',(-3.95E-2,-9.4E-2,-1.675E-2));
#5310=DIRECTION('',(0.E0,0.E0,1.E0));
#5311=DIRECTION('',(0.E0,1.E0,0.E0));
#5312=AXIS2_PLACEMENT_3D('',#5309,#5310,#5311);
#5313=CONICAL_SURFACE('',#5312,2.275E-2,4.5E1);
#5314=ORIENTED_EDGE('',*,*,#5299,.T.);
#5315=ORIENTED_EDGE('',*,*,#5274,.T.);
#5316=ORIENTED_EDGE('',*,*,#5303,.F.);
#5318=ORIENTED_EDGE('',*,*,#5317,.F.);
#5319=EDGE_LOOP('',(#5314,#5315,#5316,#5318));
#5320=FACE_OUTER_BOUND('',#5319,.F.);
#5321=ADVANCED_FACE('',(#5320),#5313,.F.);
#5322=CARTESIAN_POINT('',(-3.95E-2,-9.4E-2,2.E-3));
#5323=DIRECTION('',(0.E0,0.E0,-1.E0));
#5324=DIRECTION('',(0.E0,-1.E0,0.E0));
#5325=AXIS2_PLACEMENT_3D('',#5322,#5323,#5324);
#5326=CYLINDRICAL_SURFACE('',#5325,1.4E-2);
#5328=ORIENTED_EDGE('',*,*,#5327,.T.);
#5329=ORIENTED_EDGE('',*,*,#5317,.T.);
#5331=ORIENTED_EDGE('',*,*,#5330,.F.);
#5333=ORIENTED_EDGE('',*,*,#5332,.F.);
#5334=EDGE_LOOP('',(#5328,#5329,#5331,#5333));
#5335=FACE_OUTER_BOUND('',#5334,.F.);
#5336=ADVANCED_FACE('',(#5335),#5326,.F.);
#5337=CARTESIAN_POINT('',(-3.95E-2,-9.4E-2,2.E-3));
#5338=DIRECTION('',(0.E0,0.E0,-1.E0));
#5339=DIRECTION('',(0.E0,-1.E0,0.E0));
#5340=AXIS2_PLACEMENT_3D('',#5337,#5338,#5339);
#5341=CYLINDRICAL_SURFACE('',#5340,1.4E-2);
#5342=ORIENTED_EDGE('',*,*,#5327,.F.);
#5344=ORIENTED_EDGE('',*,*,#5343,.T.);
#5345=ORIENTED_EDGE('',*,*,#5330,.T.);
#5346=ORIENTED_EDGE('',*,*,#5301,.F.);
#5347=EDGE_LOOP('',(#5342,#5344,#5345,#5346));
#5348=FACE_OUTER_BOUND('',#5347,.F.);
#5349=ADVANCED_FACE('',(#5348),#5341,.F.);
#5350=CARTESIAN_POINT('',(-3.95E-2,-9.4E-2,-4.E-2));
#5351=DIRECTION('',(0.E0,0.E0,-1.E0));
#5352=DIRECTION('',(0.E0,-1.E0,0.E0));
#5353=AXIS2_PLACEMENT_3D('',#5350,#5351,#5352);
#5354=PLANE('',#5353);
#5355=ORIENTED_EDGE('',*,*,#5343,.F.);
#5356=ORIENTED_EDGE('',*,*,#5332,.T.);
#5357=EDGE_LOOP('',(#5355,#5356));
#5358=FACE_OUTER_BOUND('',#5357,.F.);
#5359=ADVANCED_FACE('',(#5358),#5354,.F.);
#5360=CARTESIAN_POINT('',(7.85E-2,6.3E-2,2.E-3));
#5361=DIRECTION('',(0.E0,0.E0,-1.E0));
#5362=DIRECTION('',(0.E0,-1.E0,0.E0));
#5363=AXIS2_PLACEMENT_3D('',#5360,#5361,#5362);
#5364=CYLINDRICAL_SURFACE('',#5363,3.15E-2);
#5365=ORIENTED_EDGE('',*,*,#4828,.T.);
#5367=ORIENTED_EDGE('',*,*,#5366,.F.);
#5369=ORIENTED_EDGE('',*,*,#5368,.F.);
#5371=ORIENTED_EDGE('',*,*,#5370,.T.);
#5372=EDGE_LOOP('',(#5365,#5367,#5369,#5371));
#5373=FACE_OUTER_BOUND('',#5372,.F.);
#5374=ADVANCED_FACE('',(#5373),#5364,.F.);
#5375=CARTESIAN_POINT('',(7.85E-2,6.3E-2,2.E-3));
#5376=DIRECTION('',(0.E0,0.E0,-1.E0));
#5377=DIRECTION('',(0.E0,-1.E0,0.E0));
#5378=AXIS2_PLACEMENT_3D('',#5375,#5376,#5377);
#5379=CYLINDRICAL_SURFACE('',#5378,3.15E-2);
#5380=ORIENTED_EDGE('',*,*,#4830,.T.);
#5381=ORIENTED_EDGE('',*,*,#5370,.F.);
#5383=ORIENTED_EDGE('',*,*,#5382,.T.);
#5384=ORIENTED_EDGE('',*,*,#5366,.T.);
#5385=EDGE_LOOP('',(#5380,#5381,#5383,#5384));
#5386=FACE_OUTER_BOUND('',#5385,.F.);
#5387=ADVANCED_FACE('',(#5386),#5379,.F.);
#5388=CARTESIAN_POINT('',(7.85E-2,6.3E-2,-1.675E-2));
#5389=DIRECTION('',(0.E0,0.E0,1.E0));
#5390=DIRECTION('',(0.E0,1.E0,0.E0));
#5391=AXIS2_PLACEMENT_3D('',#5388,#5389,#5390);
#5392=CONICAL_SURFACE('',#5391,2.275E-2,4.5E1);
#5394=ORIENTED_EDGE('',*,*,#5393,.F.);
#5396=ORIENTED_EDGE('',*,*,#5395,.T.);
#5398=ORIENTED_EDGE('',*,*,#5397,.T.);
#5399=ORIENTED_EDGE('',*,*,#5382,.F.);
#5400=EDGE_LOOP('',(#5394,#5396,#5398,#5399));
#5401=FACE_OUTER_BOUND('',#5400,.F.);
#5402=ADVANCED_FACE('',(#5401),#5392,.F.);
#5403=CARTESIAN_POINT('',(7.85E-2,6.3E-2,-1.675E-2));
#5404=DIRECTION('',(0.E0,0.E0,1.E0));
#5405=DIRECTION('',(0.E0,1.E0,0.E0));
#5406=AXIS2_PLACEMENT_3D('',#5403,#5404,#5405);
#5407=CONICAL_SURFACE('',#5406,2.275E-2,4.5E1);
#5408=ORIENTED_EDGE('',*,*,#5393,.T.);
#5409=ORIENTED_EDGE('',*,*,#5368,.T.);
#5410=ORIENTED_EDGE('',*,*,#5397,.F.);
#5412=ORIENTED_EDGE('',*,*,#5411,.F.);
#5413=EDGE_LOOP('',(#5408,#5409,#5410,#5412));
#5414=FACE_OUTER_BOUND('',#5413,.F.);
#5415=ADVANCED_FACE('',(#5414),#5407,.F.);
#5416=CARTESIAN_POINT('',(7.85E-2,6.3E-2,2.E-3));
#5417=DIRECTION('',(0.E0,0.E0,-1.E0));
#5418=DIRECTION('',(0.E0,-1.E0,0.E0));
#5419=AXIS2_PLACEMENT_3D('',#5416,#5417,#5418);
#5420=CYLINDRICAL_SURFACE('',#5419,1.4E-2);
#5422=ORIENTED_EDGE('',*,*,#5421,.T.);
#5423=ORIENTED_EDGE('',*,*,#5411,.T.);
#5425=ORIENTED_EDGE('',*,*,#5424,.F.);
#5427=ORIENTED_EDGE('',*,*,#5426,.F.);
#5428=EDGE_LOOP('',(#5422,#5423,#5425,#5427));
#5429=FACE_OUTER_BOUND('',#5428,.F.);
#5430=ADVANCED_FACE('',(#5429),#5420,.F.);
#5431=CARTESIAN_POINT('',(7.85E-2,6.3E-2,2.E-3));
#5432=DIRECTION('',(0.E0,0.E0,-1.E0));
#5433=DIRECTION('',(0.E0,-1.E0,0.E0));
#5434=AXIS2_PLACEMENT_3D('',#5431,#5432,#5433);
#5435=CYLINDRICAL_SURFACE('',#5434,1.4E-2);
#5436=ORIENTED_EDGE('',*,*,#5421,.F.);
#5438=ORIENTED_EDGE('',*,*,#5437,.T.);
#5439=ORIENTED_EDGE('',*,*,#5424,.T.);
#5440=ORIENTED_EDGE('',*,*,#5395,.F.);
#5441=EDGE_LOOP('',(#5436,#5438,#5439,#5440));
#5442=FACE_OUTER_BOUND('',#5441,.F.);
#5443=ADVANCED_FACE('',(#5442),#5435,.F.);
#5444=CARTESIAN_POINT('',(7.85E-2,6.3E-2,-4.E-2));
#5445=DIRECTION('',(0.E0,0.E0,-1.E0));
#5446=DIRECTION('',(0.E0,-1.E0,0.E0));
#5447=AXIS2_PLACEMENT_3D('',#5444,#5445,#5446);
#5448=PLANE('',#5447);
#5449=ORIENTED_EDGE('',*,*,#5437,.F.);
#5450=ORIENTED_EDGE('',*,*,#5426,.T.);
#5451=EDGE_LOOP('',(#5449,#5450));
#5452=FACE_OUTER_BOUND('',#5451,.F.);
#5453=ADVANCED_FACE('',(#5452),#5448,.F.);
#5454=CARTESIAN_POINT('',(-7.85E-2,6.3E-2,2.E-3));
#5455=DIRECTION('',(0.E0,0.E0,-1.E0));
#5456=DIRECTION('',(0.E0,-1.E0,0.E0));
#5457=AXIS2_PLACEMENT_3D('',#5454,#5455,#5456);
#5458=CYLINDRICAL_SURFACE('',#5457,3.15E-2);
#5459=ORIENTED_EDGE('',*,*,#4834,.T.);
#5461=ORIENTED_EDGE('',*,*,#5460,.F.);
#5463=ORIENTED_EDGE('',*,*,#5462,.F.);
#5465=ORIENTED_EDGE('',*,*,#5464,.T.);
#5466=EDGE_LOOP('',(#5459,#5461,#5463,#5465));
#5467=FACE_OUTER_BOUND('',#5466,.F.);
#5468=ADVANCED_FACE('',(#5467),#5458,.F.);
#5469=CARTESIAN_POINT('',(-7.85E-2,6.3E-2,2.E-3));
#5470=DIRECTION('',(0.E0,0.E0,-1.E0));
#5471=DIRECTION('',(0.E0,-1.E0,0.E0));
#5472=AXIS2_PLACEMENT_3D('',#5469,#5470,#5471);
#5473=CYLINDRICAL_SURFACE('',#5472,3.15E-2);
#5474=ORIENTED_EDGE('',*,*,#4836,.T.);
#5475=ORIENTED_EDGE('',*,*,#5464,.F.);
#5477=ORIENTED_EDGE('',*,*,#5476,.T.);
#5478=ORIENTED_EDGE('',*,*,#5460,.T.);
#5479=EDGE_LOOP('',(#5474,#5475,#5477,#5478));
#5480=FACE_OUTER_BOUND('',#5479,.F.);
#5481=ADVANCED_FACE('',(#5480),#5473,.F.);
#5482=CARTESIAN_POINT('',(-7.85E-2,6.3E-2,-1.675E-2));
#5483=DIRECTION('',(0.E0,0.E0,1.E0));
#5484=DIRECTION('',(0.E0,1.E0,0.E0));
#5485=AXIS2_PLACEMENT_3D('',#5482,#5483,#5484);
#5486=CONICAL_SURFACE('',#5485,2.275E-2,4.5E1);
#5488=ORIENTED_EDGE('',*,*,#5487,.F.);
#5490=ORIENTED_EDGE('',*,*,#5489,.T.);
#5492=ORIENTED_EDGE('',*,*,#5491,.T.);
#5493=ORIENTED_EDGE('',*,*,#5476,.F.);
#5494=EDGE_LOOP('',(#5488,#5490,#5492,#5493));
#5495=FACE_OUTER_BOUND('',#5494,.F.);
#5496=ADVANCED_FACE('',(#5495),#5486,.F.);
#5497=CARTESIAN_POINT('',(-7.85E-2,6.3E-2,-1.675E-2));
#5498=DIRECTION('',(0.E0,0.E0,1.E0));
#5499=DIRECTION('',(0.E0,1.E0,0.E0));
#5500=AXIS2_PLACEMENT_3D('',#5497,#5498,#5499);
#5501=CONICAL_SURFACE('',#5500,2.275E-2,4.5E1);
#5502=ORIENTED_EDGE('',*,*,#5487,.T.);
#5503=ORIENTED_EDGE('',*,*,#5462,.T.);
#5504=ORIENTED_EDGE('',*,*,#5491,.F.);
#5506=ORIENTED_EDGE('',*,*,#5505,.F.);
#5507=EDGE_LOOP('',(#5502,#5503,#5504,#5506));
#5508=FACE_OUTER_BOUND('',#5507,.F.);
#5509=ADVANCED_FACE('',(#5508),#5501,.F.);
#5510=CARTESIAN_POINT('',(-7.85E-2,6.3E-2,2.E-3));
#5511=DIRECTION('',(0.E0,0.E0,-1.E0));
#5512=DIRECTION('',(0.E0,-1.E0,0.E0));
#5513=AXIS2_PLACEMENT_3D('',#5510,#5511,#5512);
#5514=CYLINDRICAL_SURFACE('',#5513,1.4E-2);
#5516=ORIENTED_EDGE('',*,*,#5515,.T.);
#5517=ORIENTED_EDGE('',*,*,#5505,.T.);
#5519=ORIENTED_EDGE('',*,*,#5518,.F.);
#5521=ORIENTED_EDGE('',*,*,#5520,.F.);
#5522=EDGE_LOOP('',(#5516,#5517,#5519,#5521));
#5523=FACE_OUTER_BOUND('',#5522,.F.);
#5524=ADVANCED_FACE('',(#5523),#5514,.F.);
#5525=CARTESIAN_POINT('',(-7.85E-2,6.3E-2,2.E-3));
#5526=DIRECTION('',(0.E0,0.E0,-1.E0));
#5527=DIRECTION('',(0.E0,-1.E0,0.E0));
#5528=AXIS2_PLACEMENT_3D('',#5525,#5526,#5527);
#5529=CYLINDRICAL_SURFACE('',#5528,1.4E-2);
#5530=ORIENTED_EDGE('',*,*,#5515,.F.);
#5532=ORIENTED_EDGE('',*,*,#5531,.T.);
#5533=ORIENTED_EDGE('',*,*,#5518,.T.);
#5534=ORIENTED_EDGE('',*,*,#5489,.F.);
#5535=EDGE_LOOP('',(#5530,#5532,#5533,#5534));
#5536=FACE_OUTER_BOUND('',#5535,.F.);
#5537=ADVANCED_FACE('',(#5536),#5529,.F.);
#5538=CARTESIAN_POINT('',(-7.85E-2,6.3E-2,-4.E-2));
#5539=DIRECTION('',(0.E0,0.E0,-1.E0));
#5540=DIRECTION('',(0.E0,-1.E0,0.E0));
#5541=AXIS2_PLACEMENT_3D('',#5538,#5539,#5540);
#5542=PLANE('',#5541);
#5543=ORIENTED_EDGE('',*,*,#5531,.F.);
#5544=ORIENTED_EDGE('',*,*,#5520,.T.);
#5545=EDGE_LOOP('',(#5543,#5544));
#5546=FACE_OUTER_BOUND('',#5545,.F.);
#5547=ADVANCED_FACE('',(#5546),#5542,.F.);
#5548=CARTESIAN_POINT('',(9.85E-2,-1.6E-2,2.E-3));
#5549=DIRECTION('',(0.E0,0.E0,-1.E0));
#5550=DIRECTION('',(0.E0,-1.E0,0.E0));
#5551=AXIS2_PLACEMENT_3D('',#5548,#5549,#5550);
#5552=CYLINDRICAL_SURFACE('',#5551,3.15E-2);
#5553=ORIENTED_EDGE('',*,*,#4840,.T.);
#5555=ORIENTED_EDGE('',*,*,#5554,.T.);
#5557=ORIENTED_EDGE('',*,*,#5556,.T.);
#5559=ORIENTED_EDGE('',*,*,#5558,.F.);
#5560=EDGE_LOOP('',(#5553,#5555,#5557,#5559));
#5561=FACE_OUTER_BOUND('',#5560,.F.);
#5562=ADVANCED_FACE('',(#5561),#5552,.F.);
#5563=CARTESIAN_POINT('',(9.85E-2,-1.6E-2,2.E-3));
#5564=DIRECTION('',(0.E0,0.E0,-1.E0));
#5565=DIRECTION('',(0.E0,-1.E0,0.E0));
#5566=AXIS2_PLACEMENT_3D('',#5563,#5564,#5565);
#5567=CYLINDRICAL_SURFACE('',#5566,3.15E-2);
#5568=ORIENTED_EDGE('',*,*,#4842,.T.);
#5569=ORIENTED_EDGE('',*,*,#5558,.T.);
#5571=ORIENTED_EDGE('',*,*,#5570,.F.);
#5572=ORIENTED_EDGE('',*,*,#5554,.F.);
#5573=EDGE_LOOP('',(#5568,#5569,#5571,#5572));
#5574=FACE_OUTER_BOUND('',#5573,.F.);
#5575=ADVANCED_FACE('',(#5574),#5567,.F.);
#5576=CARTESIAN_POINT('',(9.85E-2,-1.6E-2,-1.675E-2));
#5577=DIRECTION('',(0.E0,0.E0,1.E0));
#5578=DIRECTION('',(0.E0,1.E0,0.E0));
#5579=AXIS2_PLACEMENT_3D('',#5576,#5577,#5578);
#5580=CONICAL_SURFACE('',#5579,2.275E-2,4.5E1);
#5582=ORIENTED_EDGE('',*,*,#5581,.F.);
#5584=ORIENTED_EDGE('',*,*,#5583,.F.);
#5586=ORIENTED_EDGE('',*,*,#5585,.T.);
#5587=ORIENTED_EDGE('',*,*,#5570,.T.);
#5588=EDGE_LOOP('',(#5582,#5584,#5586,#5587));
#5589=FACE_OUTER_BOUND('',#5588,.F.);
#5590=ADVANCED_FACE('',(#5589),#5580,.F.);
#5591=CARTESIAN_POINT('',(9.85E-2,-1.6E-2,-1.675E-2));
#5592=DIRECTION('',(0.E0,0.E0,1.E0));
#5593=DIRECTION('',(0.E0,1.E0,0.E0));
#5594=AXIS2_PLACEMENT_3D('',#5591,#5592,#5593);
#5595=CONICAL_SURFACE('',#5594,2.275E-2,4.5E1);
#5596=ORIENTED_EDGE('',*,*,#5581,.T.);
#5597=ORIENTED_EDGE('',*,*,#5556,.F.);
#5598=ORIENTED_EDGE('',*,*,#5585,.F.);
#5600=ORIENTED_EDGE('',*,*,#5599,.T.);
#5601=EDGE_LOOP('',(#5596,#5597,#5598,#5600));
#5602=FACE_OUTER_BOUND('',#5601,.F.);
#5603=ADVANCED_FACE('',(#5602),#5595,.F.);
#5604=CARTESIAN_POINT('',(9.85E-2,-1.6E-2,2.E-3));
#5605=DIRECTION('',(0.E0,0.E0,-1.E0));
#5606=DIRECTION('',(0.E0,-1.E0,0.E0));
#5607=AXIS2_PLACEMENT_3D('',#5604,#5605,#5606);
#5608=CYLINDRICAL_SURFACE('',#5607,1.4E-2);
#5610=ORIENTED_EDGE('',*,*,#5609,.T.);
#5611=ORIENTED_EDGE('',*,*,#5599,.F.);
#5613=ORIENTED_EDGE('',*,*,#5612,.F.);
#5615=ORIENTED_EDGE('',*,*,#5614,.T.);
#5616=EDGE_LOOP('',(#5610,#5611,#5613,#5615));
#5617=FACE_OUTER_BOUND('',#5616,.F.);
#5618=ADVANCED_FACE('',(#5617),#5608,.F.);
#5619=CARTESIAN_POINT('',(9.85E-2,-1.6E-2,2.E-3));
#5620=DIRECTION('',(0.E0,0.E0,-1.E0));
#5621=DIRECTION('',(0.E0,-1.E0,0.E0));
#5622=AXIS2_PLACEMENT_3D('',#5619,#5620,#5621);
#5623=CYLINDRICAL_SURFACE('',#5622,1.4E-2);
#5624=ORIENTED_EDGE('',*,*,#5609,.F.);
#5626=ORIENTED_EDGE('',*,*,#5625,.F.);
#5627=ORIENTED_EDGE('',*,*,#5612,.T.);
#5628=ORIENTED_EDGE('',*,*,#5583,.T.);
#5629=EDGE_LOOP('',(#5624,#5626,#5627,#5628));
#5630=FACE_OUTER_BOUND('',#5629,.F.);
#5631=ADVANCED_FACE('',(#5630),#5623,.F.);
#5632=CARTESIAN_POINT('',(9.85E-2,-1.6E-2,-4.E-2));
#5633=DIRECTION('',(0.E0,0.E0,-1.E0));
#5634=DIRECTION('',(0.E0,-1.E0,0.E0));
#5635=AXIS2_PLACEMENT_3D('',#5632,#5633,#5634);
#5636=PLANE('',#5635);
#5637=ORIENTED_EDGE('',*,*,#5625,.T.);
#5638=ORIENTED_EDGE('',*,*,#5614,.F.);
#5639=EDGE_LOOP('',(#5637,#5638));
#5640=FACE_OUTER_BOUND('',#5639,.F.);
#5641=ADVANCED_FACE('',(#5640),#5636,.F.);
#5642=CARTESIAN_POINT('',(-9.85E-2,-1.6E-2,2.E-3));
#5643=DIRECTION('',(0.E0,0.E0,-1.E0));
#5644=DIRECTION('',(0.E0,-1.E0,0.E0));
#5645=AXIS2_PLACEMENT_3D('',#5642,#5643,#5644);
#5646=CYLINDRICAL_SURFACE('',#5645,3.15E-2);
#5647=ORIENTED_EDGE('',*,*,#4846,.T.);
#5649=ORIENTED_EDGE('',*,*,#5648,.T.);
#5651=ORIENTED_EDGE('',*,*,#5650,.F.);
#5653=ORIENTED_EDGE('',*,*,#5652,.F.);
#5654=EDGE_LOOP('',(#5647,#5649,#5651,#5653));
#5655=FACE_OUTER_BOUND('',#5654,.F.);
#5656=ADVANCED_FACE('',(#5655),#5646,.F.);
#5657=CARTESIAN_POINT('',(-9.85E-2,-1.6E-2,2.E-3));
#5658=DIRECTION('',(0.E0,0.E0,-1.E0));
#5659=DIRECTION('',(0.E0,-1.E0,0.E0));
#5660=AXIS2_PLACEMENT_3D('',#5657,#5658,#5659);
#5661=CYLINDRICAL_SURFACE('',#5660,3.15E-2);
#5662=ORIENTED_EDGE('',*,*,#4848,.T.);
#5663=ORIENTED_EDGE('',*,*,#5652,.T.);
#5665=ORIENTED_EDGE('',*,*,#5664,.T.);
#5666=ORIENTED_EDGE('',*,*,#5648,.F.);
#5667=EDGE_LOOP('',(#5662,#5663,#5665,#5666));
#5668=FACE_OUTER_BOUND('',#5667,.F.);
#5669=ADVANCED_FACE('',(#5668),#5661,.F.);
#5670=CARTESIAN_POINT('',(-9.85E-2,-1.6E-2,-1.675E-2));
#5671=DIRECTION('',(0.E0,0.E0,1.E0));
#5672=DIRECTION('',(0.E0,1.E0,0.E0));
#5673=AXIS2_PLACEMENT_3D('',#5670,#5671,#5672);
#5674=CONICAL_SURFACE('',#5673,2.275E-2,4.5E1);
#5676=ORIENTED_EDGE('',*,*,#5675,.T.);
#5678=ORIENTED_EDGE('',*,*,#5677,.T.);
#5680=ORIENTED_EDGE('',*,*,#5679,.F.);
#5681=ORIENTED_EDGE('',*,*,#5664,.F.);
#5682=EDGE_LOOP('',(#5676,#5678,#5680,#5681));
#5683=FACE_OUTER_BOUND('',#5682,.F.);
#5684=ADVANCED_FACE('',(#5683),#5674,.F.);
#5685=CARTESIAN_POINT('',(-9.85E-2,-1.6E-2,-1.675E-2));
#5686=DIRECTION('',(0.E0,0.E0,1.E0));
#5687=DIRECTION('',(0.E0,1.E0,0.E0));
#5688=AXIS2_PLACEMENT_3D('',#5685,#5686,#5687);
#5689=CONICAL_SURFACE('',#5688,2.275E-2,4.5E1);
#5690=ORIENTED_EDGE('',*,*,#5675,.F.);
#5691=ORIENTED_EDGE('',*,*,#5650,.T.);
#5692=ORIENTED_EDGE('',*,*,#5679,.T.);
#5694=ORIENTED_EDGE('',*,*,#5693,.F.);
#5695=EDGE_LOOP('',(#5690,#5691,#5692,#5694));
#5696=FACE_OUTER_BOUND('',#5695,.F.);
#5697=ADVANCED_FACE('',(#5696),#5689,.F.);
#5698=CARTESIAN_POINT('',(-9.85E-2,-1.6E-2,2.E-3));
#5699=DIRECTION('',(0.E0,0.E0,-1.E0));
#5700=DIRECTION('',(0.E0,-1.E0,0.E0));
#5701=AXIS2_PLACEMENT_3D('',#5698,#5699,#5700);
#5702=CYLINDRICAL_SURFACE('',#5701,1.4E-2);
#5704=ORIENTED_EDGE('',*,*,#5703,.F.);
#5705=ORIENTED_EDGE('',*,*,#5693,.T.);
#5707=ORIENTED_EDGE('',*,*,#5706,.T.);
#5709=ORIENTED_EDGE('',*,*,#5708,.F.);
#5710=EDGE_LOOP('',(#5704,#5705,#5707,#5709));
#5711=FACE_OUTER_BOUND('',#5710,.F.);
#5712=ADVANCED_FACE('',(#5711),#5702,.F.);
#5713=CARTESIAN_POINT('',(-9.85E-2,-1.6E-2,2.E-3));
#5714=DIRECTION('',(0.E0,0.E0,-1.E0));
#5715=DIRECTION('',(0.E0,-1.E0,0.E0));
#5716=AXIS2_PLACEMENT_3D('',#5713,#5714,#5715);
#5717=CYLINDRICAL_SURFACE('',#5716,1.4E-2);
#5718=ORIENTED_EDGE('',*,*,#5703,.T.);
#5720=ORIENTED_EDGE('',*,*,#5719,.T.);
#5721=ORIENTED_EDGE('',*,*,#5706,.F.);
#5722=ORIENTED_EDGE('',*,*,#5677,.F.);
#5723=EDGE_LOOP('',(#5718,#5720,#5721,#5722));
#5724=FACE_OUTER_BOUND('',#5723,.F.);
#5725=ADVANCED_FACE('',(#5724),#5717,.F.);
#5726=CARTESIAN_POINT('',(-9.85E-2,-1.6E-2,-4.E-2));
#5727=DIRECTION('',(0.E0,0.E0,-1.E0));
#5728=DIRECTION('',(0.E0,-1.E0,0.E0));
#5729=AXIS2_PLACEMENT_3D('',#5726,#5727,#5728);
#5730=PLANE('',#5729);
#5731=ORIENTED_EDGE('',*,*,#5719,.F.);
#5732=ORIENTED_EDGE('',*,*,#5708,.T.);
#5733=EDGE_LOOP('',(#5731,#5732));
#5734=FACE_OUTER_BOUND('',#5733,.F.);
#5735=ADVANCED_FACE('',(#5734),#5730,.F.);
#5736=CARTESIAN_POINT('',(-3.75E-2,-2.312E-1,-1.E-2));
#5737=DIRECTION('',(1.E0,0.E0,0.E0));
#5738=DIRECTION('',(0.E0,0.E0,1.E0));
#5739=AXIS2_PLACEMENT_3D('',#5736,#5737,#5738);
#5740=CYLINDRICAL_SURFACE('',#5739,1.E-2);
#5741=ORIENTED_EDGE('',*,*,#4858,.T.);
#5743=ORIENTED_EDGE('',*,*,#5742,.T.);
#5744=ORIENTED_EDGE('',*,*,#3476,.F.);
#5746=ORIENTED_EDGE('',*,*,#5745,.F.);
#5747=EDGE_LOOP('',(#5741,#5743,#5744,#5746));
#5748=FACE_OUTER_BOUND('',#5747,.F.);
#5749=ADVANCED_FACE('',(#5748),#5740,.T.);
#5750=CARTESIAN_POINT('',(3.75E-2,-3.565E-1,-1.913E-1));
#5751=DIRECTION('',(1.E0,0.E0,0.E0));
#5752=DIRECTION('',(0.E0,1.E0,0.E0));
#5753=AXIS2_PLACEMENT_3D('',#5750,#5751,#5752);
#5754=PLANE('',#5753);
#5756=ORIENTED_EDGE('',*,*,#5755,.T.);
#5758=ORIENTED_EDGE('',*,*,#5757,.F.);
#5759=ORIENTED_EDGE('',*,*,#3478,.T.);
#5760=ORIENTED_EDGE('',*,*,#5742,.F.);
#5761=ORIENTED_EDGE('',*,*,#4875,.T.);
#5763=ORIENTED_EDGE('',*,*,#5762,.T.);
#5765=ORIENTED_EDGE('',*,*,#5764,.F.);
#5767=ORIENTED_EDGE('',*,*,#5766,.F.);
#5769=ORIENTED_EDGE('',*,*,#5768,.T.);
#5770=EDGE_LOOP('',(#5756,#5758,#5759,#5760,#5761,#5763,#5765,#5767,#5769));
#5771=FACE_OUTER_BOUND('',#5770,.F.);
#5772=ADVANCED_FACE('',(#5771),#5754,.T.);
#5773=CARTESIAN_POINT('',(-2.756E-1,0.E0,-1.787E-1));
#5774=DIRECTION('',(0.E0,0.E0,1.E0));
#5775=DIRECTION('',(1.E0,0.E0,0.E0));
#5776=AXIS2_PLACEMENT_3D('',#5773,#5774,#5775);
#5777=PLANE('',#5776);
#5779=ORIENTED_EDGE('',*,*,#5778,.F.);
#5780=ORIENTED_EDGE('',*,*,#5755,.F.);
#5782=ORIENTED_EDGE('',*,*,#5781,.F.);
#5784=ORIENTED_EDGE('',*,*,#5783,.F.);
#5785=EDGE_LOOP('',(#5779,#5780,#5782,#5784));
#5786=FACE_OUTER_BOUND('',#5785,.F.);
#5787=ADVANCED_FACE('',(#5786),#5777,.T.);
#5788=CARTESIAN_POINT('',(3.966391650021E-2,-2.512E-1,-1.687E-1));
#5789=DIRECTION('',(-1.E0,0.E0,0.E0));
#5790=DIRECTION('',(0.E0,1.E0,0.E0));
#5791=AXIS2_PLACEMENT_3D('',#5788,#5789,#5790);
#5792=CYLINDRICAL_SURFACE('',#5791,1.E-2);
#5793=ORIENTED_EDGE('',*,*,#3472,.F.);
#5794=ORIENTED_EDGE('',*,*,#5757,.T.);
#5795=ORIENTED_EDGE('',*,*,#5778,.T.);
#5797=ORIENTED_EDGE('',*,*,#5796,.T.);
#5798=EDGE_LOOP('',(#5793,#5794,#5795,#5797));
#5799=FACE_OUTER_BOUND('',#5798,.F.);
#5800=ADVANCED_FACE('',(#5799),#5792,.F.);
#5801=CARTESIAN_POINT('',(-3.75E-2,-2.412E-1,-1.913E-1));
#5802=DIRECTION('',(-1.E0,0.E0,0.E0));
#5803=DIRECTION('',(0.E0,-1.E0,0.E0));
#5804=AXIS2_PLACEMENT_3D('',#5801,#5802,#5803);
#5805=PLANE('',#5804);
#5806=ORIENTED_EDGE('',*,*,#3474,.T.);
#5807=ORIENTED_EDGE('',*,*,#5796,.F.);
#5808=ORIENTED_EDGE('',*,*,#5783,.T.);
#5810=ORIENTED_EDGE('',*,*,#5809,.F.);
#5812=ORIENTED_EDGE('',*,*,#5811,.F.);
#5814=ORIENTED_EDGE('',*,*,#5813,.T.);
#5816=ORIENTED_EDGE('',*,*,#5815,.T.);
#5817=ORIENTED_EDGE('',*,*,#4860,.F.);
#5818=ORIENTED_EDGE('',*,*,#5745,.T.);
#5819=EDGE_LOOP('',(#5806,#5807,#5808,#5810,#5812,#5814,#5816,#5817,#5818));
#5820=FACE_OUTER_BOUND('',#5819,.F.);
#5821=ADVANCED_FACE('',(#5820),#5805,.T.);
#5822=CARTESIAN_POINT('',(0.E0,-3.565E-1,-1.913E-1));
#5823=DIRECTION('',(0.E0,0.E0,1.E0));
#5824=DIRECTION('',(1.E0,0.E0,0.E0));
#5825=AXIS2_PLACEMENT_3D('',#5822,#5823,#5824);
#5826=CYLINDRICAL_SURFACE('',#5825,3.75E-2);
#5828=ORIENTED_EDGE('',*,*,#5827,.F.);
#5829=ORIENTED_EDGE('',*,*,#5809,.T.);
#5830=ORIENTED_EDGE('',*,*,#5781,.T.);
#5831=ORIENTED_EDGE('',*,*,#5768,.F.);
#5832=EDGE_LOOP('',(#5828,#5829,#5830,#5831));
#5833=FACE_OUTER_BOUND('',#5832,.F.);
#5834=ADVANCED_FACE('',(#5833),#5826,.T.);
#5835=CARTESIAN_POINT('',(-2.756E-1,0.E0,-1.913E-1));
#5836=DIRECTION('',(0.E0,0.E0,1.E0));
#5837=DIRECTION('',(1.E0,0.E0,0.E0));
#5838=AXIS2_PLACEMENT_3D('',#5835,#5836,#5837);
#5839=PLANE('',#5838);
#5840=ORIENTED_EDGE('',*,*,#3422,.F.);
#5841=ORIENTED_EDGE('',*,*,#5811,.T.);
#5842=ORIENTED_EDGE('',*,*,#5827,.T.);
#5843=ORIENTED_EDGE('',*,*,#5766,.T.);
#5844=EDGE_LOOP('',(#5840,#5841,#5842,#5843));
#5845=FACE_OUTER_BOUND('',#5844,.F.);
#5846=ADVANCED_FACE('',(#5845),#5839,.F.);
#5847=CARTESIAN_POINT('',(-6.1E-2,-2.412E-1,-1.26E-2));
#5848=DIRECTION('',(-9.914637350869E-1,0.E0,-1.303827519560E-1));
#5849=DIRECTION('',(1.303827519560E-1,0.E0,-9.914637350869E-1));
#5850=AXIS2_PLACEMENT_3D('',#5847,#5848,#5849);
#5851=PLANE('',#5850);
#5852=ORIENTED_EDGE('',*,*,#3420,.F.);
#5854=ORIENTED_EDGE('',*,*,#5853,.T.);
#5856=ORIENTED_EDGE('',*,*,#5855,.T.);
#5857=ORIENTED_EDGE('',*,*,#5813,.F.);
#5858=EDGE_LOOP('',(#5852,#5854,#5856,#5857));
#5859=FACE_OUTER_BOUND('',#5858,.F.);
#5860=ADVANCED_FACE('',(#5859),#5851,.F.);
#5861=CARTESIAN_POINT('',(-3.75E-2,-2.412E-1,-1.26E-2));
#5862=DIRECTION('',(0.E0,0.E0,1.E0));
#5863=DIRECTION('',(-1.E0,0.E0,0.E0));
#5864=AXIS2_PLACEMENT_3D('',#5861,#5862,#5863);
#5865=PLANE('',#5864);
#5866=ORIENTED_EDGE('',*,*,#3418,.F.);
#5868=ORIENTED_EDGE('',*,*,#5867,.F.);
#5870=ORIENTED_EDGE('',*,*,#5869,.T.);
#5871=ORIENTED_EDGE('',*,*,#5853,.F.);
#5872=EDGE_LOOP('',(#5866,#5868,#5870,#5871));
#5873=FACE_OUTER_BOUND('',#5872,.F.);
#5874=ADVANCED_FACE('',(#5873),#5865,.F.);
#5875=CARTESIAN_POINT('',(-4.38E-2,-2.22E-1,0.E0));
#5876=DIRECTION('',(-1.E0,0.E0,0.E0));
#5877=DIRECTION('',(0.E0,-1.E0,0.E0));
#5878=AXIS2_PLACEMENT_3D('',#5875,#5876,#5877);
#5879=PLANE('',#5878);
#5880=ORIENTED_EDGE('',*,*,#3416,.F.);
#5881=ORIENTED_EDGE('',*,*,#4864,.T.);
#5883=ORIENTED_EDGE('',*,*,#5882,.T.);
#5884=ORIENTED_EDGE('',*,*,#5867,.T.);
#5885=EDGE_LOOP('',(#5880,#5881,#5883,#5884));
#5886=FACE_OUTER_BOUND('',#5885,.F.);
#5887=ADVANCED_FACE('',(#5886),#5879,.F.);
#5888=CARTESIAN_POINT('',(4.38E-2,-2.22E-1,0.E0));
#5889=DIRECTION('',(0.E0,1.E0,0.E0));
#5890=DIRECTION('',(-1.E0,0.E0,0.E0));
#5891=AXIS2_PLACEMENT_3D('',#5888,#5889,#5890);
#5892=PLANE('',#5891);
#5893=ORIENTED_EDGE('',*,*,#5869,.F.);
#5894=ORIENTED_EDGE('',*,*,#5882,.F.);
#5895=ORIENTED_EDGE('',*,*,#4862,.F.);
#5896=ORIENTED_EDGE('',*,*,#5815,.F.);
#5897=ORIENTED_EDGE('',*,*,#5855,.F.);
#5898=EDGE_LOOP('',(#5893,#5894,#5895,#5896,#5897));
#5899=FACE_OUTER_BOUND('',#5898,.F.);
#5900=ADVANCED_FACE('',(#5899),#5892,.F.);
#5901=CARTESIAN_POINT('',(4.38E-2,-2.22E-1,0.E0));
#5902=DIRECTION('',(0.E0,1.E0,0.E0));
#5903=DIRECTION('',(-1.E0,0.E0,0.E0));
#5904=AXIS2_PLACEMENT_3D('',#5901,#5902,#5903);
#5905=PLANE('',#5904);
#5907=ORIENTED_EDGE('',*,*,#5906,.T.);
#5909=ORIENTED_EDGE('',*,*,#5908,.F.);
#5911=ORIENTED_EDGE('',*,*,#5910,.F.);
#5912=ORIENTED_EDGE('',*,*,#5762,.F.);
#5913=ORIENTED_EDGE('',*,*,#4873,.F.);
#5914=EDGE_LOOP('',(#5907,#5909,#5911,#5912,#5913));
#5915=FACE_OUTER_BOUND('',#5914,.F.);
#5916=ADVANCED_FACE('',(#5915),#5905,.F.);
#5917=CARTESIAN_POINT('',(4.38E-2,-2.412E-1,0.E0));
#5918=DIRECTION('',(1.E0,0.E0,0.E0));
#5919=DIRECTION('',(0.E0,1.E0,0.E0));
#5920=AXIS2_PLACEMENT_3D('',#5917,#5918,#5919);
#5921=PLANE('',#5920);
#5922=ORIENTED_EDGE('',*,*,#3305,.T.);
#5924=ORIENTED_EDGE('',*,*,#5923,.T.);
#5925=ORIENTED_EDGE('',*,*,#5906,.F.);
#5926=ORIENTED_EDGE('',*,*,#4871,.F.);
#5927=EDGE_LOOP('',(#5922,#5924,#5925,#5926));
#5928=FACE_OUTER_BOUND('',#5927,.F.);
#5929=ADVANCED_FACE('',(#5928),#5921,.F.);
#5930=CARTESIAN_POINT('',(6.1E-2,-2.412E-1,-1.26E-2));
#5931=DIRECTION('',(0.E0,0.E0,1.E0));
#5932=DIRECTION('',(-1.E0,0.E0,0.E0));
#5933=AXIS2_PLACEMENT_3D('',#5930,#5931,#5932);
#5934=PLANE('',#5933);
#5935=ORIENTED_EDGE('',*,*,#3303,.F.);
#5937=ORIENTED_EDGE('',*,*,#5936,.T.);
#5938=ORIENTED_EDGE('',*,*,#5908,.T.);
#5939=ORIENTED_EDGE('',*,*,#5923,.F.);
#5940=EDGE_LOOP('',(#5935,#5937,#5938,#5939));
#5941=FACE_OUTER_BOUND('',#5940,.F.);
#5942=ADVANCED_FACE('',(#5941),#5934,.F.);
#5943=CARTESIAN_POINT('',(3.75E-2,-2.412E-1,-1.913E-1));
#5944=DIRECTION('',(9.914637350869E-1,0.E0,-1.303827519560E-1));
#5945=DIRECTION('',(1.303827519560E-1,0.E0,9.914637350869E-1));
#5946=AXIS2_PLACEMENT_3D('',#5943,#5944,#5945);
#5947=PLANE('',#5946);
#5948=ORIENTED_EDGE('',*,*,#3301,.F.);
#5949=ORIENTED_EDGE('',*,*,#5764,.T.);
#5950=ORIENTED_EDGE('',*,*,#5910,.T.);
#5951=ORIENTED_EDGE('',*,*,#5936,.F.);
#5952=EDGE_LOOP('',(#5948,#5949,#5950,#5951));
#5953=FACE_OUTER_BOUND('',#5952,.F.);
#5954=ADVANCED_FACE('',(#5953),#5947,.F.);
#5955=CARTESIAN_POINT('',(1.205E-1,-2.412E-1,-4.2875E-1));
#5956=DIRECTION('',(-1.E0,0.E0,0.E0));
#5957=DIRECTION('',(0.E0,0.E0,-1.E0));
#5958=AXIS2_PLACEMENT_3D('',#5955,#5956,#5957);
#5959=PLANE('',#5958);
#5960=ORIENTED_EDGE('',*,*,#3746,.F.);
#5961=ORIENTED_EDGE('',*,*,#3348,.F.);
#5963=ORIENTED_EDGE('',*,*,#5962,.T.);
#5964=ORIENTED_EDGE('',*,*,#3620,.T.);
#5965=EDGE_LOOP('',(#5960,#5961,#5963,#5964));
#5966=FACE_OUTER_BOUND('',#5965,.F.);
#5967=ADVANCED_FACE('',(#5966),#5959,.T.);
#5968=CARTESIAN_POINT('',(1.435E-1,-2.412E-1,-4.2875E-1));
#5969=DIRECTION('',(0.E0,0.E0,1.E0));
#5970=DIRECTION('',(-1.E0,0.E0,0.E0));
#5971=AXIS2_PLACEMENT_3D('',#5968,#5969,#5970);
#5972=PLANE('',#5971);
#5973=ORIENTED_EDGE('',*,*,#3346,.F.);
#5975=ORIENTED_EDGE('',*,*,#5974,.T.);
#5976=ORIENTED_EDGE('',*,*,#3622,.T.);
#5977=ORIENTED_EDGE('',*,*,#5962,.F.);
#5978=EDGE_LOOP('',(#5973,#5975,#5976,#5977));
#5979=FACE_OUTER_BOUND('',#5978,.F.);
#5980=ADVANCED_FACE('',(#5979),#5972,.T.);
#5981=CARTESIAN_POINT('',(1.435E-1,-2.412E-1,-4.3725E-1));
#5982=DIRECTION('',(1.E0,0.E0,0.E0));
#5983=DIRECTION('',(0.E0,0.E0,1.E0));
#5984=AXIS2_PLACEMENT_3D('',#5981,#5982,#5983);
#5985=PLANE('',#5984);
#5986=ORIENTED_EDGE('',*,*,#3749,.T.);
#5987=ORIENTED_EDGE('',*,*,#3624,.T.);
#5988=ORIENTED_EDGE('',*,*,#5974,.F.);
#5989=ORIENTED_EDGE('',*,*,#3344,.F.);
#5990=EDGE_LOOP('',(#5986,#5987,#5988,#5989));
#5991=FACE_OUTER_BOUND('',#5990,.F.);
#5992=ADVANCED_FACE('',(#5991),#5985,.T.);
#5993=CARTESIAN_POINT('',(-1.435E-1,-2.412E-1,-4.2875E-1));
#5994=DIRECTION('',(-1.E0,0.E0,0.E0));
#5995=DIRECTION('',(0.E0,0.E0,-1.E0));
#5996=AXIS2_PLACEMENT_3D('',#5993,#5994,#5995);
#5997=PLANE('',#5996);
#5998=ORIENTED_EDGE('',*,*,#3775,.F.);
#5999=ORIENTED_EDGE('',*,*,#3380,.F.);
#6000=ORIENTED_EDGE('',*,*,#3692,.T.);
#6001=ORIENTED_EDGE('',*,*,#3578,.T.);
#6002=EDGE_LOOP('',(#5998,#5999,#6000,#6001));
#6003=FACE_OUTER_BOUND('',#6002,.F.);
#6004=ADVANCED_FACE('',(#6003),#5997,.T.);
#6005=CARTESIAN_POINT('',(3.95E-2,-2.412E-1,-3.3075E-1));
#6006=DIRECTION('',(-1.E0,0.E0,0.E0));
#6007=DIRECTION('',(0.E0,0.E0,-1.E0));
#6008=AXIS2_PLACEMENT_3D('',#6005,#6006,#6007);
#6009=PLANE('',#6008);
#6010=ORIENTED_EDGE('',*,*,#3446,.F.);
#6012=ORIENTED_EDGE('',*,*,#6011,.T.);
#6013=ORIENTED_EDGE('',*,*,#3588,.T.);
#6015=ORIENTED_EDGE('',*,*,#6014,.F.);
#6016=EDGE_LOOP('',(#6010,#6012,#6013,#6015));
#6017=FACE_OUTER_BOUND('',#6016,.F.);
#6018=ADVANCED_FACE('',(#6017),#6009,.T.);
#6019=CARTESIAN_POINT('',(6.25E-2,-2.412E-1,-3.3075E-1));
#6020=DIRECTION('',(0.E0,0.E0,1.E0));
#6021=DIRECTION('',(-1.E0,0.E0,0.E0));
#6022=AXIS2_PLACEMENT_3D('',#6019,#6020,#6021);
#6023=PLANE('',#6022);
#6024=ORIENTED_EDGE('',*,*,#3452,.F.);
#6026=ORIENTED_EDGE('',*,*,#6025,.T.);
#6027=ORIENTED_EDGE('',*,*,#3590,.T.);
#6028=ORIENTED_EDGE('',*,*,#6011,.F.);
#6029=EDGE_LOOP('',(#6024,#6026,#6027,#6028));
#6030=FACE_OUTER_BOUND('',#6029,.F.);
#6031=ADVANCED_FACE('',(#6030),#6023,.T.);
#6032=CARTESIAN_POINT('',(6.25E-2,-2.412E-1,-3.3925E-1));
#6033=DIRECTION('',(1.E0,0.E0,0.E0));
#6034=DIRECTION('',(0.E0,0.E0,1.E0));
#6035=AXIS2_PLACEMENT_3D('',#6032,#6033,#6034);
#6036=PLANE('',#6035);
#6037=ORIENTED_EDGE('',*,*,#3450,.F.);
#6039=ORIENTED_EDGE('',*,*,#6038,.T.);
#6040=ORIENTED_EDGE('',*,*,#3592,.T.);
#6041=ORIENTED_EDGE('',*,*,#6025,.F.);
#6042=EDGE_LOOP('',(#6037,#6039,#6040,#6041));
#6043=FACE_OUTER_BOUND('',#6042,.F.);
#6044=ADVANCED_FACE('',(#6043),#6036,.T.);
#6045=CARTESIAN_POINT('',(3.95E-2,-2.412E-1,-3.3925E-1));
#6046=DIRECTION('',(0.E0,0.E0,-1.E0));
#6047=DIRECTION('',(1.E0,0.E0,0.E0));
#6048=AXIS2_PLACEMENT_3D('',#6045,#6046,#6047);
#6049=PLANE('',#6048);
#6050=ORIENTED_EDGE('',*,*,#3448,.F.);
#6051=ORIENTED_EDGE('',*,*,#6014,.T.);
#6052=ORIENTED_EDGE('',*,*,#3594,.T.);
#6053=ORIENTED_EDGE('',*,*,#6038,.F.);
#6054=EDGE_LOOP('',(#6050,#6051,#6052,#6053));
#6055=FACE_OUTER_BOUND('',#6054,.F.);
#6056=ADVANCED_FACE('',(#6055),#6049,.T.);
#6057=CARTESIAN_POINT('',(1.205E-1,-2.412E-1,-3.3075E-1));
#6058=DIRECTION('',(-1.E0,0.E0,0.E0));
#6059=DIRECTION('',(0.E0,0.E0,-1.E0));
#6060=AXIS2_PLACEMENT_3D('',#6057,#6058,#6059);
#6061=PLANE('',#6060);
#6062=ORIENTED_EDGE('',*,*,#3456,.F.);
#6064=ORIENTED_EDGE('',*,*,#6063,.T.);
#6065=ORIENTED_EDGE('',*,*,#3604,.T.);
#6067=ORIENTED_EDGE('',*,*,#6066,.F.);
#6068=EDGE_LOOP('',(#6062,#6064,#6065,#6067));
#6069=FACE_OUTER_BOUND('',#6068,.F.);
#6070=ADVANCED_FACE('',(#6069),#6061,.T.);
#6071=CARTESIAN_POINT('',(1.435E-1,-2.412E-1,-3.3075E-1));
#6072=DIRECTION('',(0.E0,0.E0,1.E0));
#6073=DIRECTION('',(-1.E0,0.E0,0.E0));
#6074=AXIS2_PLACEMENT_3D('',#6071,#6072,#6073);
#6075=PLANE('',#6074);
#6076=ORIENTED_EDGE('',*,*,#3462,.F.);
#6078=ORIENTED_EDGE('',*,*,#6077,.T.);
#6079=ORIENTED_EDGE('',*,*,#3606,.T.);
#6080=ORIENTED_EDGE('',*,*,#6063,.F.);
#6081=EDGE_LOOP('',(#6076,#6078,#6079,#6080));
#6082=FACE_OUTER_BOUND('',#6081,.F.);
#6083=ADVANCED_FACE('',(#6082),#6075,.T.);
#6084=CARTESIAN_POINT('',(1.435E-1,-2.412E-1,-3.3925E-1));
#6085=DIRECTION('',(1.E0,0.E0,0.E0));
#6086=DIRECTION('',(0.E0,0.E0,1.E0));
#6087=AXIS2_PLACEMENT_3D('',#6084,#6085,#6086);
#6088=PLANE('',#6087);
#6089=ORIENTED_EDGE('',*,*,#3460,.F.);
#6091=ORIENTED_EDGE('',*,*,#6090,.T.);
#6092=ORIENTED_EDGE('',*,*,#3608,.T.);
#6093=ORIENTED_EDGE('',*,*,#6077,.F.);
#6094=EDGE_LOOP('',(#6089,#6091,#6092,#6093));
#6095=FACE_OUTER_BOUND('',#6094,.F.);
#6096=ADVANCED_FACE('',(#6095),#6088,.T.);
#6097=CARTESIAN_POINT('',(1.205E-1,-2.412E-1,-3.3925E-1));
#6098=DIRECTION('',(0.E0,0.E0,-1.E0));
#6099=DIRECTION('',(1.E0,0.E0,0.E0));
#6100=AXIS2_PLACEMENT_3D('',#6097,#6098,#6099);
#6101=PLANE('',#6100);
#6102=ORIENTED_EDGE('',*,*,#3458,.F.);
#6103=ORIENTED_EDGE('',*,*,#6066,.T.);
#6104=ORIENTED_EDGE('',*,*,#3610,.T.);
#6105=ORIENTED_EDGE('',*,*,#6090,.F.);
#6106=EDGE_LOOP('',(#6102,#6103,#6104,#6105));
#6107=FACE_OUTER_BOUND('',#6106,.F.);
#6108=ADVANCED_FACE('',(#6107),#6101,.T.);
#6109=CARTESIAN_POINT('',(-2.756E-1,-2.412E-1,-2.57E-1));
#6110=DIRECTION('',(0.E0,0.E0,-1.E0));
#6111=DIRECTION('',(0.E0,-1.E0,0.E0));
#6112=AXIS2_PLACEMENT_3D('',#6109,#6110,#6111);
#6113=PLANE('',#6112);
#6114=ORIENTED_EDGE('',*,*,#3407,.F.);
#6115=ORIENTED_EDGE('',*,*,#2979,.T.);
#6117=ORIENTED_EDGE('',*,*,#6116,.T.);
#6119=ORIENTED_EDGE('',*,*,#6118,.F.);
#6120=EDGE_LOOP('',(#6114,#6115,#6117,#6119));
#6121=FACE_OUTER_BOUND('',#6120,.F.);
#6122=ADVANCED_FACE('',(#6121),#6113,.T.);
#6123=CARTESIAN_POINT('',(-2.756E-1,-3.54E-1,-2.57E-1));
#6124=DIRECTION('',(0.E0,-5.E-1,-8.660254037844E-1));
#6125=DIRECTION('',(0.E0,-8.660254037844E-1,5.E-1));
#6126=AXIS2_PLACEMENT_3D('',#6123,#6124,#6125);
#6127=PLANE('',#6126);
#6128=ORIENTED_EDGE('',*,*,#2977,.T.);
#6130=ORIENTED_EDGE('',*,*,#6129,.T.);
#6132=ORIENTED_EDGE('',*,*,#6131,.F.);
#6133=ORIENTED_EDGE('',*,*,#6116,.F.);
#6134=EDGE_LOOP('',(#6128,#6130,#6132,#6133));
#6135=FACE_OUTER_BOUND('',#6134,.F.);
#6136=ADVANCED_FACE('',(#6135),#6127,.T.);
#6137=CARTESIAN_POINT('',(-2.756E-1,-3.94E-1,-2.339059892324E-1));
#6138=DIRECTION('',(0.E0,-1.E0,0.E0));
#6139=DIRECTION('',(0.E0,0.E0,1.E0));
#6140=AXIS2_PLACEMENT_3D('',#6137,#6138,#6139);
#6141=PLANE('',#6140);
#6142=ORIENTED_EDGE('',*,*,#2975,.T.);
#6144=ORIENTED_EDGE('',*,*,#6143,.T.);
#6146=ORIENTED_EDGE('',*,*,#6145,.F.);
#6147=ORIENTED_EDGE('',*,*,#6129,.F.);
#6148=EDGE_LOOP('',(#6142,#6144,#6146,#6147));
#6149=FACE_OUTER_BOUND('',#6148,.F.);
#6150=ADVANCED_FACE('',(#6149),#6141,.T.);
#6151=CARTESIAN_POINT('',(-2.756E-1,-3.94E-1,-2.000940107676E-1));
#6152=DIRECTION('',(0.E0,-5.E-1,8.660254037844E-1));
#6153=DIRECTION('',(0.E0,8.660254037844E-1,5.E-1));
#6154=AXIS2_PLACEMENT_3D('',#6151,#6152,#6153);
#6155=PLANE('',#6154);
#6156=ORIENTED_EDGE('',*,*,#2973,.T.);
#6158=ORIENTED_EDGE('',*,*,#6157,.T.);
#6160=ORIENTED_EDGE('',*,*,#6159,.F.);
#6161=ORIENTED_EDGE('',*,*,#6143,.F.);
#6162=EDGE_LOOP('',(#6156,#6158,#6160,#6161));
#6163=FACE_OUTER_BOUND('',#6162,.F.);
#6164=ADVANCED_FACE('',(#6163),#6155,.T.);
#6165=CARTESIAN_POINT('',(-2.756E-1,-3.54E-1,-1.77E-1));
#6166=DIRECTION('',(0.E0,0.E0,1.E0));
#6167=DIRECTION('',(0.E0,1.E0,0.E0));
#6168=AXIS2_PLACEMENT_3D('',#6165,#6166,#6167);
#6169=PLANE('',#6168);
#6170=ORIENTED_EDGE('',*,*,#3411,.T.);
#6172=ORIENTED_EDGE('',*,*,#6171,.F.);
#6173=ORIENTED_EDGE('',*,*,#6157,.F.);
#6174=ORIENTED_EDGE('',*,*,#2971,.T.);
#6175=EDGE_LOOP('',(#6170,#6172,#6173,#6174));
#6176=FACE_OUTER_BOUND('',#6175,.F.);
#6177=ADVANCED_FACE('',(#6176),#6169,.T.);
#6178=CARTESIAN_POINT('',(-2.63E-1,0.E0,0.E0));
#6179=DIRECTION('',(-1.E0,0.E0,0.E0));
#6180=DIRECTION('',(0.E0,0.E0,1.E0));
#6181=AXIS2_PLACEMENT_3D('',#6178,#6179,#6180);
#6182=PLANE('',#6181);
#6183=ORIENTED_EDGE('',*,*,#3409,.F.);
#6184=ORIENTED_EDGE('',*,*,#6118,.T.);
#6185=ORIENTED_EDGE('',*,*,#6131,.T.);
#6186=ORIENTED_EDGE('',*,*,#6145,.T.);
#6187=ORIENTED_EDGE('',*,*,#6159,.T.);
#6188=ORIENTED_EDGE('',*,*,#6171,.T.);
#6189=EDGE_LOOP('',(#6183,#6184,#6185,#6186,#6187,#6188));
#6190=FACE_OUTER_BOUND('',#6189,.F.);
#6191=ADVANCED_FACE('',(#6190),#6182,.F.);
#6192=CARTESIAN_POINT('',(-2.53E-1,7.68E-2,-5.05E-1));
#6193=DIRECTION('',(0.E0,0.E0,-1.E0));
#6194=DIRECTION('',(-1.E0,0.E0,0.E0));
#6195=AXIS2_PLACEMENT_3D('',#6192,#6193,#6194);
#6196=CYLINDRICAL_SURFACE('',#6195,2.26E-2);
#6197=ORIENTED_EDGE('',*,*,#2961,.F.);
#6198=ORIENTED_EDGE('',*,*,#2998,.T.);
#6199=ORIENTED_EDGE('',*,*,#3025,.F.);
#6200=ORIENTED_EDGE('',*,*,#3131,.T.);
#6201=EDGE_LOOP('',(#6197,#6198,#6199,#6200));
#6202=FACE_OUTER_BOUND('',#6201,.F.);
#6203=ADVANCED_FACE('',(#6202),#6196,.T.);
#6204=CLOSED_SHELL('',(#2989,#3002,#3016,#3030,#3070,#3086,#3102,#3139,#3154,
#3169,#3183,#3197,#3211,#3225,#3239,#3253,#3267,#3281,#3295,#3466,#3482,#3497,
#3511,#3525,#3538,#3550,#3566,#3582,#3598,#3614,#3630,#3644,#3657,#3670,#3682,
#3696,#3709,#3724,#3739,#3760,#3780,#3796,#3857,#3872,#3886,#3901,#3916,#3930,
#3945,#3959,#3974,#3989,#4003,#4017,#4031,#4045,#4058,#4084,#4097,#4110,#4124,
#4137,#4150,#4163,#4176,#4190,#4203,#4216,#4230,#4244,#4259,#4282,#4304,#4318,
#4331,#4344,#4357,#4370,#4383,#4396,#4410,#4422,#4435,#4448,#4461,#4474,#4487,
#4500,#4513,#4526,#4539,#4552,#4564,#4579,#4594,#4614,#4628,#4640,#4670,#4683,
#4695,#4709,#4727,#4740,#4753,#4766,#4778,#4852,#4885,#4900,#4914,#4929,#4943,
#4958,#4972,#4985,#5012,#5027,#5041,#5054,#5066,#5078,#5091,#5103,#5118,#5132,
#5146,#5159,#5171,#5186,#5199,#5214,#5227,#5242,#5255,#5265,#5280,#5293,#5308,
#5321,#5336,#5349,#5359,#5374,#5387,#5402,#5415,#5430,#5443,#5453,#5468,#5481,
#5496,#5509,#5524,#5537,#5547,#5562,#5575,#5590,#5603,#5618,#5631,#5641,#5656,
#5669,#5684,#5697,#5712,#5725,#5735,#5749,#5772,#5787,#5800,#5821,#5834,#5846,
#5860,#5874,#5887,#5900,#5916,#5929,#5942,#5954,#5967,#5980,#5992,#6004,#6018,
#6031,#6044,#6056,#6070,#6083,#6096,#6108,#6122,#6136,#6150,#6164,#6177,#6191,
#6203));
#6205=MANIFOLD_SOLID_BREP('',#6204);
#6206=DIMENSIONAL_EXPONENTS(1.E0,0.E0,0.E0,0.E0,0.E0,0.E0,0.E0);
#6207=(LENGTH_UNIT()NAMED_UNIT(*)SI_UNIT(.MILLI.,.METRE.));
#6208=LENGTH_MEASURE_WITH_UNIT(LENGTH_MEASURE(2.54E1),#6207);
#6209=(CONVERSION_BASED_UNIT('INCH',#6208)LENGTH_UNIT()NAMED_UNIT(#6206));
#6210=DIMENSIONAL_EXPONENTS(0.E0,0.E0,0.E0,0.E0,0.E0,0.E0,0.E0);
#6211=(NAMED_UNIT(*)PLANE_ANGLE_UNIT()SI_UNIT($,.RADIAN.));
#6212=PLANE_ANGLE_MEASURE_WITH_UNIT(PLANE_ANGLE_MEASURE(1.745329251994E-2),
#6211);
#6213=(CONVERSION_BASED_UNIT('DEGREE',#6212)NAMED_UNIT(#6210)PLANE_ANGLE_UNIT(
));
#6214=(NAMED_UNIT(*)SI_UNIT($,.STERADIAN.)SOLID_ANGLE_UNIT());
#6215=UNCERTAINTY_MEASURE_WITH_UNIT(LENGTH_MEASURE(9.906409658706E-5),#6209,
'closure',
'Maximum model space distance between geometric entities at asserted connectivities');
#6216=(GEOMETRIC_REPRESENTATION_CONTEXT(3)GLOBAL_UNCERTAINTY_ASSIGNED_CONTEXT((
#6215))GLOBAL_UNIT_ASSIGNED_CONTEXT((#6209,#6213,#6214))REPRESENTATION_CONTEXT(
'ID1','3'));
#6218=APPLICATION_CONTEXT(
'CONFIGURATION CONTROLLED 3D DESIGNS OF MECHANICAL PARTS AND ASSEMBLIES');
#6219=APPLICATION_PROTOCOL_DEFINITION('international standard',
'ccd_cla_gvp_ast_asd',1995,#6218);
#6220=DESIGN_CONTEXT('',#6218,'design');
#6221=MECHANICAL_CONTEXT('',#6218,'mechanical');
#6222=PRODUCT('C-5749266-01-3','C-5749266-01-3','NOT SPECIFIED',(#6221));
#6223=PRODUCT_DEFINITION_FORMATION_WITH_SPECIFIED_SOURCE('1','LAST_VERSION',
#6222,.MADE.);
#6230=DIMENSIONAL_EXPONENTS(1.E0,0.E0,0.E0,0.E0,0.E0,0.E0,0.E0);
#6231=(LENGTH_UNIT()NAMED_UNIT(*)SI_UNIT(.MILLI.,.METRE.));
#6232=LENGTH_MEASURE_WITH_UNIT(LENGTH_MEASURE(2.54E1),#6231);
#6233=(CONVERSION_BASED_UNIT('INCH',#6232)LENGTH_UNIT()NAMED_UNIT(#6230));
#6234=DERIVED_UNIT_ELEMENT(#6233,2.E0);
#6235=DERIVED_UNIT((#6234));
#6236=MEASURE_REPRESENTATION_ITEM('surface area measure',AREA_MEASURE(
2.529686464984E0),#6235);
#6240=DIMENSIONAL_EXPONENTS(1.E0,0.E0,0.E0,0.E0,0.E0,0.E0,0.E0);
#6241=(LENGTH_UNIT()NAMED_UNIT(*)SI_UNIT(.MILLI.,.METRE.));
#6242=LENGTH_MEASURE_WITH_UNIT(LENGTH_MEASURE(2.54E1),#6241);
#6243=(CONVERSION_BASED_UNIT('INCH',#6242)LENGTH_UNIT()NAMED_UNIT(#6240));
#6244=DERIVED_UNIT_ELEMENT(#6243,3.E0);
#6245=DERIVED_UNIT((#6244));
#6246=MEASURE_REPRESENTATION_ITEM('volume measure',VOLUME_MEASURE(
1.218359624899E-1),#6245);
#6250=CARTESIAN_POINT('centre point',(-2.150768345686E-9,5.326720857962E-3,
-2.406666921288E-1));
#6255=PRODUCT_CATEGORY('part','');
#6256=PRODUCT_RELATED_PRODUCT_CATEGORY('detail','',(#6222));
#6257=PRODUCT_CATEGORY_RELATIONSHIP('','',#6255,#6256);
#6258=SECURITY_CLASSIFICATION_LEVEL('unclassified');
#6259=SECURITY_CLASSIFICATION('','',#6258);
#6260=CC_DESIGN_SECURITY_CLASSIFICATION(#6259,(#6223));
#6261=APPROVAL_STATUS('approved');
#6262=APPROVAL(#6261,'');
#6263=CC_DESIGN_APPROVAL(#6262,(#6259,#6223,#6224));
#6264=CALENDAR_DATE(107,31,8);
#6265=COORDINATED_UNIVERSAL_TIME_OFFSET(3,0,.BEHIND.);
#6266=LOCAL_TIME(18,42,3.E0,#6265);
#6267=DATE_AND_TIME(#6264,#6266);
#6268=APPROVAL_DATE_TIME(#6267,#6262);
#6269=DATE_TIME_ROLE('creation_date');
#6270=CC_DESIGN_DATE_AND_TIME_ASSIGNMENT(#6267,#6269,(#6224));
#6271=DATE_TIME_ROLE('classification_date');
#6272=CC_DESIGN_DATE_AND_TIME_ASSIGNMENT(#6267,#6271,(#6259));
#6273=PERSON('UNSPECIFIED','UNSPECIFIED',$,$,$,$);
#6274=ORGANIZATION('UNSPECIFIED','UNSPECIFIED','UNSPECIFIED');
#6275=PERSON_AND_ORGANIZATION(#6273,#6274);
#6276=APPROVAL_ROLE('approver');
#6277=APPROVAL_PERSON_ORGANIZATION(#6275,#6262,#6276);
#6278=PERSON_AND_ORGANIZATION_ROLE('creator');
#6279=CC_DESIGN_PERSON_AND_ORGANIZATION_ASSIGNMENT(#6275,#6278,(#6223,#6224));
#6280=PERSON_AND_ORGANIZATION_ROLE('design_supplier');
#6281=CC_DESIGN_PERSON_AND_ORGANIZATION_ASSIGNMENT(#6275,#6280,(#6223));
#6282=PERSON_AND_ORGANIZATION_ROLE('classification_officer');
#6283=CC_DESIGN_PERSON_AND_ORGANIZATION_ASSIGNMENT(#6275,#6282,(#6259));
#6284=PERSON_AND_ORGANIZATION_ROLE('design_owner');
#6285=CC_DESIGN_PERSON_AND_ORGANIZATION_ASSIGNMENT(#6275,#6284,(#6222));
#124=CIRCLE('',#123,2.26E-2);
#129=CIRCLE('',#128,2.26E-2);
#134=CIRCLE('',#133,2.26E-2);
#139=CIRCLE('',#138,2.26E-2);
#148=CIRCLE('',#147,1.E-2);
#157=CIRCLE('',#156,1.E-2);
#174=CIRCLE('',#173,1.E-2);
#187=CIRCLE('',#186,2.26E-2);
#192=CIRCLE('',#191,2.26E-2);
#225=CIRCLE('',#224,1.E-2);
#242=CIRCLE('',#241,1.E-2);
#251=CIRCLE('',#250,1.E-2);
#264=CIRCLE('',#263,2.26E-2);
#269=CIRCLE('',#268,2.26E-2);
#842=CIRCLE('',#841,1.E-2);
#859=CIRCLE('',#858,1.E-2);
#868=CIRCLE('',#867,1.E-2);
#881=CIRCLE('',#880,1.E-2);
#890=CIRCLE('',#889,1.E-2);
#907=CIRCLE('',#906,1.E-2);
#932=CIRCLE('',#931,2.25E-1);
#941=CIRCLE('',#940,2.25E-1);
#1062=CIRCLE('',#1061,2.25E-1);
#1071=CIRCLE('',#1070,2.25E-1);
#1304=CIRCLE('',#1303,5.E-3);
#1325=CIRCLE('',#1324,5.E-3);
#1454=CIRCLE('',#1453,1.565E-1);
#1487=CIRCLE('',#1486,3.15E-2);
#1492=CIRCLE('',#1491,3.15E-2);
#1497=CIRCLE('',#1496,3.15E-2);
#1502=CIRCLE('',#1501,3.15E-2);
#1507=CIRCLE('',#1506,3.15E-2);
#1512=CIRCLE('',#1511,3.15E-2);
#1517=CIRCLE('',#1516,3.15E-2);
#1522=CIRCLE('',#1521,3.15E-2);
#1527=CIRCLE('',#1526,3.15E-2);
#1532=CIRCLE('',#1531,3.15E-2);
#1537=CIRCLE('',#1536,3.15E-2);
#1542=CIRCLE('',#1541,3.15E-2);
#1547=CIRCLE('',#1546,2.019999966301E-1);
#1552=CIRCLE('',#1551,2.019999966301E-1);
#1601=CIRCLE('',#1600,1.565E-1);
#1610=CIRCLE('',#1609,1.565E-1);
#1619=CIRCLE('',#1618,1.565E-1);
#1624=CIRCLE('',#1623,1.565E-1);
#1633=CIRCLE('',#1632,1.565E-1);
#1642=CIRCLE('',#1641,1.7E-1);
#1647=CIRCLE('',#1646,1.7E-1);
#1680=CIRCLE('',#1679,1.7E-1);
#1693=CIRCLE('',#1692,3.2E-2);
#1698=CIRCLE('',#1697,3.2E-2);
#1703=CIRCLE('',#1702,1.7E-1);
#1752=CIRCLE('',#1751,3.15E-2);
#1761=CIRCLE('',#1760,3.15E-2);
#1774=CIRCLE('',#1773,1.4E-2);
#1783=CIRCLE('',#1782,1.4E-2);
#1788=CIRCLE('',#1787,1.4E-2);
#1797=CIRCLE('',#1796,1.4E-2);
#1806=CIRCLE('',#1805,3.15E-2);
#1815=CIRCLE('',#1814,3.15E-2);
#1828=CIRCLE('',#1827,1.4E-2);
#1837=CIRCLE('',#1836,1.4E-2);
#1842=CIRCLE('',#1841,1.4E-2);
#1851=CIRCLE('',#1850,1.4E-2);
#1860=CIRCLE('',#1859,3.15E-2);
#1869=CIRCLE('',#1868,3.15E-2);
#1882=CIRCLE('',#1881,1.4E-2);
#1891=CIRCLE('',#1890,1.4E-2);
#1896=CIRCLE('',#1895,1.4E-2);
#1905=CIRCLE('',#1904,1.4E-2);
#1914=CIRCLE('',#1913,3.15E-2);
#1923=CIRCLE('',#1922,3.15E-2);
#1936=CIRCLE('',#1935,1.4E-2);
#1945=CIRCLE('',#1944,1.4E-2);
#1950=CIRCLE('',#1949,1.4E-2);
#1959=CIRCLE('',#1958,1.4E-2);
#1984=CIRCLE('',#1983,3.15E-2);
#1989=CIRCLE('',#1988,3.15E-2);
#1994=CIRCLE('',#1993,1.4E-2);
#2007=CIRCLE('',#2006,1.4E-2);
#2012=CIRCLE('',#2011,1.4E-2);
#2017=CIRCLE('',#2016,1.4E-2);
#2038=CIRCLE('',#2037,3.15E-2);
#2043=CIRCLE('',#2042,3.15E-2);
#2048=CIRCLE('',#2047,1.4E-2);
#2061=CIRCLE('',#2060,1.4E-2);
#2066=CIRCLE('',#2065,1.4E-2);
#2071=CIRCLE('',#2070,1.4E-2);
#2080=CIRCLE('',#2079,1.E-2);
#2101=CIRCLE('',#2100,3.75E-2);
#2110=CIRCLE('',#2109,1.E-2);
#2115=CIRCLE('',#2114,1.E-2);
#2132=CIRCLE('',#2131,1.E-2);
#2145=CIRCLE('',#2144,3.75E-2);
#2959=EDGE_CURVE('',#2660,#2661,#75,.T.);
#2961=EDGE_CURVE('',#2661,#2665,#79,.T.);
#2963=EDGE_CURVE('',#2665,#2283,#83,.T.);
#2965=EDGE_CURVE('',#2283,#2280,#87,.T.);
#2967=EDGE_CURVE('',#2280,#2281,#91,.T.);
#2969=EDGE_CURVE('',#2515,#2281,#601,.T.);
#2971=EDGE_CURVE('',#2501,#2515,#95,.T.);
#2973=EDGE_CURVE('',#2499,#2501,#99,.T.);
#2975=EDGE_CURVE('',#2497,#2499,#103,.T.);
#2977=EDGE_CURVE('',#2496,#2497,#107,.T.);
#2979=EDGE_CURVE('',#2517,#2496,#111,.T.);
#2981=EDGE_CURVE('',#2519,#2517,#585,.T.);
#2983=EDGE_CURVE('',#2519,#2663,#115,.T.);
#2985=EDGE_CURVE('',#2660,#2663,#119,.T.);
#2996=EDGE_CURVE('',#2679,#2660,#124,.T.);
#2998=EDGE_CURVE('',#2661,#2679,#129,.T.);
#3008=EDGE_CURVE('',#2668,#2669,#1349,.T.);
#3010=EDGE_CURVE('',#2681,#2669,#134,.T.);
#3012=EDGE_CURVE('',#2668,#2681,#139,.T.);
#3023=EDGE_CURVE('',#2663,#2675,#269,.T.);
#3025=EDGE_CURVE('',#2675,#2679,#143,.T.);
#3036=EDGE_CURVE('',#2728,#2729,#148,.T.);
#3038=EDGE_CURVE('',#2729,#2731,#152,.T.);
#3040=EDGE_CURVE('',#2731,#2733,#157,.T.);
#3042=EDGE_CURVE('',#2733,#2735,#161,.T.);
#3044=EDGE_CURVE('',#2735,#2737,#165,.T.);
#3046=EDGE_CURVE('',#2737,#2739,#169,.T.);
#3048=EDGE_CURVE('',#2739,#2741,#174,.T.);
#3050=EDGE_CURVE('',#2741,#2723,#178,.T.);
#3052=EDGE_CURVE('',#2723,#2493,#182,.T.);
#3054=EDGE_CURVE('',#2493,#2671,#1357,.T.);
#3056=EDGE_CURVE('',#2677,#2671,#187,.T.);
#3058=EDGE_CURVE('',#2673,#2677,#192,.T.);
#3060=EDGE_CURVE('',#2673,#2289,#1389,.T.);
#3062=EDGE_CURVE('',#2657,#2289,#1333,.T.);
#3064=EDGE_CURVE('',#2657,#2769,#196,.T.);
#3066=EDGE_CURVE('',#2769,#2728,#200,.T.);
#3076=EDGE_CURVE('',#2744,#2745,#204,.T.);
#3078=EDGE_CURVE('',#2745,#2531,#208,.T.);
#3080=EDGE_CURVE('',#2531,#2533,#1183,.T.);
#3082=EDGE_CURVE('',#2744,#2533,#1135,.T.);
#3092=EDGE_CURVE('',#2748,#2749,#212,.T.);
#3094=EDGE_CURVE('',#2749,#2447,#216,.T.);
#3096=EDGE_CURVE('',#2447,#2449,#1163,.T.);
#3098=EDGE_CURVE('',#2748,#2449,#1227,.T.);
#3108=EDGE_CURVE('',#2725,#2751,#220,.T.);
#3110=EDGE_CURVE('',#2751,#2753,#225,.T.);
#3112=EDGE_CURVE('',#2753,#2755,#229,.T.);
#3114=EDGE_CURVE('',#2755,#2757,#233,.T.);
#3116=EDGE_CURVE('',#2757,#2759,#237,.T.);
#3118=EDGE_CURVE('',#2759,#2761,#242,.T.);
#3120=EDGE_CURVE('',#2761,#2763,#246,.T.);
#3122=EDGE_CURVE('',#2763,#2765,#251,.T.);
#3124=EDGE_CURVE('',#2765,#2767,#255,.T.);
#3126=EDGE_CURVE('',#2652,#2767,#259,.T.);
#3128=EDGE_CURVE('',#2283,#2652,#1337,.T.);
#3131=EDGE_CURVE('',#2675,#2665,#264,.T.);
#3135=EDGE_CURVE('',#2519,#2725,#273,.T.);
#3146=EDGE_CURVE('',#2728,#2684,#277,.T.);
#3148=EDGE_CURVE('',#2684,#2685,#868,.T.);
#3150=EDGE_CURVE('',#2729,#2685,#1291,.T.);
#3161=EDGE_CURVE('',#2765,#2713,#281,.T.);
#3163=EDGE_CURVE('',#2713,#2777,#876,.T.);
#3165=EDGE_CURVE('',#2767,#2777,#1341,.T.);
#3176=EDGE_CURVE('',#2769,#2776,#1316,.T.);
#3178=EDGE_CURVE('',#2776,#2684,#872,.T.);
#3190=EDGE_CURVE('',#2763,#2711,#285,.T.);
#3192=EDGE_CURVE('',#2711,#2713,#881,.T.);
#3204=EDGE_CURVE('',#2761,#2709,#289,.T.);
#3206=EDGE_CURVE('',#2709,#2711,#885,.T.);
#3218=EDGE_CURVE('',#2759,#2707,#293,.T.);
#3220=EDGE_CURVE('',#2707,#2709,#890,.T.);
#3232=EDGE_CURVE('',#2757,#2705,#297,.T.);
#3234=EDGE_CURVE('',#2705,#2707,#894,.T.);
#3246=EDGE_CURVE('',#2755,#2703,#301,.T.);
#3248=EDGE_CURVE('',#2703,#2705,#898,.T.);
#3260=EDGE_CURVE('',#2753,#2701,#305,.T.);
#3262=EDGE_CURVE('',#2701,#2703,#902,.T.);
#3274=EDGE_CURVE('',#2751,#2700,#309,.T.);
#3276=EDGE_CURVE('',#2700,#2701,#907,.T.);
#3287=EDGE_CURVE('',#2725,#2721,#581,.T.);
#3289=EDGE_CURVE('',#2721,#2700,#911,.T.);
#3301=EDGE_CURVE('',#2914,#2915,#377,.T.);
#3303=EDGE_CURVE('',#2915,#2941,#381,.T.);
#3305=EDGE_CURVE('',#2921,#2941,#385,.T.);
#3307=EDGE_CURVE('',#2921,#2287,#389,.T.);
#3309=EDGE_CURVE('',#2287,#2489,#393,.T.);
#3311=EDGE_CURVE('',#2489,#2486,#397,.T.);
#3313=EDGE_CURVE('',#2486,#2487,#401,.T.);
#3315=EDGE_CURVE('',#2491,#2487,#405,.T.);
#3317=EDGE_CURVE('',#2491,#2493,#409,.T.);
#3320=EDGE_CURVE('',#2723,#2716,#413,.T.);
#3322=EDGE_CURVE('',#2716,#2717,#417,.T.);
#3324=EDGE_CURVE('',#2717,#2549,#421,.T.);
#3326=EDGE_CURVE('',#2549,#2540,#425,.T.);
#3328=EDGE_CURVE('',#2540,#2541,#429,.T.);
#3330=EDGE_CURVE('',#2541,#2543,#433,.T.);
#3332=EDGE_CURVE('',#2543,#2545,#437,.T.);
#3334=EDGE_CURVE('',#2545,#2547,#441,.T.);
#3336=EDGE_CURVE('',#2773,#2547,#445,.T.);
#3338=EDGE_CURVE('',#2773,#2821,#449,.T.);
#3340=EDGE_CURVE('',#2820,#2821,#453,.T.);
#3342=EDGE_CURVE('',#2889,#2820,#457,.T.);
#3344=EDGE_CURVE('',#2889,#2644,#461,.T.);
#3346=EDGE_CURVE('',#2644,#2645,#465,.T.);
#3348=EDGE_CURVE('',#2645,#2887,#469,.T.);
#3350=EDGE_CURVE('',#2824,#2887,#473,.T.);
#3352=EDGE_CURVE('',#2824,#2825,#477,.T.);
#3354=EDGE_CURVE('',#2825,#2829,#481,.T.);
#3356=EDGE_CURVE('',#2828,#2829,#485,.T.);
#3358=EDGE_CURVE('',#2832,#2828,#489,.T.);
#3360=EDGE_CURVE('',#2832,#2833,#493,.T.);
#3362=EDGE_CURVE('',#2833,#2845,#497,.T.);
#3364=EDGE_CURVE('',#2844,#2845,#501,.T.);
#3366=EDGE_CURVE('',#2848,#2844,#505,.T.);
#3368=EDGE_CURVE('',#2848,#2849,#509,.T.);
#3370=EDGE_CURVE('',#2849,#2837,#513,.T.);
#3372=EDGE_CURVE('',#2836,#2837,#517,.T.);
#3374=EDGE_CURVE('',#2885,#2836,#521,.T.);
#3376=EDGE_CURVE('',#2885,#2624,#525,.T.);
#3378=EDGE_CURVE('',#2624,#2625,#529,.T.);
#3380=EDGE_CURVE('',#2625,#2883,#533,.T.);
#3382=EDGE_CURVE('',#2840,#2883,#537,.T.);
#3384=EDGE_CURVE('',#2840,#2841,#541,.T.);
#3386=EDGE_CURVE('',#2841,#2771,#545,.T.);
#3388=EDGE_CURVE('',#2771,#2537,#549,.T.);
#3390=EDGE_CURVE('',#2537,#2464,#553,.T.);
#3392=EDGE_CURVE('',#2464,#2465,#557,.T.);
#3394=EDGE_CURVE('',#2465,#2467,#561,.T.);
#3396=EDGE_CURVE('',#2467,#2460,#565,.T.);
#3398=EDGE_CURVE('',#2460,#2461,#569,.T.);
#3400=EDGE_CURVE('',#2720,#2461,#573,.T.);
#3402=EDGE_CURVE('',#2720,#2721,#577,.T.);
#3407=EDGE_CURVE('',#2517,#2512,#589,.T.);
#3409=EDGE_CURVE('',#2512,#2513,#593,.T.);
#3411=EDGE_CURVE('',#2515,#2513,#597,.T.);
#3414=EDGE_CURVE('',#2281,#2907,#605,.T.);
#3416=EDGE_CURVE('',#2907,#2943,#609,.T.);
#3418=EDGE_CURVE('',#2943,#2953,#613,.T.);
#3420=EDGE_CURVE('',#2953,#2923,#617,.T.);
#3422=EDGE_CURVE('',#2923,#2914,#621,.T.);
#3426=EDGE_CURVE('',#2608,#2609,#313,.T.);
#3428=EDGE_CURVE('',#2609,#2611,#317,.T.);
#3430=EDGE_CURVE('',#2611,#2613,#321,.T.);
#3432=EDGE_CURVE('',#2613,#2608,#325,.T.);
#3436=EDGE_CURVE('',#2616,#2617,#329,.T.);
#3438=EDGE_CURVE('',#2617,#2619,#333,.T.);
#3440=EDGE_CURVE('',#2619,#2621,#337,.T.);
#3442=EDGE_CURVE('',#2621,#2616,#341,.T.);
#3446=EDGE_CURVE('',#2628,#2629,#345,.T.);
#3448=EDGE_CURVE('',#2629,#2631,#349,.T.);
#3450=EDGE_CURVE('',#2631,#2633,#353,.T.);
#3452=EDGE_CURVE('',#2633,#2628,#357,.T.);
#3456=EDGE_CURVE('',#2636,#2637,#361,.T.);
#3458=EDGE_CURVE('',#2637,#2639,#365,.T.);
#3460=EDGE_CURVE('',#2639,#2641,#369,.T.);
#3462=EDGE_CURVE('',#2641,#2636,#373,.T.);
#3472=EDGE_CURVE('',#2934,#2935,#625,.T.);
#3474=EDGE_CURVE('',#2930,#2935,#2119,.T.);
#3476=EDGE_CURVE('',#2930,#2931,#629,.T.);
#3478=EDGE_CURVE('',#2934,#2931,#2075,.T.);
#3489=EDGE_CURVE('',#2608,#2560,#633,.T.);
#3491=EDGE_CURVE('',#2560,#2561,#649,.T.);
#3493=EDGE_CURVE('',#2609,#2561,#645,.T.);
#3504=EDGE_CURVE('',#2613,#2565,#637,.T.);
#3506=EDGE_CURVE('',#2565,#2560,#653,.T.);
#3518=EDGE_CURVE('',#2611,#2563,#641,.T.);
#3520=EDGE_CURVE('',#2563,#2565,#657,.T.);
#3533=EDGE_CURVE('',#2561,#2563,#661,.T.);
#3556=EDGE_CURVE('',#2568,#2569,#665,.T.);
#3558=EDGE_CURVE('',#2573,#2568,#669,.T.);
#3560=EDGE_CURVE('',#2571,#2573,#673,.T.);
#3562=EDGE_CURVE('',#2569,#2571,#677,.T.);
#3572=EDGE_CURVE('',#2576,#2577,#681,.T.);
#3574=EDGE_CURVE('',#2581,#2576,#685,.T.);
#3576=EDGE_CURVE('',#2579,#2581,#689,.T.);
#3578=EDGE_CURVE('',#2577,#2579,#693,.T.);
#3588=EDGE_CURVE('',#2584,#2585,#697,.T.);
#3590=EDGE_CURVE('',#2589,#2584,#701,.T.);
#3592=EDGE_CURVE('',#2587,#2589,#705,.T.);
#3594=EDGE_CURVE('',#2585,#2587,#709,.T.);
#3604=EDGE_CURVE('',#2592,#2593,#713,.T.);
#3606=EDGE_CURVE('',#2597,#2592,#717,.T.);
#3608=EDGE_CURVE('',#2595,#2597,#721,.T.);
#3610=EDGE_CURVE('',#2593,#2595,#725,.T.);
#3620=EDGE_CURVE('',#2600,#2601,#729,.T.);
#3622=EDGE_CURVE('',#2605,#2600,#733,.T.);
#3624=EDGE_CURVE('',#2603,#2605,#737,.T.);
#3626=EDGE_CURVE('',#2601,#2603,#741,.T.);
#3637=EDGE_CURVE('',#2616,#2568,#745,.T.);
#3640=EDGE_CURVE('',#2617,#2569,#757,.T.);
#3651=EDGE_CURVE('',#2621,#2573,#749,.T.);
#3664=EDGE_CURVE('',#2619,#2571,#753,.T.);
#3689=EDGE_CURVE('',#2624,#2576,#761,.T.);
#3692=EDGE_CURVE('',#2625,#2577,#2209,.T.);
#3702=EDGE_CURVE('',#2885,#2581,#765,.T.);
#3715=EDGE_CURVE('',#2817,#2844,#769,.T.);
#3717=EDGE_CURVE('',#2816,#2817,#773,.T.);
#3719=EDGE_CURVE('',#2848,#2816,#777,.T.);
#3730=EDGE_CURVE('',#2809,#2828,#781,.T.);
#3732=EDGE_CURVE('',#2808,#2809,#785,.T.);
#3734=EDGE_CURVE('',#2832,#2808,#789,.T.);
#3746=EDGE_CURVE('',#2887,#2601,#793,.T.);
#3749=EDGE_CURVE('',#2889,#2603,#2205,.T.);
#3752=EDGE_CURVE('',#2805,#2820,#797,.T.);
#3754=EDGE_CURVE('',#2804,#2805,#801,.T.);
#3756=EDGE_CURVE('',#2824,#2804,#805,.T.);
#3768=EDGE_CURVE('',#2813,#2836,#809,.T.);
#3770=EDGE_CURVE('',#2812,#2813,#813,.T.);
#3772=EDGE_CURVE('',#2840,#2812,#817,.T.);
#3775=EDGE_CURVE('',#2883,#2579,#821,.T.);
#3787=EDGE_CURVE('',#2845,#2863,#973,.T.);
#3789=EDGE_CURVE('',#2863,#2879,#1013,.T.);
#3791=EDGE_CURVE('',#2879,#2817,#825,.T.);
#3802=EDGE_CURVE('',#2821,#2851,#829,.T.);
#3805=EDGE_CURVE('',#2717,#2773,#833,.T.);
#3808=EDGE_CURVE('',#2697,#2716,#837,.T.);
#3810=EDGE_CURVE('',#2695,#2697,#842,.T.);
#3812=EDGE_CURVE('',#2693,#2695,#846,.T.);
#3814=EDGE_CURVE('',#2691,#2693,#850,.T.);
#3816=EDGE_CURVE('',#2689,#2691,#854,.T.);
#3818=EDGE_CURVE('',#2687,#2689,#859,.T.);
#3820=EDGE_CURVE('',#2685,#2687,#863,.T.);
#3824=EDGE_CURVE('',#2776,#2777,#1295,.T.);
#3836=EDGE_CURVE('',#2771,#2720,#915,.T.);
#3839=EDGE_CURVE('',#2841,#2861,#919,.T.);
#3841=EDGE_CURVE('',#2861,#2796,#923,.T.);
#3843=EDGE_CURVE('',#2796,#2797,#927,.T.);
#3845=EDGE_CURVE('',#2797,#2800,#932,.T.);
#3847=EDGE_CURVE('',#2800,#2801,#936,.T.);
#3849=EDGE_CURVE('',#2801,#2792,#941,.T.);
#3851=EDGE_CURVE('',#2792,#2793,#945,.T.);
#3853=EDGE_CURVE('',#2793,#2851,#949,.T.);
#3863=EDGE_CURVE('',#2825,#2853,#953,.T.);
#3865=EDGE_CURVE('',#2853,#2855,#957,.T.);
#3867=EDGE_CURVE('',#2829,#2855,#961,.T.);
#3878=EDGE_CURVE('',#2833,#2857,#965,.T.);
#3880=EDGE_CURVE('',#2857,#2863,#969,.T.);
#3892=EDGE_CURVE('',#2837,#2859,#977,.T.);
#3895=EDGE_CURVE('',#2849,#2865,#981,.T.);
#3897=EDGE_CURVE('',#2865,#2859,#985,.T.);
#3909=EDGE_CURVE('',#2851,#2867,#993,.T.);
#3911=EDGE_CURVE('',#2867,#2805,#989,.T.);
#3924=EDGE_CURVE('',#2793,#2781,#997,.T.);
#3926=EDGE_CURVE('',#2781,#2867,#1053,.T.);
#3936=EDGE_CURVE('',#2853,#2869,#1001,.T.);
#3938=EDGE_CURVE('',#2869,#2871,#1103,.T.);
#3940=EDGE_CURVE('',#2855,#2871,#1005,.T.);
#3951=EDGE_CURVE('',#2857,#2873,#1009,.T.);
#3953=EDGE_CURVE('',#2873,#2879,#1095,.T.);
#3965=EDGE_CURVE('',#2859,#2875,#1017,.T.);
#3968=EDGE_CURVE('',#2865,#2881,#1021,.T.);
#3970=EDGE_CURVE('',#2881,#2875,#1087,.T.);
#3980=EDGE_CURVE('',#2861,#2877,#1025,.T.);
#3982=EDGE_CURVE('',#2877,#2784,#1079,.T.);
#3984=EDGE_CURVE('',#2796,#2784,#1045,.T.);
#3996=EDGE_CURVE('',#2792,#2780,#1029,.T.);
#3998=EDGE_CURVE('',#2780,#2781,#1057,.T.);
#4010=EDGE_CURVE('',#2801,#2789,#1033,.T.);
#4012=EDGE_CURVE('',#2789,#2780,#1062,.T.);
#4024=EDGE_CURVE('',#2800,#2788,#1037,.T.);
#4026=EDGE_CURVE('',#2788,#2789,#1066,.T.);
#4038=EDGE_CURVE('',#2797,#2785,#1041,.T.);
#4040=EDGE_CURVE('',#2785,#2788,#1071,.T.);
#4053=EDGE_CURVE('',#2784,#2785,#1075,.T.);
#4064=EDGE_CURVE('',#2869,#2867,#1049,.T.);
#4073=EDGE_CURVE('',#2877,#2875,#1083,.T.);
#4076=EDGE_CURVE('',#2881,#2879,#1091,.T.);
#4079=EDGE_CURVE('',#2873,#2871,#1099,.T.);
#4091=EDGE_CURVE('',#2869,#2804,#1107,.T.);
#4117=EDGE_CURVE('',#2877,#2812,#1111,.T.);
#4120=EDGE_CURVE('',#2875,#2813,#1115,.T.);
#4157=EDGE_CURVE('',#2881,#2816,#1119,.T.);
#4183=EDGE_CURVE('',#2873,#2808,#1123,.T.);
#4186=EDGE_CURVE('',#2871,#2809,#1127,.T.);
#4223=EDGE_CURVE('',#2744,#2717,#1131,.T.);
#4226=EDGE_CURVE('',#2745,#2773,#1259,.T.);
#4237=EDGE_CURVE('',#2748,#2771,#1223,.T.);
#4240=EDGE_CURVE('',#2749,#2720,#1231,.T.);
#4252=EDGE_CURVE('',#2533,#2535,#1179,.T.);
#4254=EDGE_CURVE('',#2549,#2535,#1243,.T.);
#4265=EDGE_CURVE('',#2444,#2445,#1139,.T.);
#4267=EDGE_CURVE('',#2457,#2444,#1143,.T.);
#4269=EDGE_CURVE('',#2455,#2457,#1147,.T.);
#4271=EDGE_CURVE('',#2454,#2455,#1151,.T.);
#4273=EDGE_CURVE('',#2451,#2454,#1155,.T.);
#4275=EDGE_CURVE('',#2449,#2451,#1159,.T.);
#4278=EDGE_CURVE('',#2445,#2447,#1167,.T.);
#4288=EDGE_CURVE('',#2522,#2523,#1171,.T.);
#4290=EDGE_CURVE('',#2535,#2522,#1175,.T.);
#4294=EDGE_CURVE('',#2529,#2531,#1187,.T.);
#4296=EDGE_CURVE('',#2527,#2529,#1191,.T.);
#4298=EDGE_CURVE('',#2525,#2527,#1195,.T.);
#4300=EDGE_CURVE('',#2523,#2525,#1199,.T.);
#4311=EDGE_CURVE('',#2460,#2444,#1203,.T.);
#4314=EDGE_CURVE('',#2461,#2445,#1235,.T.);
#4325=EDGE_CURVE('',#2467,#2457,#1207,.T.);
#4338=EDGE_CURVE('',#2465,#2455,#1211,.T.);
#4351=EDGE_CURVE('',#2464,#2454,#1215,.T.);
#4364=EDGE_CURVE('',#2537,#2451,#1219,.T.);
#4403=EDGE_CURVE('',#2540,#2522,#1239,.T.);
#4406=EDGE_CURVE('',#2541,#2523,#1247,.T.);
#4431=EDGE_CURVE('',#2543,#2525,#1251,.T.);
#4444=EDGE_CURVE('',#2545,#2527,#1255,.T.);
#4457=EDGE_CURVE('',#2547,#2529,#1263,.T.);
#4482=EDGE_CURVE('',#2741,#2697,#1267,.T.);
#4494=EDGE_CURVE('',#2739,#2695,#1271,.T.);
#4507=EDGE_CURVE('',#2737,#2693,#1275,.T.);
#4520=EDGE_CURVE('',#2735,#2691,#1279,.T.);
#4533=EDGE_CURVE('',#2733,#2689,#1283,.T.);
#4546=EDGE_CURVE('',#2731,#2687,#1287,.T.);
#4571=EDGE_CURVE('',#2649,#2776,#1299,.T.);
#4573=EDGE_CURVE('',#2648,#2649,#1304,.T.);
#4575=EDGE_CURVE('',#2777,#2648,#1308,.T.);
#4586=EDGE_CURVE('',#2655,#2657,#1329,.T.);
#4588=EDGE_CURVE('',#2655,#2649,#1312,.T.);
#4600=EDGE_CURVE('',#2652,#2653,#1320,.T.);
#4602=EDGE_CURVE('',#2653,#2655,#1325,.T.);
#4606=EDGE_CURVE('',#2289,#2286,#1385,.T.);
#4608=EDGE_CURVE('',#2280,#2286,#1572,.T.);
#4623=EDGE_CURVE('',#2653,#2648,#1345,.T.);
#4647=EDGE_CURVE('',#2668,#2671,#1353,.T.);
#4651=EDGE_CURVE('',#2475,#2491,#1361,.T.);
#4653=EDGE_CURVE('',#2473,#2475,#1365,.T.);
#4655=EDGE_CURVE('',#2471,#2473,#1369,.T.);
#4657=EDGE_CURVE('',#2470,#2471,#1373,.T.);
#4659=EDGE_CURVE('',#2489,#2470,#1377,.T.);
#4662=EDGE_CURVE('',#2286,#2287,#1381,.T.);
#4666=EDGE_CURVE('',#2669,#2673,#1393,.T.);
#4678=EDGE_CURVE('',#2677,#2681,#1397,.T.);
#4702=EDGE_CURVE('',#2483,#2487,#1421,.T.);
#4704=EDGE_CURVE('',#2475,#2483,#1401,.T.);
#4716=EDGE_CURVE('',#2486,#2478,#1405,.T.);
#4718=EDGE_CURVE('',#2478,#2479,#1409,.T.);
#4720=EDGE_CURVE('',#2479,#2481,#1413,.T.);
#4722=EDGE_CURVE('',#2481,#2483,#1417,.T.);
#4735=EDGE_CURVE('',#2470,#2478,#1425,.T.);
#4747=EDGE_CURVE('',#2471,#2479,#1429,.T.);
#4760=EDGE_CURVE('',#2473,#2481,#1433,.T.);
#4784=EDGE_CURVE('',#2316,#2317,#1437,.T.);
#4786=EDGE_CURVE('',#2317,#2319,#1441,.T.);
#4788=EDGE_CURVE('',#2292,#2319,#1633,.T.);
#4790=EDGE_CURVE('',#2292,#2293,#1445,.T.);
#4792=EDGE_CURVE('',#2293,#2295,#1449,.T.);
#4794=EDGE_CURVE('',#2298,#2295,#1454,.T.);
#4796=EDGE_CURVE('',#2298,#2299,#1458,.T.);
#4798=EDGE_CURVE('',#2299,#2301,#1462,.T.);
#4800=EDGE_CURVE('',#2321,#2301,#1610,.T.);
#4802=EDGE_CURVE('',#2321,#2316,#1466,.T.);
#4806=EDGE_CURVE('',#2340,#2341,#1470,.T.);
#4808=EDGE_CURVE('',#2341,#2343,#1474,.T.);
#4810=EDGE_CURVE('',#2343,#2345,#1478,.T.);
#4812=EDGE_CURVE('',#2345,#2340,#1482,.T.);
#4816=EDGE_CURVE('',#2392,#2393,#1487,.T.);
#4818=EDGE_CURVE('',#2393,#2392,#1492,.T.);
#4822=EDGE_CURVE('',#2440,#2441,#1497,.T.);
#4824=EDGE_CURVE('',#2441,#2440,#1502,.T.);
#4828=EDGE_CURVE('',#2360,#2361,#1507,.T.);
#4830=EDGE_CURVE('',#2361,#2360,#1512,.T.);
#4834=EDGE_CURVE('',#2408,#2409,#1517,.T.);
#4836=EDGE_CURVE('',#2409,#2408,#1522,.T.);
#4840=EDGE_CURVE('',#2376,#2377,#1527,.T.);
#4842=EDGE_CURVE('',#2377,#2376,#1532,.T.);
#4846=EDGE_CURVE('',#2424,#2425,#1537,.T.);
#4848=EDGE_CURVE('',#2425,#2424,#1542,.T.);
#4858=EDGE_CURVE('',#2926,#2927,#1556,.T.);
#4860=EDGE_CURVE('',#2926,#2918,#1560,.T.);
#4862=EDGE_CURVE('',#2918,#2919,#1564,.T.);
#4864=EDGE_CURVE('',#2907,#2919,#1568,.T.);
#4871=EDGE_CURVE('',#2921,#2904,#1576,.T.);
#4873=EDGE_CURVE('',#2904,#2905,#1580,.T.);
#4875=EDGE_CURVE('',#2927,#2905,#1584,.T.);
#4879=EDGE_CURVE('',#2896,#2897,#1547,.T.);
#4881=EDGE_CURVE('',#2897,#2896,#1552,.T.);
#4891=EDGE_CURVE('',#2316,#2324,#1588,.T.);
#4893=EDGE_CURVE('',#2324,#2325,#1655,.T.);
#4895=EDGE_CURVE('',#2317,#2325,#1707,.T.);
#4906=EDGE_CURVE('',#2321,#2327,#1592,.T.);
#4908=EDGE_CURVE('',#2327,#2324,#1659,.T.);
#4920=EDGE_CURVE('',#2305,#2295,#1596,.T.);
#4922=EDGE_CURVE('',#2305,#2307,#1601,.T.);
#4924=EDGE_CURVE('',#2307,#2298,#1605,.T.);
#4937=EDGE_CURVE('',#2309,#2301,#1614,.T.);
#4939=EDGE_CURVE('',#2309,#2327,#1619,.T.);
#4949=EDGE_CURVE('',#2329,#2319,#1711,.T.);
#4951=EDGE_CURVE('',#2329,#2303,#1624,.T.);
#4953=EDGE_CURVE('',#2303,#2292,#1628,.T.);
#4965=EDGE_CURVE('',#2293,#2311,#1637,.T.);
#4967=EDGE_CURVE('',#2311,#2305,#1671,.T.);
#4980=EDGE_CURVE('',#2303,#2311,#1675,.T.);
#4991=EDGE_CURVE('',#2892,#2893,#1642,.T.);
#4993=EDGE_CURVE('',#2892,#2893,#1647,.T.);
#4998=EDGE_CURVE('',#2325,#2329,#1651,.T.);
#5003=EDGE_CURVE('',#2313,#2309,#1663,.T.);
#5005=EDGE_CURVE('',#2307,#2313,#1667,.T.);
#5018=EDGE_CURVE('',#2901,#2900,#1680,.T.);
#5020=EDGE_CURVE('',#2900,#2893,#1684,.T.);
#5023=EDGE_CURVE('',#2901,#2892,#1688,.T.);
#5034=EDGE_CURVE('',#2896,#2900,#1698,.T.);
#5037=EDGE_CURVE('',#2897,#2901,#1693,.T.);
#5049=EDGE_CURVE('',#2900,#2901,#1703,.T.);
#5085=EDGE_CURVE('',#2299,#2313,#1715,.T.);
#5110=EDGE_CURVE('',#2340,#2332,#1719,.T.);
#5112=EDGE_CURVE('',#2332,#2333,#1735,.T.);
#5114=EDGE_CURVE('',#2341,#2333,#1731,.T.);
#5125=EDGE_CURVE('',#2345,#2337,#1723,.T.);
#5127=EDGE_CURVE('',#2337,#2332,#1739,.T.);
#5139=EDGE_CURVE('',#2343,#2335,#1727,.T.);
#5141=EDGE_CURVE('',#2335,#2337,#1743,.T.);
#5154=EDGE_CURVE('',#2333,#2335,#1747,.T.);
#5178=EDGE_CURVE('',#2389,#2393,#1765,.T.);
#5180=EDGE_CURVE('',#2389,#2383,#1752,.T.);
#5182=EDGE_CURVE('',#2383,#2392,#1756,.T.);
#5194=EDGE_CURVE('',#2389,#2383,#1761,.T.);
#5205=EDGE_CURVE('',#2383,#2380,#1769,.T.);
#5207=EDGE_CURVE('',#2386,#2380,#1774,.T.);
#5209=EDGE_CURVE('',#2389,#2386,#1778,.T.);
#5223=EDGE_CURVE('',#2386,#2380,#1783,.T.);
#5233=EDGE_CURVE('',#2380,#2381,#1792,.T.);
#5236=EDGE_CURVE('',#2386,#2387,#1801,.T.);
#5238=EDGE_CURVE('',#2387,#2381,#1788,.T.);
#5249=EDGE_CURVE('',#2387,#2381,#1797,.T.);
#5272=EDGE_CURVE('',#2437,#2441,#1819,.T.);
#5274=EDGE_CURVE('',#2431,#2437,#1806,.T.);
#5276=EDGE_CURVE('',#2431,#2440,#1810,.T.);
#5288=EDGE_CURVE('',#2431,#2437,#1815,.T.);
#5299=EDGE_CURVE('',#2429,#2431,#1823,.T.);
#5301=EDGE_CURVE('',#2429,#2435,#1828,.T.);
#5303=EDGE_CURVE('',#2435,#2437,#1832,.T.);
#5317=EDGE_CURVE('',#2429,#2435,#1837,.T.);
#5327=EDGE_CURVE('',#2428,#2429,#1846,.T.);
#5330=EDGE_CURVE('',#2434,#2435,#1855,.T.);
#5332=EDGE_CURVE('',#2428,#2434,#1842,.T.);
#5343=EDGE_CURVE('',#2428,#2434,#1851,.T.);
#5366=EDGE_CURVE('',#2357,#2361,#1873,.T.);
#5368=EDGE_CURVE('',#2351,#2357,#1860,.T.);
#5370=EDGE_CURVE('',#2351,#2360,#1864,.T.);
#5382=EDGE_CURVE('',#2351,#2357,#1869,.T.);
#5393=EDGE_CURVE('',#2349,#2351,#1877,.T.);
#5395=EDGE_CURVE('',#2349,#2355,#1882,.T.);
#5397=EDGE_CURVE('',#2355,#2357,#1886,.T.);
#5411=EDGE_CURVE('',#2349,#2355,#1891,.T.);
#5421=EDGE_CURVE('',#2348,#2349,#1900,.T.);
#5424=EDGE_CURVE('',#2354,#2355,#1909,.T.);
#5426=EDGE_CURVE('',#2348,#2354,#1896,.T.);
#5437=EDGE_CURVE('',#2348,#2354,#1905,.T.);
#5460=EDGE_CURVE('',#2405,#2409,#1927,.T.);
#5462=EDGE_CURVE('',#2399,#2405,#1914,.T.);
#5464=EDGE_CURVE('',#2399,#2408,#1918,.T.);
#5476=EDGE_CURVE('',#2399,#2405,#1923,.T.);
#5487=EDGE_CURVE('',#2397,#2399,#1931,.T.);
#5489=EDGE_CURVE('',#2397,#2403,#1936,.T.);
#5491=EDGE_CURVE('',#2403,#2405,#1940,.T.);
#5505=EDGE_CURVE('',#2397,#2403,#1945,.T.);
#5515=EDGE_CURVE('',#2396,#2397,#1954,.T.);
#5518=EDGE_CURVE('',#2402,#2403,#1963,.T.);
#5520=EDGE_CURVE('',#2396,#2402,#1950,.T.);
#5531=EDGE_CURVE('',#2396,#2402,#1959,.T.);
#5554=EDGE_CURVE('',#2377,#2371,#1971,.T.);
#5556=EDGE_CURVE('',#2371,#2365,#1989,.T.);
#5558=EDGE_CURVE('',#2376,#2365,#1967,.T.);
#5570=EDGE_CURVE('',#2371,#2365,#1984,.T.);
#5581=EDGE_CURVE('',#2364,#2365,#1975,.T.);
#5583=EDGE_CURVE('',#2370,#2364,#2007,.T.);
#5585=EDGE_CURVE('',#2370,#2371,#1979,.T.);
#5599=EDGE_CURVE('',#2370,#2364,#1994,.T.);
#5609=EDGE_CURVE('',#2367,#2364,#1998,.T.);
#5612=EDGE_CURVE('',#2373,#2370,#2002,.T.);
#5614=EDGE_CURVE('',#2373,#2367,#2017,.T.);
#5625=EDGE_CURVE('',#2373,#2367,#2012,.T.);
#5648=EDGE_CURVE('',#2425,#2418,#2025,.T.);
#5650=EDGE_CURVE('',#2412,#2418,#2043,.T.);
#5652=EDGE_CURVE('',#2424,#2412,#2021,.T.);
#5664=EDGE_CURVE('',#2412,#2418,#2038,.T.);
#5675=EDGE_CURVE('',#2412,#2413,#2029,.T.);
#5677=EDGE_CURVE('',#2413,#2419,#2061,.T.);
#5679=EDGE_CURVE('',#2418,#2419,#2033,.T.);
#5693=EDGE_CURVE('',#2413,#2419,#2048,.T.);
#5703=EDGE_CURVE('',#2413,#2415,#2052,.T.);
#5706=EDGE_CURVE('',#2419,#2421,#2056,.T.);
#5708=EDGE_CURVE('',#2415,#2421,#2071,.T.);
#5719=EDGE_CURVE('',#2415,#2421,#2066,.T.);
#5742=EDGE_CURVE('',#2927,#2931,#2080,.T.);
#5745=EDGE_CURVE('',#2926,#2930,#2132,.T.);
#5755=EDGE_CURVE('',#2557,#2938,#2096,.T.);
#5757=EDGE_CURVE('',#2934,#2938,#2110,.T.);
#5762=EDGE_CURVE('',#2905,#2910,#2084,.T.);
#5764=EDGE_CURVE('',#2914,#2910,#2193,.T.);
#5766=EDGE_CURVE('',#2553,#2914,#2149,.T.);
#5768=EDGE_CURVE('',#2553,#2557,#2088,.T.);
#5778=EDGE_CURVE('',#2938,#2939,#2092,.T.);
#5781=EDGE_CURVE('',#2556,#2557,#2101,.T.);
#5783=EDGE_CURVE('',#2939,#2556,#2105,.T.);
#5796=EDGE_CURVE('',#2939,#2935,#2115,.T.);
#5809=EDGE_CURVE('',#2552,#2556,#2136,.T.);
#5811=EDGE_CURVE('',#2923,#2552,#2140,.T.);
#5813=EDGE_CURVE('',#2923,#2951,#2123,.T.);
#5815=EDGE_CURVE('',#2951,#2918,#2127,.T.);
#5827=EDGE_CURVE('',#2552,#2553,#2145,.T.);
#5853=EDGE_CURVE('',#2953,#2950,#2153,.T.);
#5855=EDGE_CURVE('',#2950,#2951,#2169,.T.);
#5867=EDGE_CURVE('',#2947,#2943,#2161,.T.);
#5869=EDGE_CURVE('',#2947,#2950,#2165,.T.);
#5882=EDGE_CURVE('',#2919,#2947,#2157,.T.);
#5906=EDGE_CURVE('',#2904,#2945,#2173,.T.);
#5908=EDGE_CURVE('',#2911,#2945,#2177,.T.);
#5910=EDGE_CURVE('',#2910,#2911,#2181,.T.);
#5923=EDGE_CURVE('',#2941,#2945,#2185,.T.);
#5936=EDGE_CURVE('',#2915,#2911,#2189,.T.);
#5962=EDGE_CURVE('',#2645,#2600,#2197,.T.);
#5974=EDGE_CURVE('',#2644,#2605,#2201,.T.);
#6011=EDGE_CURVE('',#2628,#2584,#2213,.T.);
#6014=EDGE_CURVE('',#2629,#2585,#2225,.T.);
#6025=EDGE_CURVE('',#2633,#2589,#2217,.T.);
#6038=EDGE_CURVE('',#2631,#2587,#2221,.T.);
#6063=EDGE_CURVE('',#2636,#2592,#2229,.T.);
#6066=EDGE_CURVE('',#2637,#2593,#2241,.T.);
#6077=EDGE_CURVE('',#2641,#2597,#2233,.T.);
#6090=EDGE_CURVE('',#2639,#2595,#2237,.T.);
#6116=EDGE_CURVE('',#2496,#2504,#2245,.T.);
#6118=EDGE_CURVE('',#2512,#2504,#2261,.T.);
#6129=EDGE_CURVE('',#2497,#2505,#2249,.T.);
#6131=EDGE_CURVE('',#2504,#2505,#2265,.T.);
#6143=EDGE_CURVE('',#2499,#2507,#2253,.T.);
#6145=EDGE_CURVE('',#2505,#2507,#2269,.T.);
#6157=EDGE_CURVE('',#2501,#2509,#2257,.T.);
#6159=EDGE_CURVE('',#2507,#2509,#2273,.T.);
#6171=EDGE_CURVE('',#2509,#2513,#2277,.T.);
#6217=ADVANCED_BREP_SHAPE_REPRESENTATION('',(#6205),#6216);
#6224=PRODUCT_DEFINITION('design','',#6223,#6220);
#6225=PRODUCT_DEFINITION_SHAPE('','SHAPE FOR C-5749266-01-3.',#6224);
#6226=SHAPE_REPRESENTATION('',(#6205),#6216);
#6227=SHAPE_ASPECT('','solid data associated with C-5749266-01-3',#6225,.F.);
#6228=PROPERTY_DEFINITION('',
'shape for solid data with which properties are associated',#6227);
#6229=SHAPE_DEFINITION_REPRESENTATION(#6228,#6226);
#6237=PROPERTY_DEFINITION('geometric_validation_property',
'area of C-5749266-01-3',#6227);
#6238=REPRESENTATION('surface area',(#6236),#6216);
#6239=PROPERTY_DEFINITION_REPRESENTATION(#6237,#6238);
#6247=PROPERTY_DEFINITION('geometric_validation_property',
'volume of C-5749266-01-3',#6227);
#6248=REPRESENTATION('volume',(#6246),#6216);
#6249=PROPERTY_DEFINITION_REPRESENTATION(#6247,#6248);
#6251=PROPERTY_DEFINITION('geometric_validation_property',
'centroid of C-5749266-01-3',#6227);
#6252=REPRESENTATION('centroid',(#6250),#6216);
#6253=PROPERTY_DEFINITION_REPRESENTATION(#6251,#6252);
#6254=SHAPE_DEFINITION_REPRESENTATION(#6225,#6217);
ENDSEC;
END-ISO-10303-21;
