ISO-10303-21;
HEADER;
FILE_DESCRIPTION(('FreeCAD Model'),'2;1');
FILE_NAME('Open CASCADE Shape Model','2025-01-18T13:57:11',(''),(''),
  'Open CASCADE STEP processor 7.8','FreeCAD','Unknown');
FILE_SCHEMA(('AUTOMOTIVE_DESIGN { 1 0 10303 214 1 1 1 1 }'));
ENDSEC;
DATA;
#1 = APPLICATION_PROTOCOL_DEFINITION('international standard',
  'automotive_design',2000,#2);
#2 = APPLICATION_CONTEXT(
  'core data for automotive mechanical design processes');
#3 = SHAPE_DEFINITION_REPRESENTATION(#4,#10);
#4 = PRODUCT_DEFINITION_SHAPE('','',#5);
#5 = PRODUCT_DEFINITION('design','',#6,#9);
#6 = PRODUCT_DEFINITION_FORMATION('','',#7);
#7 = PRODUCT('TSOP 50_44','TSOP 50_44','',(#8));
#8 = PRODUCT_CONTEXT('',#2,'mechanical');
#9 = PRODUCT_DEFINITION_CONTEXT('part definition',#2,'design');
#10 = SHAPE_REPRESENTATION('',(#11,#15,#19),#23);
#11 = AXIS2_PLACEMENT_3D('',#12,#13,#14);
#12 = CARTESIAN_POINT('',(0.,0.,0.));
#13 = DIRECTION('',(0.,0.,1.));
#14 = DIRECTION('',(1.,0.,-0.));
#15 = AXIS2_PLACEMENT_3D('',#16,#17,#18);
#16 = CARTESIAN_POINT('',(0.,0.,0.));
#17 = DIRECTION('',(0.,0.,1.));
#18 = DIRECTION('',(1.,0.,0.));
#19 = AXIS2_PLACEMENT_3D('',#20,#21,#22);
#20 = CARTESIAN_POINT('',(0.,0.,0.));
#21 = DIRECTION('',(0.,0.,1.));
#22 = DIRECTION('',(1.,0.,0.));
#23 = ( GEOMETRIC_REPRESENTATION_CONTEXT(3) 
GLOBAL_UNCERTAINTY_ASSIGNED_CONTEXT((#27)) GLOBAL_UNIT_ASSIGNED_CONTEXT(
(#24,#25,#26)) REPRESENTATION_CONTEXT('Context #1',
  '3D Context with UNIT and UNCERTAINTY') );
#24 = ( LENGTH_UNIT() NAMED_UNIT(*) SI_UNIT(.MILLI.,.METRE.) );
#25 = ( NAMED_UNIT(*) PLANE_ANGLE_UNIT() SI_UNIT($,.RADIAN.) );
#26 = ( NAMED_UNIT(*) SI_UNIT($,.STERADIAN.) SOLID_ANGLE_UNIT() );
#27 = UNCERTAINTY_MEASURE_WITH_UNIT(LENGTH_MEASURE(1.E-07),#24,
  'distance_accuracy_value','confusion accuracy');
#28 = PRODUCT_RELATED_PRODUCT_CATEGORY('part',$,(#7));
#29 = SHAPE_DEFINITION_REPRESENTATION(#30,#36);
#30 = PRODUCT_DEFINITION_SHAPE('','',#31);
#31 = PRODUCT_DEFINITION('design','',#32,#35);
#32 = PRODUCT_DEFINITION_FORMATION('','',#33);
#33 = PRODUCT('Plastic body','Plastic body','',(#34));
#34 = PRODUCT_CONTEXT('',#2,'mechanical');
#35 = PRODUCT_DEFINITION_CONTEXT('part definition',#2,'design');
#36 = ADVANCED_BREP_SHAPE_REPRESENTATION('',(#11,#37),#1032);
#37 = MANIFOLD_SOLID_BREP('',#38);
#38 = CLOSED_SHELL('',(#39,#79,#110,#143,#176,#207,#232,#257,#290,#346,
    #364,#420,#438,#471,#488,#505,#547,#580,#611,#636,#661,#679,#690,
    #708,#741,#766,#797,#822,#833,#850,#879,#904,#921,#943,#960,#972,
    #983,#994,#1011,#1023));
#39 = ADVANCED_FACE('',(#40),#74,.F.);
#40 = FACE_BOUND('',#41,.F.);
#41 = EDGE_LOOP('',(#42,#52,#60,#68));
#42 = ORIENTED_EDGE('',*,*,#43,.T.);
#43 = EDGE_CURVE('',#44,#46,#48,.T.);
#44 = VERTEX_POINT('',#45);
#45 = CARTESIAN_POINT('',(-5.08,10.375,0.125));
#46 = VERTEX_POINT('',#47);
#47 = CARTESIAN_POINT('',(-5.08,-10.375,0.125));
#48 = LINE('',#49,#50);
#49 = CARTESIAN_POINT('',(-5.08,10.475,0.125));
#50 = VECTOR('',#51,1.);
#51 = DIRECTION('',(0.,-1.,2.2E-16));
#52 = ORIENTED_EDGE('',*,*,#53,.T.);
#53 = EDGE_CURVE('',#46,#54,#56,.T.);
#54 = VERTEX_POINT('',#55);
#55 = CARTESIAN_POINT('',(-5.08,-10.375,-0.125));
#56 = LINE('',#57,#58);
#57 = CARTESIAN_POINT('',(-5.08,-10.375,0.125));
#58 = VECTOR('',#59,1.);
#59 = DIRECTION('',(0.,-2.2E-16,-1.));
#60 = ORIENTED_EDGE('',*,*,#61,.F.);
#61 = EDGE_CURVE('',#62,#54,#64,.T.);
#62 = VERTEX_POINT('',#63);
#63 = CARTESIAN_POINT('',(-5.08,10.375,-0.125));
#64 = LINE('',#65,#66);
#65 = CARTESIAN_POINT('',(-5.08,10.475,-0.125));
#66 = VECTOR('',#67,1.);
#67 = DIRECTION('',(0.,-1.,2.2E-16));
#68 = ORIENTED_EDGE('',*,*,#69,.F.);
#69 = EDGE_CURVE('',#44,#62,#70,.T.);
#70 = LINE('',#71,#72);
#71 = CARTESIAN_POINT('',(-5.08,10.375,0.125));
#72 = VECTOR('',#73,1.);
#73 = DIRECTION('',(0.,-2.2E-16,-1.));
#74 = PLANE('',#75);
#75 = AXIS2_PLACEMENT_3D('',#76,#77,#78);
#76 = CARTESIAN_POINT('',(-5.08,10.475,0.125));
#77 = DIRECTION('',(1.,0.,0.));
#78 = DIRECTION('',(0.,-2.2E-16,-1.));
#79 = ADVANCED_FACE('',(#80),#105,.F.);
#80 = FACE_BOUND('',#81,.F.);
#81 = EDGE_LOOP('',(#82,#83,#91,#99));
#82 = ORIENTED_EDGE('',*,*,#43,.F.);
#83 = ORIENTED_EDGE('',*,*,#84,.F.);
#84 = EDGE_CURVE('',#85,#44,#87,.T.);
#85 = VERTEX_POINT('',#86);
#86 = CARTESIAN_POINT('',(-4.950240003569,10.375,0.438268343237));
#87 = LINE('',#88,#89);
#88 = CARTESIAN_POINT('',(-4.92466991411,10.375,0.5));
#89 = VECTOR('',#90,1.);
#90 = DIRECTION('',(-0.382683432365,-2.1E-16,-0.923879532511));
#91 = ORIENTED_EDGE('',*,*,#92,.T.);
#92 = EDGE_CURVE('',#85,#93,#95,.T.);
#93 = VERTEX_POINT('',#94);
#94 = CARTESIAN_POINT('',(-4.950240003569,-10.375,0.438268343237));
#95 = LINE('',#96,#97);
#96 = CARTESIAN_POINT('',(-4.950240003569,10.475,0.438268343236));
#97 = VECTOR('',#98,1.);
#98 = DIRECTION('',(0.,-1.,2.2E-16));
#99 = ORIENTED_EDGE('',*,*,#100,.T.);
#100 = EDGE_CURVE('',#93,#46,#101,.T.);
#101 = LINE('',#102,#103);
#102 = CARTESIAN_POINT('',(-4.92466991411,-10.375,0.5));
#103 = VECTOR('',#104,1.);
#104 = DIRECTION('',(-0.382683432365,-2.1E-16,-0.923879532511));
#105 = PLANE('',#106);
#106 = AXIS2_PLACEMENT_3D('',#107,#108,#109);
#107 = CARTESIAN_POINT('',(-4.92466991411,10.475,0.5));
#108 = DIRECTION('',(0.923879532511,-8.E-17,-0.382683432365));
#109 = DIRECTION('',(-0.382683432365,-2.1E-16,-0.923879532511));
#110 = ADVANCED_FACE('',(#111),#138,.T.);
#111 = FACE_BOUND('',#112,.T.);
#112 = EDGE_LOOP('',(#113,#122,#130,#137));
#113 = ORIENTED_EDGE('',*,*,#114,.T.);
#114 = EDGE_CURVE('',#44,#115,#117,.T.);
#115 = VERTEX_POINT('',#116);
#116 = CARTESIAN_POINT('',(-4.98,10.475,0.105108763262));
#117 = ELLIPSE('',#118,0.101959115821,0.1);
#118 = AXIS2_PLACEMENT_3D('',#119,#120,#121);
#119 = CARTESIAN_POINT('',(-4.98,10.375,0.105108763262));
#120 = DIRECTION('',(-0.195090322016,-2.2E-16,-0.980785280403));
#121 = DIRECTION('',(-0.980785280403,4.E-17,0.195090322016));
#122 = ORIENTED_EDGE('',*,*,#123,.T.);
#123 = EDGE_CURVE('',#115,#124,#126,.T.);
#124 = VERTEX_POINT('',#125);
#125 = CARTESIAN_POINT('',(-4.98,10.475,-0.105108763262));
#126 = LINE('',#127,#128);
#127 = CARTESIAN_POINT('',(-4.98,10.475,0.125));
#128 = VECTOR('',#129,1.);
#129 = DIRECTION('',(0.,-2.2E-16,-1.));
#130 = ORIENTED_EDGE('',*,*,#131,.F.);
#131 = EDGE_CURVE('',#62,#124,#132,.T.);
#132 = ELLIPSE('',#133,0.101959115821,0.1);
#133 = AXIS2_PLACEMENT_3D('',#134,#135,#136);
#134 = CARTESIAN_POINT('',(-4.98,10.375,-0.105108763262));
#135 = DIRECTION('',(0.195090322016,-2.2E-16,-0.980785280403));
#136 = DIRECTION('',(-0.980785280403,-4.E-17,-0.195090322016));
#137 = ORIENTED_EDGE('',*,*,#69,.F.);
#138 = CYLINDRICAL_SURFACE('',#139,0.1);
#139 = AXIS2_PLACEMENT_3D('',#140,#141,#142);
#140 = CARTESIAN_POINT('',(-4.98,10.375,0.125));
#141 = DIRECTION('',(0.,-2.2E-16,-1.));
#142 = DIRECTION('',(-1.,0.,-0.));
#143 = ADVANCED_FACE('',(#144),#171,.T.);
#144 = FACE_BOUND('',#145,.F.);
#145 = EDGE_LOOP('',(#146,#155,#163,#170));
#146 = ORIENTED_EDGE('',*,*,#147,.T.);
#147 = EDGE_CURVE('',#46,#148,#150,.T.);
#148 = VERTEX_POINT('',#149);
#149 = CARTESIAN_POINT('',(-4.98,-10.475,0.105108763262));
#150 = ELLIPSE('',#151,0.101959115821,0.1);
#151 = AXIS2_PLACEMENT_3D('',#152,#153,#154);
#152 = CARTESIAN_POINT('',(-4.98,-10.375,0.105108763262));
#153 = DIRECTION('',(0.195090322016,2.2E-16,0.980785280403));
#154 = DIRECTION('',(-0.980785280403,4.E-17,0.195090322016));
#155 = ORIENTED_EDGE('',*,*,#156,.T.);
#156 = EDGE_CURVE('',#148,#157,#159,.T.);
#157 = VERTEX_POINT('',#158);
#158 = CARTESIAN_POINT('',(-4.98,-10.475,-0.105108763262));
#159 = LINE('',#160,#161);
#160 = CARTESIAN_POINT('',(-4.98,-10.475,0.125));
#161 = VECTOR('',#162,1.);
#162 = DIRECTION('',(0.,-2.2E-16,-1.));
#163 = ORIENTED_EDGE('',*,*,#164,.F.);
#164 = EDGE_CURVE('',#54,#157,#165,.T.);
#165 = ELLIPSE('',#166,0.101959115821,0.1);
#166 = AXIS2_PLACEMENT_3D('',#167,#168,#169);
#167 = CARTESIAN_POINT('',(-4.98,-10.375,-0.105108763262));
#168 = DIRECTION('',(-0.195090322016,2.2E-16,0.980785280403));
#169 = DIRECTION('',(-0.980785280403,-4.E-17,-0.195090322016));
#170 = ORIENTED_EDGE('',*,*,#53,.F.);
#171 = CYLINDRICAL_SURFACE('',#172,0.1);
#172 = AXIS2_PLACEMENT_3D('',#173,#174,#175);
#173 = CARTESIAN_POINT('',(-4.98,-10.375,0.125));
#174 = DIRECTION('',(0.,-2.2E-16,-1.));
#175 = DIRECTION('',(-1.,0.,-0.));
#176 = ADVANCED_FACE('',(#177),#202,.F.);
#177 = FACE_BOUND('',#178,.F.);
#178 = EDGE_LOOP('',(#179,#180,#188,#196));
#179 = ORIENTED_EDGE('',*,*,#61,.T.);
#180 = ORIENTED_EDGE('',*,*,#181,.T.);
#181 = EDGE_CURVE('',#54,#182,#184,.T.);
#182 = VERTEX_POINT('',#183);
#183 = CARTESIAN_POINT('',(-4.950240003569,-10.375,-0.438268343237));
#184 = LINE('',#185,#186);
#185 = CARTESIAN_POINT('',(-5.08,-10.375,-0.125));
#186 = VECTOR('',#187,1.);
#187 = DIRECTION('',(0.382683432365,-2.1E-16,-0.923879532511));
#188 = ORIENTED_EDGE('',*,*,#189,.F.);
#189 = EDGE_CURVE('',#190,#182,#192,.T.);
#190 = VERTEX_POINT('',#191);
#191 = CARTESIAN_POINT('',(-4.950240003569,10.375,-0.438268343237));
#192 = LINE('',#193,#194);
#193 = CARTESIAN_POINT('',(-4.950240003569,10.475,-0.438268343237));
#194 = VECTOR('',#195,1.);
#195 = DIRECTION('',(0.,-1.,2.2E-16));
#196 = ORIENTED_EDGE('',*,*,#197,.F.);
#197 = EDGE_CURVE('',#62,#190,#198,.T.);
#198 = LINE('',#199,#200);
#199 = CARTESIAN_POINT('',(-5.08,10.375,-0.125));
#200 = VECTOR('',#201,1.);
#201 = DIRECTION('',(0.382683432365,-2.1E-16,-0.923879532511));
#202 = PLANE('',#203);
#203 = AXIS2_PLACEMENT_3D('',#204,#205,#206);
#204 = CARTESIAN_POINT('',(-5.08,10.475,-0.125));
#205 = DIRECTION('',(0.923879532511,8.E-17,0.382683432365));
#206 = DIRECTION('',(0.382683432365,-2.1E-16,-0.923879532511));
#207 = ADVANCED_FACE('',(#208),#227,.T.);
#208 = FACE_BOUND('',#209,.T.);
#209 = EDGE_LOOP('',(#210,#219,#225,#226));
#210 = ORIENTED_EDGE('',*,*,#211,.F.);
#211 = EDGE_CURVE('',#212,#85,#214,.T.);
#212 = VERTEX_POINT('',#213);
#213 = CARTESIAN_POINT('',(-4.857852050318,10.475,0.4));
#214 = CIRCLE('',#215,0.1);
#215 = AXIS2_PLACEMENT_3D('',#216,#217,#218);
#216 = CARTESIAN_POINT('',(-4.857852050318,10.375,0.4));
#217 = DIRECTION('',(0.382683432365,0.,0.923879532511));
#218 = DIRECTION('',(-0.923879532511,0.,0.382683432365));
#219 = ORIENTED_EDGE('',*,*,#220,.T.);
#220 = EDGE_CURVE('',#212,#115,#221,.T.);
#221 = LINE('',#222,#223);
#222 = CARTESIAN_POINT('',(-4.832281960859,10.475,0.461731656763));
#223 = VECTOR('',#224,1.);
#224 = DIRECTION('',(-0.382683432365,-2.1E-16,-0.923879532511));
#225 = ORIENTED_EDGE('',*,*,#114,.F.);
#226 = ORIENTED_EDGE('',*,*,#84,.F.);
#227 = CYLINDRICAL_SURFACE('',#228,0.1);
#228 = AXIS2_PLACEMENT_3D('',#229,#230,#231);
#229 = CARTESIAN_POINT('',(-4.832281960859,10.375,0.461731656763));
#230 = DIRECTION('',(-0.382683432365,-2.1E-16,-0.923879532511));
#231 = DIRECTION('',(-0.923879532511,8.E-17,0.382683432365));
#232 = ADVANCED_FACE('',(#233),#252,.T.);
#233 = FACE_BOUND('',#234,.F.);
#234 = EDGE_LOOP('',(#235,#244,#250,#251));
#235 = ORIENTED_EDGE('',*,*,#236,.F.);
#236 = EDGE_CURVE('',#237,#93,#239,.T.);
#237 = VERTEX_POINT('',#238);
#238 = CARTESIAN_POINT('',(-4.857852050318,-10.475,0.4));
#239 = CIRCLE('',#240,0.1);
#240 = AXIS2_PLACEMENT_3D('',#241,#242,#243);
#241 = CARTESIAN_POINT('',(-4.857852050318,-10.375,0.4));
#242 = DIRECTION('',(-0.382683432365,0.,-0.923879532511));
#243 = DIRECTION('',(-0.923879532511,0.,0.382683432365));
#244 = ORIENTED_EDGE('',*,*,#245,.T.);
#245 = EDGE_CURVE('',#237,#148,#246,.T.);
#246 = LINE('',#247,#248);
#247 = CARTESIAN_POINT('',(-4.832281960859,-10.475,0.461731656764));
#248 = VECTOR('',#249,1.);
#249 = DIRECTION('',(-0.382683432365,-2.1E-16,-0.923879532511));
#250 = ORIENTED_EDGE('',*,*,#147,.F.);
#251 = ORIENTED_EDGE('',*,*,#100,.F.);
#252 = CYLINDRICAL_SURFACE('',#253,0.1);
#253 = AXIS2_PLACEMENT_3D('',#254,#255,#256);
#254 = CARTESIAN_POINT('',(-4.832281960859,-10.375,0.461731656764));
#255 = DIRECTION('',(-0.382683432365,-2.1E-16,-0.923879532511));
#256 = DIRECTION('',(-0.923879532511,8.E-17,0.382683432365));
#257 = ADVANCED_FACE('',(#258),#285,.T.);
#258 = FACE_BOUND('',#259,.F.);
#259 = EDGE_LOOP('',(#260,#261,#270,#278));
#260 = ORIENTED_EDGE('',*,*,#92,.F.);
#261 = ORIENTED_EDGE('',*,*,#262,.F.);
#262 = EDGE_CURVE('',#263,#85,#265,.T.);
#263 = VERTEX_POINT('',#264);
#264 = CARTESIAN_POINT('',(-4.857852050318,10.375,0.5));
#265 = CIRCLE('',#266,0.1);
#266 = AXIS2_PLACEMENT_3D('',#267,#268,#269);
#267 = CARTESIAN_POINT('',(-4.857852050318,10.375,0.4));
#268 = DIRECTION('',(0.,-1.,0.));
#269 = DIRECTION('',(0.,0.,1.));
#270 = ORIENTED_EDGE('',*,*,#271,.T.);
#271 = EDGE_CURVE('',#263,#272,#274,.T.);
#272 = VERTEX_POINT('',#273);
#273 = CARTESIAN_POINT('',(-4.857852050318,-10.375,0.5));
#274 = LINE('',#275,#276);
#275 = CARTESIAN_POINT('',(-4.857852050318,10.475,0.5));
#276 = VECTOR('',#277,1.);
#277 = DIRECTION('',(0.,-1.,2.2E-16));
#278 = ORIENTED_EDGE('',*,*,#279,.F.);
#279 = EDGE_CURVE('',#93,#272,#280,.T.);
#280 = CIRCLE('',#281,0.1);
#281 = AXIS2_PLACEMENT_3D('',#282,#283,#284);
#282 = CARTESIAN_POINT('',(-4.857852050318,-10.375,0.4));
#283 = DIRECTION('',(0.,1.,-0.));
#284 = DIRECTION('',(-0.923879532511,0.,0.382683432365));
#285 = CYLINDRICAL_SURFACE('',#286,0.1);
#286 = AXIS2_PLACEMENT_3D('',#287,#288,#289);
#287 = CARTESIAN_POINT('',(-4.857852050318,10.475,0.4));
#288 = DIRECTION('',(0.,-1.,2.2E-16));
#289 = DIRECTION('',(-0.923879532511,8.41903551203E-17,0.382683432365));
#290 = ADVANCED_FACE('',(#291),#341,.T.);
#291 = FACE_BOUND('',#292,.T.);
#292 = EDGE_LOOP('',(#293,#303,#311,#317,#318,#319,#327,#335));
#293 = ORIENTED_EDGE('',*,*,#294,.F.);
#294 = EDGE_CURVE('',#295,#297,#299,.T.);
#295 = VERTEX_POINT('',#296);
#296 = CARTESIAN_POINT('',(4.857852050316,10.475,-0.4));
#297 = VERTEX_POINT('',#298);
#298 = CARTESIAN_POINT('',(4.98,10.475,-0.105108763234));
#299 = LINE('',#300,#301);
#300 = CARTESIAN_POINT('',(4.832281960858,10.475,-0.461731656766));
#301 = VECTOR('',#302,1.);
#302 = DIRECTION('',(0.38268343234,2.1E-16,0.923879532522));
#303 = ORIENTED_EDGE('',*,*,#304,.F.);
#304 = EDGE_CURVE('',#305,#295,#307,.T.);
#305 = VERTEX_POINT('',#306);
#306 = CARTESIAN_POINT('',(-4.857852050318,10.475,-0.4));
#307 = LINE('',#308,#309);
#308 = CARTESIAN_POINT('',(-4.92466991411,10.475,-0.4));
#309 = VECTOR('',#310,1.);
#310 = DIRECTION('',(1.,0.,0.));
#311 = ORIENTED_EDGE('',*,*,#312,.F.);
#312 = EDGE_CURVE('',#124,#305,#313,.T.);
#313 = LINE('',#314,#315);
#314 = CARTESIAN_POINT('',(-4.987612046749,10.475,-8.67316567635E-02));
#315 = VECTOR('',#316,1.);
#316 = DIRECTION('',(0.382683432365,-2.1E-16,-0.923879532511));
#317 = ORIENTED_EDGE('',*,*,#123,.F.);
#318 = ORIENTED_EDGE('',*,*,#220,.F.);
#319 = ORIENTED_EDGE('',*,*,#320,.F.);
#320 = EDGE_CURVE('',#321,#212,#323,.T.);
#321 = VERTEX_POINT('',#322);
#322 = CARTESIAN_POINT('',(4.857852050318,10.475,0.4));
#323 = LINE('',#324,#325);
#324 = CARTESIAN_POINT('',(4.92466991411,10.475,0.4));
#325 = VECTOR('',#326,1.);
#326 = DIRECTION('',(-1.,-0.,0.));
#327 = ORIENTED_EDGE('',*,*,#328,.F.);
#328 = EDGE_CURVE('',#329,#321,#331,.T.);
#329 = VERTEX_POINT('',#330);
#330 = CARTESIAN_POINT('',(4.98,10.475,0.105108763262));
#331 = LINE('',#332,#333);
#332 = CARTESIAN_POINT('',(4.987612046749,10.475,8.67316567635E-02));
#333 = VECTOR('',#334,1.);
#334 = DIRECTION('',(-0.382683432365,2.1E-16,0.923879532511));
#335 = ORIENTED_EDGE('',*,*,#336,.F.);
#336 = EDGE_CURVE('',#297,#329,#337,.T.);
#337 = LINE('',#338,#339);
#338 = CARTESIAN_POINT('',(4.98,10.475,-0.124999999971));
#339 = VECTOR('',#340,1.);
#340 = DIRECTION('',(0.,2.2E-16,1.));
#341 = PLANE('',#342);
#342 = AXIS2_PLACEMENT_3D('',#343,#344,#345);
#343 = CARTESIAN_POINT('',(-6.0996E-13,10.475,5.151434834261E-14));
#344 = DIRECTION('',(0.,1.,2.2E-16));
#345 = DIRECTION('',(0.,-2.2E-16,1.));
#346 = ADVANCED_FACE('',(#347),#359,.T.);
#347 = FACE_BOUND('',#348,.T.);
#348 = EDGE_LOOP('',(#349,#350,#351,#358));
#349 = ORIENTED_EDGE('',*,*,#131,.T.);
#350 = ORIENTED_EDGE('',*,*,#312,.T.);
#351 = ORIENTED_EDGE('',*,*,#352,.T.);
#352 = EDGE_CURVE('',#305,#190,#353,.T.);
#353 = CIRCLE('',#354,0.1);
#354 = AXIS2_PLACEMENT_3D('',#355,#356,#357);
#355 = CARTESIAN_POINT('',(-4.857852050318,10.375,-0.4));
#356 = DIRECTION('',(-0.382683432365,0.,0.923879532511));
#357 = DIRECTION('',(-0.923879532511,0.,-0.382683432365));
#358 = ORIENTED_EDGE('',*,*,#197,.F.);
#359 = CYLINDRICAL_SURFACE('',#360,0.1);
#360 = AXIS2_PLACEMENT_3D('',#361,#362,#363);
#361 = CARTESIAN_POINT('',(-4.987612046749,10.375,-8.67316567635E-02));
#362 = DIRECTION('',(0.382683432365,-2.1E-16,-0.923879532511));
#363 = DIRECTION('',(-0.923879532511,-8.E-17,-0.382683432365));
#364 = ADVANCED_FACE('',(#365),#415,.F.);
#365 = FACE_BOUND('',#366,.F.);
#366 = EDGE_LOOP('',(#367,#368,#376,#384,#392,#400,#408,#414));
#367 = ORIENTED_EDGE('',*,*,#245,.F.);
#368 = ORIENTED_EDGE('',*,*,#369,.F.);
#369 = EDGE_CURVE('',#370,#237,#372,.T.);
#370 = VERTEX_POINT('',#371);
#371 = CARTESIAN_POINT('',(4.857852050318,-10.475,0.4));
#372 = LINE('',#373,#374);
#373 = CARTESIAN_POINT('',(4.92466991411,-10.475,0.4));
#374 = VECTOR('',#375,1.);
#375 = DIRECTION('',(-1.,-0.,0.));
#376 = ORIENTED_EDGE('',*,*,#377,.F.);
#377 = EDGE_CURVE('',#378,#370,#380,.T.);
#378 = VERTEX_POINT('',#379);
#379 = CARTESIAN_POINT('',(4.98,-10.475,0.105108763262));
#380 = LINE('',#381,#382);
#381 = CARTESIAN_POINT('',(4.987612046749,-10.475,8.67316567635E-02));
#382 = VECTOR('',#383,1.);
#383 = DIRECTION('',(-0.382683432365,2.1E-16,0.923879532511));
#384 = ORIENTED_EDGE('',*,*,#385,.F.);
#385 = EDGE_CURVE('',#386,#378,#388,.T.);
#386 = VERTEX_POINT('',#387);
#387 = CARTESIAN_POINT('',(4.98,-10.475,-0.105108763234));
#388 = LINE('',#389,#390);
#389 = CARTESIAN_POINT('',(4.98,-10.475,-0.124999999971));
#390 = VECTOR('',#391,1.);
#391 = DIRECTION('',(0.,2.2E-16,1.));
#392 = ORIENTED_EDGE('',*,*,#393,.F.);
#393 = EDGE_CURVE('',#394,#386,#396,.T.);
#394 = VERTEX_POINT('',#395);
#395 = CARTESIAN_POINT('',(4.857852050316,-10.475,-0.4));
#396 = LINE('',#397,#398);
#397 = CARTESIAN_POINT('',(4.832281960858,-10.475,-0.461731656766));
#398 = VECTOR('',#399,1.);
#399 = DIRECTION('',(0.38268343234,2.1E-16,0.923879532522));
#400 = ORIENTED_EDGE('',*,*,#401,.F.);
#401 = EDGE_CURVE('',#402,#394,#404,.T.);
#402 = VERTEX_POINT('',#403);
#403 = CARTESIAN_POINT('',(-4.857852050318,-10.475,-0.4));
#404 = LINE('',#405,#406);
#405 = CARTESIAN_POINT('',(-4.92466991411,-10.475,-0.4));
#406 = VECTOR('',#407,1.);
#407 = DIRECTION('',(1.,0.,0.));
#408 = ORIENTED_EDGE('',*,*,#409,.F.);
#409 = EDGE_CURVE('',#157,#402,#410,.T.);
#410 = LINE('',#411,#412);
#411 = CARTESIAN_POINT('',(-4.987612046749,-10.475,-8.67316567635E-02));
#412 = VECTOR('',#413,1.);
#413 = DIRECTION('',(0.382683432365,-2.1E-16,-0.923879532511));
#414 = ORIENTED_EDGE('',*,*,#156,.F.);
#415 = PLANE('',#416);
#416 = AXIS2_PLACEMENT_3D('',#417,#418,#419);
#417 = CARTESIAN_POINT('',(-6.0996E-13,-10.475,5.151434834261E-14));
#418 = DIRECTION('',(0.,1.,2.2E-16));
#419 = DIRECTION('',(0.,-2.2E-16,1.));
#420 = ADVANCED_FACE('',(#421),#433,.T.);
#421 = FACE_BOUND('',#422,.F.);
#422 = EDGE_LOOP('',(#423,#424,#425,#432));
#423 = ORIENTED_EDGE('',*,*,#164,.T.);
#424 = ORIENTED_EDGE('',*,*,#409,.T.);
#425 = ORIENTED_EDGE('',*,*,#426,.T.);
#426 = EDGE_CURVE('',#402,#182,#427,.T.);
#427 = CIRCLE('',#428,0.1);
#428 = AXIS2_PLACEMENT_3D('',#429,#430,#431);
#429 = CARTESIAN_POINT('',(-4.857852050318,-10.375,-0.4));
#430 = DIRECTION('',(0.382683432365,-0.,-0.923879532511));
#431 = DIRECTION('',(-0.923879532511,-0.,-0.382683432365));
#432 = ORIENTED_EDGE('',*,*,#181,.F.);
#433 = CYLINDRICAL_SURFACE('',#434,0.1);
#434 = AXIS2_PLACEMENT_3D('',#435,#436,#437);
#435 = CARTESIAN_POINT('',(-4.987612046749,-10.375,-8.67316567635E-02));
#436 = DIRECTION('',(0.382683432365,-2.1E-16,-0.923879532511));
#437 = DIRECTION('',(-0.923879532511,-8.E-17,-0.382683432365));
#438 = ADVANCED_FACE('',(#439),#466,.T.);
#439 = FACE_BOUND('',#440,.T.);
#440 = EDGE_LOOP('',(#441,#442,#451,#459));
#441 = ORIENTED_EDGE('',*,*,#189,.F.);
#442 = ORIENTED_EDGE('',*,*,#443,.F.);
#443 = EDGE_CURVE('',#444,#190,#446,.T.);
#444 = VERTEX_POINT('',#445);
#445 = CARTESIAN_POINT('',(-4.857852050318,10.375,-0.5));
#446 = CIRCLE('',#447,0.1);
#447 = AXIS2_PLACEMENT_3D('',#448,#449,#450);
#448 = CARTESIAN_POINT('',(-4.857852050318,10.375,-0.4));
#449 = DIRECTION('',(0.,1.,0.));
#450 = DIRECTION('',(0.,-0.,-1.));
#451 = ORIENTED_EDGE('',*,*,#452,.T.);
#452 = EDGE_CURVE('',#444,#453,#455,.T.);
#453 = VERTEX_POINT('',#454);
#454 = CARTESIAN_POINT('',(-4.857852050318,-10.375,-0.5));
#455 = LINE('',#456,#457);
#456 = CARTESIAN_POINT('',(-4.857852050318,10.475,-0.5));
#457 = VECTOR('',#458,1.);
#458 = DIRECTION('',(0.,-1.,2.2E-16));
#459 = ORIENTED_EDGE('',*,*,#460,.F.);
#460 = EDGE_CURVE('',#182,#453,#461,.T.);
#461 = CIRCLE('',#462,0.1);
#462 = AXIS2_PLACEMENT_3D('',#463,#464,#465);
#463 = CARTESIAN_POINT('',(-4.857852050318,-10.375,-0.4));
#464 = DIRECTION('',(0.,-1.,0.));
#465 = DIRECTION('',(-0.923879532511,-0.,-0.382683432365));
#466 = CYLINDRICAL_SURFACE('',#467,0.1);
#467 = AXIS2_PLACEMENT_3D('',#468,#469,#470);
#468 = CARTESIAN_POINT('',(-4.857852050318,10.475,-0.4));
#469 = DIRECTION('',(0.,-1.,2.2E-16));
#470 = DIRECTION('',(-0.923879532511,-8.41903551203E-17,-0.382683432365)
  );
#471 = ADVANCED_FACE('',(#472),#483,.T.);
#472 = FACE_BOUND('',#473,.T.);
#473 = EDGE_LOOP('',(#474,#481,#482));
#474 = ORIENTED_EDGE('',*,*,#475,.F.);
#475 = EDGE_CURVE('',#212,#263,#476,.T.);
#476 = CIRCLE('',#477,0.1);
#477 = AXIS2_PLACEMENT_3D('',#478,#479,#480);
#478 = CARTESIAN_POINT('',(-4.857852050318,10.375,0.4));
#479 = DIRECTION('',(1.,0.,-0.));
#480 = DIRECTION('',(0.,0.,1.));
#481 = ORIENTED_EDGE('',*,*,#211,.T.);
#482 = ORIENTED_EDGE('',*,*,#262,.F.);
#483 = SPHERICAL_SURFACE('',#484,0.1);
#484 = AXIS2_PLACEMENT_3D('',#485,#486,#487);
#485 = CARTESIAN_POINT('',(-4.857852050318,10.375,0.4));
#486 = DIRECTION('',(0.,-1.,0.));
#487 = DIRECTION('',(0.,0.,1.));
#488 = ADVANCED_FACE('',(#489),#500,.T.);
#489 = FACE_BOUND('',#490,.T.);
#490 = EDGE_LOOP('',(#491,#492,#499));
#491 = ORIENTED_EDGE('',*,*,#236,.F.);
#492 = ORIENTED_EDGE('',*,*,#493,.T.);
#493 = EDGE_CURVE('',#237,#272,#494,.T.);
#494 = CIRCLE('',#495,0.1);
#495 = AXIS2_PLACEMENT_3D('',#496,#497,#498);
#496 = CARTESIAN_POINT('',(-4.857852050318,-10.375,0.4));
#497 = DIRECTION('',(-1.,0.,3.875E-14));
#498 = DIRECTION('',(3.875E-14,0.,1.));
#499 = ORIENTED_EDGE('',*,*,#279,.F.);
#500 = SPHERICAL_SURFACE('',#501,0.1);
#501 = AXIS2_PLACEMENT_3D('',#502,#503,#504);
#502 = CARTESIAN_POINT('',(-4.857852050318,-10.375,0.4));
#503 = DIRECTION('',(0.,1.,-0.));
#504 = DIRECTION('',(-0.923879532511,0.,0.382683432365));
#505 = ADVANCED_FACE('',(#506,#531),#542,.F.);
#506 = FACE_BOUND('',#507,.F.);
#507 = EDGE_LOOP('',(#508,#518,#524,#525));
#508 = ORIENTED_EDGE('',*,*,#509,.T.);
#509 = EDGE_CURVE('',#510,#512,#514,.T.);
#510 = VERTEX_POINT('',#511);
#511 = CARTESIAN_POINT('',(4.857852050318,10.375,0.5));
#512 = VERTEX_POINT('',#513);
#513 = CARTESIAN_POINT('',(4.857852050318,-10.375,0.5));
#514 = LINE('',#515,#516);
#515 = CARTESIAN_POINT('',(4.857852050318,10.475,0.5));
#516 = VECTOR('',#517,1.);
#517 = DIRECTION('',(0.,-1.,2.2E-16));
#518 = ORIENTED_EDGE('',*,*,#519,.T.);
#519 = EDGE_CURVE('',#512,#272,#520,.T.);
#520 = LINE('',#521,#522);
#521 = CARTESIAN_POINT('',(4.92466991411,-10.375,0.5));
#522 = VECTOR('',#523,1.);
#523 = DIRECTION('',(-1.,-0.,0.));
#524 = ORIENTED_EDGE('',*,*,#271,.F.);
#525 = ORIENTED_EDGE('',*,*,#526,.F.);
#526 = EDGE_CURVE('',#510,#263,#527,.T.);
#527 = LINE('',#528,#529);
#528 = CARTESIAN_POINT('',(4.92466991411,10.375,0.5));
#529 = VECTOR('',#530,1.);
#530 = DIRECTION('',(-1.,-0.,0.));
#531 = FACE_BOUND('',#532,.F.);
#532 = EDGE_LOOP('',(#533));
#533 = ORIENTED_EDGE('',*,*,#534,.T.);
#534 = EDGE_CURVE('',#535,#535,#537,.T.);
#535 = VERTEX_POINT('',#536);
#536 = CARTESIAN_POINT('',(3.4,-9.2,0.5));
#537 = CIRCLE('',#538,0.5);
#538 = AXIS2_PLACEMENT_3D('',#539,#540,#541);
#539 = CARTESIAN_POINT('',(3.9,-9.2,0.5));
#540 = DIRECTION('',(0.,-2.2E-16,1.));
#541 = DIRECTION('',(-1.,0.,0.));
#542 = PLANE('',#543);
#543 = AXIS2_PLACEMENT_3D('',#544,#545,#546);
#544 = CARTESIAN_POINT('',(4.92466991411,10.475,0.5));
#545 = DIRECTION('',(0.,-2.2E-16,-1.));
#546 = DIRECTION('',(-1.,0.,0.));
#547 = ADVANCED_FACE('',(#548),#575,.T.);
#548 = FACE_BOUND('',#549,.F.);
#549 = EDGE_LOOP('',(#550,#559,#567,#574));
#550 = ORIENTED_EDGE('',*,*,#551,.T.);
#551 = EDGE_CURVE('',#295,#552,#554,.T.);
#552 = VERTEX_POINT('',#553);
#553 = CARTESIAN_POINT('',(4.950240003568,10.375,-0.438268343234));
#554 = CIRCLE('',#555,0.1);
#555 = AXIS2_PLACEMENT_3D('',#556,#557,#558);
#556 = CARTESIAN_POINT('',(4.857852050316,10.375,-0.4));
#557 = DIRECTION('',(-0.38268343234,-0.,-0.923879532522));
#558 = DIRECTION('',(0.923879532522,-0.,-0.38268343234));
#559 = ORIENTED_EDGE('',*,*,#560,.T.);
#560 = EDGE_CURVE('',#552,#561,#563,.T.);
#561 = VERTEX_POINT('',#562);
#562 = CARTESIAN_POINT('',(5.08,10.375,-0.124999999971));
#563 = LINE('',#564,#565);
#564 = CARTESIAN_POINT('',(4.92466991411,10.375,-0.5));
#565 = VECTOR('',#566,1.);
#566 = DIRECTION('',(0.38268343234,2.1E-16,0.923879532522));
#567 = ORIENTED_EDGE('',*,*,#568,.F.);
#568 = EDGE_CURVE('',#297,#561,#569,.T.);
#569 = ELLIPSE('',#570,0.101959115821,0.1);
#570 = AXIS2_PLACEMENT_3D('',#571,#572,#573);
#571 = CARTESIAN_POINT('',(4.98,10.375,-0.105108763234));
#572 = DIRECTION('',(-0.195090322003,-2.2E-16,-0.980785280406));
#573 = DIRECTION('',(0.980785280406,-4.E-17,-0.195090322003));
#574 = ORIENTED_EDGE('',*,*,#294,.F.);
#575 = CYLINDRICAL_SURFACE('',#576,0.1);
#576 = AXIS2_PLACEMENT_3D('',#577,#578,#579);
#577 = CARTESIAN_POINT('',(4.832281960858,10.375,-0.461731656766));
#578 = DIRECTION('',(0.38268343234,2.1E-16,0.923879532522));
#579 = DIRECTION('',(-8.147264783132E-17,1.,-1.935552863673E-16));
#580 = ADVANCED_FACE('',(#581),#606,.T.);
#581 = FACE_BOUND('',#582,.F.);
#582 = EDGE_LOOP('',(#583,#590,#598,#605));
#583 = ORIENTED_EDGE('',*,*,#584,.T.);
#584 = EDGE_CURVE('',#305,#444,#585,.T.);
#585 = CIRCLE('',#586,0.1);
#586 = AXIS2_PLACEMENT_3D('',#587,#588,#589);
#587 = CARTESIAN_POINT('',(-4.857852050318,10.375,-0.4));
#588 = DIRECTION('',(-1.,-0.,0.));
#589 = DIRECTION('',(0.,-0.,-1.));
#590 = ORIENTED_EDGE('',*,*,#591,.T.);
#591 = EDGE_CURVE('',#444,#592,#594,.T.);
#592 = VERTEX_POINT('',#593);
#593 = CARTESIAN_POINT('',(4.857852050316,10.375,-0.5));
#594 = LINE('',#595,#596);
#595 = CARTESIAN_POINT('',(-4.92466991411,10.375,-0.5));
#596 = VECTOR('',#597,1.);
#597 = DIRECTION('',(1.,0.,0.));
#598 = ORIENTED_EDGE('',*,*,#599,.F.);
#599 = EDGE_CURVE('',#295,#592,#600,.T.);
#600 = CIRCLE('',#601,0.1);
#601 = AXIS2_PLACEMENT_3D('',#602,#603,#604);
#602 = CARTESIAN_POINT('',(4.857852050316,10.375,-0.4));
#603 = DIRECTION('',(-1.,-0.,-1.5E-15));
#604 = DIRECTION('',(1.5E-15,-0.,-1.));
#605 = ORIENTED_EDGE('',*,*,#304,.F.);
#606 = CYLINDRICAL_SURFACE('',#607,0.1);
#607 = AXIS2_PLACEMENT_3D('',#608,#609,#610);
#608 = CARTESIAN_POINT('',(-4.92466991411,10.375,-0.4));
#609 = DIRECTION('',(1.,0.,0.));
#610 = DIRECTION('',(0.,1.,-0.));
#611 = ADVANCED_FACE('',(#612),#631,.T.);
#612 = FACE_BOUND('',#613,.F.);
#613 = EDGE_LOOP('',(#614,#615,#623,#630));
#614 = ORIENTED_EDGE('',*,*,#568,.T.);
#615 = ORIENTED_EDGE('',*,*,#616,.T.);
#616 = EDGE_CURVE('',#561,#617,#619,.T.);
#617 = VERTEX_POINT('',#618);
#618 = CARTESIAN_POINT('',(5.08,10.375,0.125));
#619 = LINE('',#620,#621);
#620 = CARTESIAN_POINT('',(5.08,10.375,-0.124999999971));
#621 = VECTOR('',#622,1.);
#622 = DIRECTION('',(0.,2.2E-16,1.));
#623 = ORIENTED_EDGE('',*,*,#624,.F.);
#624 = EDGE_CURVE('',#329,#617,#625,.T.);
#625 = ELLIPSE('',#626,0.101959115821,0.1);
#626 = AXIS2_PLACEMENT_3D('',#627,#628,#629);
#627 = CARTESIAN_POINT('',(4.98,10.375,0.105108763262));
#628 = DIRECTION('',(0.195090322016,-2.2E-16,-0.980785280403));
#629 = DIRECTION('',(0.980785280403,4.E-17,0.195090322016));
#630 = ORIENTED_EDGE('',*,*,#336,.F.);
#631 = CYLINDRICAL_SURFACE('',#632,0.1);
#632 = AXIS2_PLACEMENT_3D('',#633,#634,#635);
#633 = CARTESIAN_POINT('',(4.98,10.375,-0.124999999971));
#634 = DIRECTION('',(0.,2.2E-16,1.));
#635 = DIRECTION('',(0.,1.,-2.2E-16));
#636 = ADVANCED_FACE('',(#637),#656,.T.);
#637 = FACE_BOUND('',#638,.F.);
#638 = EDGE_LOOP('',(#639,#640,#648,#655));
#639 = ORIENTED_EDGE('',*,*,#624,.T.);
#640 = ORIENTED_EDGE('',*,*,#641,.T.);
#641 = EDGE_CURVE('',#617,#642,#644,.T.);
#642 = VERTEX_POINT('',#643);
#643 = CARTESIAN_POINT('',(4.950240003569,10.375,0.438268343237));
#644 = LINE('',#645,#646);
#645 = CARTESIAN_POINT('',(5.08,10.375,0.125));
#646 = VECTOR('',#647,1.);
#647 = DIRECTION('',(-0.382683432365,2.1E-16,0.923879532511));
#648 = ORIENTED_EDGE('',*,*,#649,.F.);
#649 = EDGE_CURVE('',#321,#642,#650,.T.);
#650 = CIRCLE('',#651,0.1);
#651 = AXIS2_PLACEMENT_3D('',#652,#653,#654);
#652 = CARTESIAN_POINT('',(4.857852050318,10.375,0.4));
#653 = DIRECTION('',(0.382683432365,0.,-0.923879532511));
#654 = DIRECTION('',(0.923879532511,0.,0.382683432365));
#655 = ORIENTED_EDGE('',*,*,#328,.F.);
#656 = CYLINDRICAL_SURFACE('',#657,0.1);
#657 = AXIS2_PLACEMENT_3D('',#658,#659,#660);
#658 = CARTESIAN_POINT('',(4.987612046749,10.375,8.67316567635E-02));
#659 = DIRECTION('',(-0.382683432365,2.1E-16,0.923879532511));
#660 = DIRECTION('',(8.147264783141E-17,1.,-1.935552863672E-16));
#661 = ADVANCED_FACE('',(#662),#674,.T.);
#662 = FACE_BOUND('',#663,.F.);
#663 = EDGE_LOOP('',(#664,#671,#672,#673));
#664 = ORIENTED_EDGE('',*,*,#665,.T.);
#665 = EDGE_CURVE('',#321,#510,#666,.T.);
#666 = CIRCLE('',#667,0.1);
#667 = AXIS2_PLACEMENT_3D('',#668,#669,#670);
#668 = CARTESIAN_POINT('',(4.857852050318,10.375,0.4));
#669 = DIRECTION('',(1.,0.,-2.5E-15));
#670 = DIRECTION('',(2.5E-15,0.,1.));
#671 = ORIENTED_EDGE('',*,*,#526,.T.);
#672 = ORIENTED_EDGE('',*,*,#475,.F.);
#673 = ORIENTED_EDGE('',*,*,#320,.F.);
#674 = CYLINDRICAL_SURFACE('',#675,0.1);
#675 = AXIS2_PLACEMENT_3D('',#676,#677,#678);
#676 = CARTESIAN_POINT('',(4.92466991411,10.375,0.4));
#677 = DIRECTION('',(-1.,-0.,0.));
#678 = DIRECTION('',(-0.,1.,0.));
#679 = ADVANCED_FACE('',(#680),#685,.T.);
#680 = FACE_BOUND('',#681,.F.);
#681 = EDGE_LOOP('',(#682,#683,#684));
#682 = ORIENTED_EDGE('',*,*,#584,.F.);
#683 = ORIENTED_EDGE('',*,*,#352,.T.);
#684 = ORIENTED_EDGE('',*,*,#443,.F.);
#685 = SPHERICAL_SURFACE('',#686,0.1);
#686 = AXIS2_PLACEMENT_3D('',#687,#688,#689);
#687 = CARTESIAN_POINT('',(-4.857852050318,10.375,-0.4));
#688 = DIRECTION('',(0.,-1.,0.));
#689 = DIRECTION('',(0.,-0.,-1.));
#690 = ADVANCED_FACE('',(#691),#703,.T.);
#691 = FACE_BOUND('',#692,.T.);
#692 = EDGE_LOOP('',(#693,#700,#701,#702));
#693 = ORIENTED_EDGE('',*,*,#694,.T.);
#694 = EDGE_CURVE('',#370,#512,#695,.T.);
#695 = CIRCLE('',#696,0.1);
#696 = AXIS2_PLACEMENT_3D('',#697,#698,#699);
#697 = CARTESIAN_POINT('',(4.857852050318,-10.375,0.4));
#698 = DIRECTION('',(-1.,0.,0.));
#699 = DIRECTION('',(0.,0.,1.));
#700 = ORIENTED_EDGE('',*,*,#519,.T.);
#701 = ORIENTED_EDGE('',*,*,#493,.F.);
#702 = ORIENTED_EDGE('',*,*,#369,.F.);
#703 = CYLINDRICAL_SURFACE('',#704,0.1);
#704 = AXIS2_PLACEMENT_3D('',#705,#706,#707);
#705 = CARTESIAN_POINT('',(4.92466991411,-10.375,0.4));
#706 = DIRECTION('',(-1.,-0.,0.));
#707 = DIRECTION('',(0.,-1.,0.));
#708 = ADVANCED_FACE('',(#709),#736,.T.);
#709 = FACE_BOUND('',#710,.T.);
#710 = EDGE_LOOP('',(#711,#720,#728,#735));
#711 = ORIENTED_EDGE('',*,*,#712,.T.);
#712 = EDGE_CURVE('',#378,#713,#715,.T.);
#713 = VERTEX_POINT('',#714);
#714 = CARTESIAN_POINT('',(5.08,-10.375,0.125));
#715 = ELLIPSE('',#716,0.101959115821,0.1);
#716 = AXIS2_PLACEMENT_3D('',#717,#718,#719);
#717 = CARTESIAN_POINT('',(4.98,-10.375,0.105108763262));
#718 = DIRECTION('',(-0.195090322016,2.2E-16,0.980785280403));
#719 = DIRECTION('',(-0.980785280403,-4.E-17,-0.195090322016));
#720 = ORIENTED_EDGE('',*,*,#721,.T.);
#721 = EDGE_CURVE('',#713,#722,#724,.T.);
#722 = VERTEX_POINT('',#723);
#723 = CARTESIAN_POINT('',(4.950240003569,-10.375,0.438268343237));
#724 = LINE('',#725,#726);
#725 = CARTESIAN_POINT('',(5.08,-10.375,0.125));
#726 = VECTOR('',#727,1.);
#727 = DIRECTION('',(-0.382683432365,2.1E-16,0.923879532511));
#728 = ORIENTED_EDGE('',*,*,#729,.F.);
#729 = EDGE_CURVE('',#370,#722,#730,.T.);
#730 = CIRCLE('',#731,0.1);
#731 = AXIS2_PLACEMENT_3D('',#732,#733,#734);
#732 = CARTESIAN_POINT('',(4.857852050318,-10.375,0.4));
#733 = DIRECTION('',(-0.382683432365,0.,0.923879532511));
#734 = DIRECTION('',(0.923879532511,0.,0.382683432365));
#735 = ORIENTED_EDGE('',*,*,#377,.F.);
#736 = CYLINDRICAL_SURFACE('',#737,0.1);
#737 = AXIS2_PLACEMENT_3D('',#738,#739,#740);
#738 = CARTESIAN_POINT('',(4.987612046749,-10.375,8.67316567635E-02));
#739 = DIRECTION('',(-0.382683432365,2.1E-16,0.923879532511));
#740 = DIRECTION('',(-8.147264783141E-17,-1.,1.935552863672E-16));
#741 = ADVANCED_FACE('',(#742),#761,.T.);
#742 = FACE_BOUND('',#743,.T.);
#743 = EDGE_LOOP('',(#744,#753,#759,#760));
#744 = ORIENTED_EDGE('',*,*,#745,.T.);
#745 = EDGE_CURVE('',#386,#746,#748,.T.);
#746 = VERTEX_POINT('',#747);
#747 = CARTESIAN_POINT('',(5.08,-10.375,-0.124999999971));
#748 = ELLIPSE('',#749,0.101959115821,0.1);
#749 = AXIS2_PLACEMENT_3D('',#750,#751,#752);
#750 = CARTESIAN_POINT('',(4.98,-10.375,-0.105108763234));
#751 = DIRECTION('',(0.195090322003,2.2E-16,0.980785280406));
#752 = DIRECTION('',(-0.980785280406,4.E-17,0.195090322003));
#753 = ORIENTED_EDGE('',*,*,#754,.T.);
#754 = EDGE_CURVE('',#746,#713,#755,.T.);
#755 = LINE('',#756,#757);
#756 = CARTESIAN_POINT('',(5.08,-10.375,-0.124999999971));
#757 = VECTOR('',#758,1.);
#758 = DIRECTION('',(0.,2.2E-16,1.));
#759 = ORIENTED_EDGE('',*,*,#712,.F.);
#760 = ORIENTED_EDGE('',*,*,#385,.F.);
#761 = CYLINDRICAL_SURFACE('',#762,0.1);
#762 = AXIS2_PLACEMENT_3D('',#763,#764,#765);
#763 = CARTESIAN_POINT('',(4.98,-10.375,-0.124999999971));
#764 = DIRECTION('',(0.,2.2E-16,1.));
#765 = DIRECTION('',(0.,-1.,2.2E-16));
#766 = ADVANCED_FACE('',(#767),#792,.T.);
#767 = FACE_BOUND('',#768,.T.);
#768 = EDGE_LOOP('',(#769,#776,#784,#791));
#769 = ORIENTED_EDGE('',*,*,#770,.T.);
#770 = EDGE_CURVE('',#402,#453,#771,.T.);
#771 = CIRCLE('',#772,0.1);
#772 = AXIS2_PLACEMENT_3D('',#773,#774,#775);
#773 = CARTESIAN_POINT('',(-4.857852050318,-10.375,-0.4));
#774 = DIRECTION('',(1.,-0.,-4.491E-14));
#775 = DIRECTION('',(-4.491E-14,-0.,-1.));
#776 = ORIENTED_EDGE('',*,*,#777,.T.);
#777 = EDGE_CURVE('',#453,#778,#780,.T.);
#778 = VERTEX_POINT('',#779);
#779 = CARTESIAN_POINT('',(4.857852050316,-10.375,-0.5));
#780 = LINE('',#781,#782);
#781 = CARTESIAN_POINT('',(-4.92466991411,-10.375,-0.5));
#782 = VECTOR('',#783,1.);
#783 = DIRECTION('',(1.,0.,0.));
#784 = ORIENTED_EDGE('',*,*,#785,.F.);
#785 = EDGE_CURVE('',#394,#778,#786,.T.);
#786 = CIRCLE('',#787,0.1);
#787 = AXIS2_PLACEMENT_3D('',#788,#789,#790);
#788 = CARTESIAN_POINT('',(4.857852050316,-10.375,-0.4));
#789 = DIRECTION('',(1.,0.,0.));
#790 = DIRECTION('',(0.,0.,-1.));
#791 = ORIENTED_EDGE('',*,*,#401,.F.);
#792 = CYLINDRICAL_SURFACE('',#793,0.1);
#793 = AXIS2_PLACEMENT_3D('',#794,#795,#796);
#794 = CARTESIAN_POINT('',(-4.92466991411,-10.375,-0.4));
#795 = DIRECTION('',(1.,0.,0.));
#796 = DIRECTION('',(0.,-1.,0.));
#797 = ADVANCED_FACE('',(#798),#817,.T.);
#798 = FACE_BOUND('',#799,.T.);
#799 = EDGE_LOOP('',(#800,#809,#815,#816));
#800 = ORIENTED_EDGE('',*,*,#801,.T.);
#801 = EDGE_CURVE('',#394,#802,#804,.T.);
#802 = VERTEX_POINT('',#803);
#803 = CARTESIAN_POINT('',(4.950240003568,-10.375,-0.438268343234));
#804 = CIRCLE('',#805,0.1);
#805 = AXIS2_PLACEMENT_3D('',#806,#807,#808);
#806 = CARTESIAN_POINT('',(4.857852050316,-10.375,-0.4));
#807 = DIRECTION('',(0.38268343234,0.,0.923879532522));
#808 = DIRECTION('',(0.923879532522,0.,-0.38268343234));
#809 = ORIENTED_EDGE('',*,*,#810,.T.);
#810 = EDGE_CURVE('',#802,#746,#811,.T.);
#811 = LINE('',#812,#813);
#812 = CARTESIAN_POINT('',(4.92466991411,-10.375,-0.5));
#813 = VECTOR('',#814,1.);
#814 = DIRECTION('',(0.38268343234,2.1E-16,0.923879532522));
#815 = ORIENTED_EDGE('',*,*,#745,.F.);
#816 = ORIENTED_EDGE('',*,*,#393,.F.);
#817 = CYLINDRICAL_SURFACE('',#818,0.1);
#818 = AXIS2_PLACEMENT_3D('',#819,#820,#821);
#819 = CARTESIAN_POINT('',(4.832281960858,-10.375,-0.461731656766));
#820 = DIRECTION('',(0.38268343234,2.1E-16,0.923879532522));
#821 = DIRECTION('',(8.147264783132E-17,-1.,1.935552863673E-16));
#822 = ADVANCED_FACE('',(#823),#828,.T.);
#823 = FACE_BOUND('',#824,.F.);
#824 = EDGE_LOOP('',(#825,#826,#827));
#825 = ORIENTED_EDGE('',*,*,#426,.F.);
#826 = ORIENTED_EDGE('',*,*,#770,.T.);
#827 = ORIENTED_EDGE('',*,*,#460,.F.);
#828 = SPHERICAL_SURFACE('',#829,0.1);
#829 = AXIS2_PLACEMENT_3D('',#830,#831,#832);
#830 = CARTESIAN_POINT('',(-4.857852050318,-10.375,-0.4));
#831 = DIRECTION('',(0.,1.,-0.));
#832 = DIRECTION('',(-0.923879532511,0.,-0.382683432365));
#833 = ADVANCED_FACE('',(#834),#845,.F.);
#834 = FACE_BOUND('',#835,.F.);
#835 = EDGE_LOOP('',(#836,#842,#843,#844));
#836 = ORIENTED_EDGE('',*,*,#837,.F.);
#837 = EDGE_CURVE('',#592,#778,#838,.T.);
#838 = LINE('',#839,#840);
#839 = CARTESIAN_POINT('',(4.857852050316,10.475,-0.5));
#840 = VECTOR('',#841,1.);
#841 = DIRECTION('',(0.,-1.,2.2E-16));
#842 = ORIENTED_EDGE('',*,*,#591,.F.);
#843 = ORIENTED_EDGE('',*,*,#452,.T.);
#844 = ORIENTED_EDGE('',*,*,#777,.T.);
#845 = PLANE('',#846);
#846 = AXIS2_PLACEMENT_3D('',#847,#848,#849);
#847 = CARTESIAN_POINT('',(-4.92466991411,10.475,-0.5));
#848 = DIRECTION('',(0.,2.2E-16,1.));
#849 = DIRECTION('',(1.,0.,0.));
#850 = ADVANCED_FACE('',(#851),#874,.T.);
#851 = FACE_BOUND('',#852,.F.);
#852 = EDGE_LOOP('',(#853,#854,#861,#867));
#853 = ORIENTED_EDGE('',*,*,#509,.F.);
#854 = ORIENTED_EDGE('',*,*,#855,.F.);
#855 = EDGE_CURVE('',#642,#510,#856,.T.);
#856 = CIRCLE('',#857,0.1);
#857 = AXIS2_PLACEMENT_3D('',#858,#859,#860);
#858 = CARTESIAN_POINT('',(4.857852050318,10.375,0.4));
#859 = DIRECTION('',(0.,-1.,0.));
#860 = DIRECTION('',(0.923879532511,0.,0.382683432365));
#861 = ORIENTED_EDGE('',*,*,#862,.T.);
#862 = EDGE_CURVE('',#642,#722,#863,.T.);
#863 = LINE('',#864,#865);
#864 = CARTESIAN_POINT('',(4.950240003569,10.475,0.438268343236));
#865 = VECTOR('',#866,1.);
#866 = DIRECTION('',(0.,-1.,2.2E-16));
#867 = ORIENTED_EDGE('',*,*,#868,.F.);
#868 = EDGE_CURVE('',#512,#722,#869,.T.);
#869 = CIRCLE('',#870,0.1);
#870 = AXIS2_PLACEMENT_3D('',#871,#872,#873);
#871 = CARTESIAN_POINT('',(4.857852050318,-10.375,0.4));
#872 = DIRECTION('',(0.,1.,-0.));
#873 = DIRECTION('',(0.,0.,1.));
#874 = CYLINDRICAL_SURFACE('',#875,0.1);
#875 = AXIS2_PLACEMENT_3D('',#876,#877,#878);
#876 = CARTESIAN_POINT('',(4.857852050318,10.475,0.4));
#877 = DIRECTION('',(0.,-1.,2.2E-16));
#878 = DIRECTION('',(0.,2.2E-16,1.));
#879 = ADVANCED_FACE('',(#880),#899,.F.);
#880 = FACE_BOUND('',#881,.F.);
#881 = EDGE_LOOP('',(#882,#890,#897,#898));
#882 = ORIENTED_EDGE('',*,*,#883,.T.);
#883 = EDGE_CURVE('',#535,#884,#886,.T.);
#884 = VERTEX_POINT('',#885);
#885 = CARTESIAN_POINT('',(3.4,-9.2,0.4));
#886 = LINE('',#887,#888);
#887 = CARTESIAN_POINT('',(3.4,-9.2,0.5));
#888 = VECTOR('',#889,1.);
#889 = DIRECTION('',(0.,0.,-1.));
#890 = ORIENTED_EDGE('',*,*,#891,.T.);
#891 = EDGE_CURVE('',#884,#884,#892,.T.);
#892 = CIRCLE('',#893,0.5);
#893 = AXIS2_PLACEMENT_3D('',#894,#895,#896);
#894 = CARTESIAN_POINT('',(3.9,-9.2,0.4));
#895 = DIRECTION('',(0.,-2.2E-16,1.));
#896 = DIRECTION('',(-1.,0.,0.));
#897 = ORIENTED_EDGE('',*,*,#883,.F.);
#898 = ORIENTED_EDGE('',*,*,#534,.F.);
#899 = CYLINDRICAL_SURFACE('',#900,0.5);
#900 = AXIS2_PLACEMENT_3D('',#901,#902,#903);
#901 = CARTESIAN_POINT('',(3.9,-9.2,0.5));
#902 = DIRECTION('',(0.,0.,1.));
#903 = DIRECTION('',(-1.,0.,0.));
#904 = ADVANCED_FACE('',(#905),#916,.T.);
#905 = FACE_BOUND('',#906,.F.);
#906 = EDGE_LOOP('',(#907,#908,#909));
#907 = ORIENTED_EDGE('',*,*,#551,.F.);
#908 = ORIENTED_EDGE('',*,*,#599,.T.);
#909 = ORIENTED_EDGE('',*,*,#910,.F.);
#910 = EDGE_CURVE('',#552,#592,#911,.T.);
#911 = CIRCLE('',#912,0.1);
#912 = AXIS2_PLACEMENT_3D('',#913,#914,#915);
#913 = CARTESIAN_POINT('',(4.857852050316,10.375,-0.4));
#914 = DIRECTION('',(0.,1.,0.));
#915 = DIRECTION('',(0.923879532522,-0.,-0.38268343234));
#916 = SPHERICAL_SURFACE('',#917,0.1);
#917 = AXIS2_PLACEMENT_3D('',#918,#919,#920);
#918 = CARTESIAN_POINT('',(4.857852050316,10.375,-0.4));
#919 = DIRECTION('',(0.,-1.,0.));
#920 = DIRECTION('',(0.923879532522,0.,-0.38268343234));
#921 = ADVANCED_FACE('',(#922),#938,.F.);
#922 = FACE_BOUND('',#923,.F.);
#923 = EDGE_LOOP('',(#924,#930,#931,#937));
#924 = ORIENTED_EDGE('',*,*,#925,.F.);
#925 = EDGE_CURVE('',#561,#746,#926,.T.);
#926 = LINE('',#927,#928);
#927 = CARTESIAN_POINT('',(5.08,10.475,-0.124999999971));
#928 = VECTOR('',#929,1.);
#929 = DIRECTION('',(0.,-1.,2.2E-16));
#930 = ORIENTED_EDGE('',*,*,#560,.F.);
#931 = ORIENTED_EDGE('',*,*,#932,.T.);
#932 = EDGE_CURVE('',#552,#802,#933,.T.);
#933 = LINE('',#934,#935);
#934 = CARTESIAN_POINT('',(4.950240003568,10.475,-0.438268343234));
#935 = VECTOR('',#936,1.);
#936 = DIRECTION('',(0.,-1.,2.2E-16));
#937 = ORIENTED_EDGE('',*,*,#810,.T.);
#938 = PLANE('',#939);
#939 = AXIS2_PLACEMENT_3D('',#940,#941,#942);
#940 = CARTESIAN_POINT('',(4.92466991411,10.475,-0.5));
#941 = DIRECTION('',(-0.923879532522,8.E-17,0.38268343234));
#942 = DIRECTION('',(0.38268343234,2.1E-16,0.923879532522));
#943 = ADVANCED_FACE('',(#944),#955,.F.);
#944 = FACE_BOUND('',#945,.F.);
#945 = EDGE_LOOP('',(#946,#947,#948,#954));
#946 = ORIENTED_EDGE('',*,*,#925,.T.);
#947 = ORIENTED_EDGE('',*,*,#754,.T.);
#948 = ORIENTED_EDGE('',*,*,#949,.F.);
#949 = EDGE_CURVE('',#617,#713,#950,.T.);
#950 = LINE('',#951,#952);
#951 = CARTESIAN_POINT('',(5.08,10.475,0.125));
#952 = VECTOR('',#953,1.);
#953 = DIRECTION('',(0.,-1.,2.2E-16));
#954 = ORIENTED_EDGE('',*,*,#616,.F.);
#955 = PLANE('',#956);
#956 = AXIS2_PLACEMENT_3D('',#957,#958,#959);
#957 = CARTESIAN_POINT('',(5.08,10.475,-0.124999999971));
#958 = DIRECTION('',(-1.,0.,0.));
#959 = DIRECTION('',(0.,2.2E-16,1.));
#960 = ADVANCED_FACE('',(#961),#967,.F.);
#961 = FACE_BOUND('',#962,.F.);
#962 = EDGE_LOOP('',(#963,#964,#965,#966));
#963 = ORIENTED_EDGE('',*,*,#949,.T.);
#964 = ORIENTED_EDGE('',*,*,#721,.T.);
#965 = ORIENTED_EDGE('',*,*,#862,.F.);
#966 = ORIENTED_EDGE('',*,*,#641,.F.);
#967 = PLANE('',#968);
#968 = AXIS2_PLACEMENT_3D('',#969,#970,#971);
#969 = CARTESIAN_POINT('',(5.08,10.475,0.125));
#970 = DIRECTION('',(-0.923879532511,-8.E-17,-0.382683432365));
#971 = DIRECTION('',(-0.382683432365,2.1E-16,0.923879532511));
#972 = ADVANCED_FACE('',(#973),#978,.T.);
#973 = FACE_BOUND('',#974,.T.);
#974 = EDGE_LOOP('',(#975,#976,#977));
#975 = ORIENTED_EDGE('',*,*,#649,.F.);
#976 = ORIENTED_EDGE('',*,*,#665,.T.);
#977 = ORIENTED_EDGE('',*,*,#855,.F.);
#978 = SPHERICAL_SURFACE('',#979,0.1);
#979 = AXIS2_PLACEMENT_3D('',#980,#981,#982);
#980 = CARTESIAN_POINT('',(4.857852050318,10.375,0.4));
#981 = DIRECTION('',(0.,-1.,0.));
#982 = DIRECTION('',(0.923879532511,0.,0.382683432365));
#983 = ADVANCED_FACE('',(#984),#989,.T.);
#984 = FACE_BOUND('',#985,.T.);
#985 = EDGE_LOOP('',(#986,#987,#988));
#986 = ORIENTED_EDGE('',*,*,#694,.F.);
#987 = ORIENTED_EDGE('',*,*,#729,.T.);
#988 = ORIENTED_EDGE('',*,*,#868,.F.);
#989 = SPHERICAL_SURFACE('',#990,0.1);
#990 = AXIS2_PLACEMENT_3D('',#991,#992,#993);
#991 = CARTESIAN_POINT('',(4.857852050318,-10.375,0.4));
#992 = DIRECTION('',(0.,1.,-0.));
#993 = DIRECTION('',(0.,0.,1.));
#994 = ADVANCED_FACE('',(#995),#1006,.T.);
#995 = FACE_BOUND('',#996,.F.);
#996 = EDGE_LOOP('',(#997,#998,#999));
#997 = ORIENTED_EDGE('',*,*,#785,.F.);
#998 = ORIENTED_EDGE('',*,*,#801,.T.);
#999 = ORIENTED_EDGE('',*,*,#1000,.F.);
#1000 = EDGE_CURVE('',#778,#802,#1001,.T.);
#1001 = CIRCLE('',#1002,0.1);
#1002 = AXIS2_PLACEMENT_3D('',#1003,#1004,#1005);
#1003 = CARTESIAN_POINT('',(4.857852050316,-10.375,-0.4));
#1004 = DIRECTION('',(0.,-1.,0.));
#1005 = DIRECTION('',(0.,-0.,-1.));
#1006 = SPHERICAL_SURFACE('',#1007,0.1);
#1007 = AXIS2_PLACEMENT_3D('',#1008,#1009,#1010);
#1008 = CARTESIAN_POINT('',(4.857852050316,-10.375,-0.4));
#1009 = DIRECTION('',(0.,1.,-0.));
#1010 = DIRECTION('',(0.,-0.,-1.));
#1011 = ADVANCED_FACE('',(#1012),#1018,.T.);
#1012 = FACE_BOUND('',#1013,.T.);
#1013 = EDGE_LOOP('',(#1014,#1015,#1016,#1017));
#1014 = ORIENTED_EDGE('',*,*,#837,.F.);
#1015 = ORIENTED_EDGE('',*,*,#910,.F.);
#1016 = ORIENTED_EDGE('',*,*,#932,.T.);
#1017 = ORIENTED_EDGE('',*,*,#1000,.F.);
#1018 = CYLINDRICAL_SURFACE('',#1019,0.1);
#1019 = AXIS2_PLACEMENT_3D('',#1020,#1021,#1022);
#1020 = CARTESIAN_POINT('',(4.857852050316,10.475,-0.4));
#1021 = DIRECTION('',(0.,-1.,2.2E-16));
#1022 = DIRECTION('',(0.,-2.2E-16,-1.));
#1023 = ADVANCED_FACE('',(#1024),#1027,.T.);
#1024 = FACE_BOUND('',#1025,.T.);
#1025 = EDGE_LOOP('',(#1026));
#1026 = ORIENTED_EDGE('',*,*,#891,.T.);
#1027 = PLANE('',#1028);
#1028 = AXIS2_PLACEMENT_3D('',#1029,#1030,#1031);
#1029 = CARTESIAN_POINT('',(3.9,-9.2,0.4));
#1030 = DIRECTION('',(0.,-2.2E-16,1.));
#1031 = DIRECTION('',(1.,0.,0.));
#1032 = ( GEOMETRIC_REPRESENTATION_CONTEXT(3) 
GLOBAL_UNCERTAINTY_ASSIGNED_CONTEXT((#1036)) 
GLOBAL_UNIT_ASSIGNED_CONTEXT((#1033,#1034,#1035)) REPRESENTATION_CONTEXT
('Context #1','3D Context with UNIT and UNCERTAINTY') );
#1033 = ( LENGTH_UNIT() NAMED_UNIT(*) SI_UNIT(.MILLI.,.METRE.) );
#1034 = ( NAMED_UNIT(*) PLANE_ANGLE_UNIT() SI_UNIT($,.RADIAN.) );
#1035 = ( NAMED_UNIT(*) SI_UNIT($,.STERADIAN.) SOLID_ANGLE_UNIT() );
#1036 = UNCERTAINTY_MEASURE_WITH_UNIT(LENGTH_MEASURE(5.E-07),#1033,
  'distance_accuracy_value','confusion accuracy');
#1037 = CONTEXT_DEPENDENT_SHAPE_REPRESENTATION(#1038,#1040);
#1038 = ( REPRESENTATION_RELATIONSHIP('','',#36,#10) 
REPRESENTATION_RELATIONSHIP_WITH_TRANSFORMATION(#1039) 
SHAPE_REPRESENTATION_RELATIONSHIP() );
#1039 = ITEM_DEFINED_TRANSFORMATION('','',#11,#15);
#1040 = PRODUCT_DEFINITION_SHAPE('Placement','Placement of an item',
  #1041);
#1041 = NEXT_ASSEMBLY_USAGE_OCCURRENCE('1','Plastic body','',#5,#31,$);
#1042 = PRODUCT_RELATED_PRODUCT_CATEGORY('part',$,(#33));
#1043 = SHAPE_DEFINITION_REPRESENTATION(#1044,#1050);
#1044 = PRODUCT_DEFINITION_SHAPE('','',#1045);
#1045 = PRODUCT_DEFINITION('design','',#1046,#1049);
#1046 = PRODUCT_DEFINITION_FORMATION('','',#1047);
#1047 = PRODUCT('Pin array','Pin array','',(#1048));
#1048 = PRODUCT_CONTEXT('',#2,'mechanical');
#1049 = PRODUCT_DEFINITION_CONTEXT('part definition',#2,'design');
#1050 = SHAPE_REPRESENTATION('',(#11,#1051,#1055),#1059);
#1051 = AXIS2_PLACEMENT_3D('',#1052,#1053,#1054);
#1052 = CARTESIAN_POINT('',(0.,11.2,0.));
#1053 = DIRECTION('',(0.,0.,1.));
#1054 = DIRECTION('',(1.,0.,0.));
#1055 = AXIS2_PLACEMENT_3D('',#1056,#1057,#1058);
#1056 = CARTESIAN_POINT('',(0.,0.,0.));
#1057 = DIRECTION('',(0.,0.,1.));
#1058 = DIRECTION('',(1.,0.,0.));
#1059 = ( GEOMETRIC_REPRESENTATION_CONTEXT(3) 
GLOBAL_UNCERTAINTY_ASSIGNED_CONTEXT((#1063)) 
GLOBAL_UNIT_ASSIGNED_CONTEXT((#1060,#1061,#1062)) REPRESENTATION_CONTEXT
('Context #1','3D Context with UNIT and UNCERTAINTY') );
#1060 = ( LENGTH_UNIT() NAMED_UNIT(*) SI_UNIT(.MILLI.,.METRE.) );
#1061 = ( NAMED_UNIT(*) PLANE_ANGLE_UNIT() SI_UNIT($,.RADIAN.) );
#1062 = ( NAMED_UNIT(*) SI_UNIT($,.STERADIAN.) SOLID_ANGLE_UNIT() );
#1063 = UNCERTAINTY_MEASURE_WITH_UNIT(LENGTH_MEASURE(1.E-07),#1060,
  'distance_accuracy_value','confusion accuracy');
#1064 = CONTEXT_DEPENDENT_SHAPE_REPRESENTATION(#1065,#1067);
#1065 = ( REPRESENTATION_RELATIONSHIP('','',#1050,#10) 
REPRESENTATION_RELATIONSHIP_WITH_TRANSFORMATION(#1066) 
SHAPE_REPRESENTATION_RELATIONSHIP() );
#1066 = ITEM_DEFINED_TRANSFORMATION('','',#11,#19);
#1067 = PRODUCT_DEFINITION_SHAPE('Placement','Placement of an item',
  #1068);
#1068 = NEXT_ASSEMBLY_USAGE_OCCURRENCE('15','Pin array','',#5,#1045,$);
#1069 = PRODUCT_RELATED_PRODUCT_CATEGORY('part',$,(#1047));
#1070 = SHAPE_DEFINITION_REPRESENTATION(#1071,#1077);
#1071 = PRODUCT_DEFINITION_SHAPE('','',#1072);
#1072 = PRODUCT_DEFINITION('design','',#1073,#1076);
#1073 = PRODUCT_DEFINITION_FORMATION('','',#1074);
#1074 = PRODUCT('Array001','Array001','',(#1075));
#1075 = PRODUCT_CONTEXT('',#2,'mechanical');
#1076 = PRODUCT_DEFINITION_CONTEXT('part definition',#2,'design');
#1077 = SHAPE_REPRESENTATION('',(#11,#1078,#1640,#2202,#2764,#3326,#3888
    ,#4450,#5012,#5574,#6136,#6698),#7260);
#1078 = MANIFOLD_SOLID_BREP('',#1079);
#1079 = CLOSED_SHELL('',(#1080,#1122,#1155,#1186,#1217,#1248,#1281,#1314
    ,#1345,#1378,#1411,#1442,#1473,#1504,#1537,#1570,#1592,#1616));
#1080 = ADVANCED_FACE('',(#1081),#1117,.F.);
#1081 = FACE_BOUND('',#1082,.T.);
#1082 = EDGE_LOOP('',(#1083,#1093,#1102,#1110));
#1083 = ORIENTED_EDGE('',*,*,#1084,.T.);
#1084 = EDGE_CURVE('',#1085,#1087,#1089,.T.);
#1085 = VERTEX_POINT('',#1086);
#1086 = CARTESIAN_POINT('',(-5.08839202169,-9.4,-0.1));
#1087 = VERTEX_POINT('',#1088);
#1088 = CARTESIAN_POINT('',(-5.08839202169,-9.8,-0.1));
#1089 = LINE('',#1090,#1091);
#1090 = CARTESIAN_POINT('',(-5.08839202169,-9.4,-0.1));
#1091 = VECTOR('',#1092,1.);
#1092 = DIRECTION('',(0.,-1.,2.2E-16));
#1093 = ORIENTED_EDGE('',*,*,#1094,.T.);
#1094 = EDGE_CURVE('',#1087,#1095,#1097,.T.);
#1095 = VERTEX_POINT('',#1096);
#1096 = CARTESIAN_POINT('',(-5.285594681127,-9.8,-0.266666666667));
#1097 = CIRCLE('',#1098,0.2);
#1098 = AXIS2_PLACEMENT_3D('',#1099,#1100,#1101);
#1099 = CARTESIAN_POINT('',(-5.08839202169,-9.8,-0.3));
#1100 = DIRECTION('',(0.,-1.,-2.2E-16));
#1101 = DIRECTION('',(1.,0.,0.));
#1102 = ORIENTED_EDGE('',*,*,#1103,.F.);
#1103 = EDGE_CURVE('',#1104,#1095,#1106,.T.);
#1104 = VERTEX_POINT('',#1105);
#1105 = CARTESIAN_POINT('',(-5.285594681127,-9.4,-0.266666666667));
#1106 = LINE('',#1107,#1108);
#1107 = CARTESIAN_POINT('',(-5.285594681127,-9.4,-0.266666666667));
#1108 = VECTOR('',#1109,1.);
#1109 = DIRECTION('',(0.,-1.,2.2E-16));
#1110 = ORIENTED_EDGE('',*,*,#1111,.F.);
#1111 = EDGE_CURVE('',#1085,#1104,#1112,.T.);
#1112 = CIRCLE('',#1113,0.2);
#1113 = AXIS2_PLACEMENT_3D('',#1114,#1115,#1116);
#1114 = CARTESIAN_POINT('',(-5.08839202169,-9.4,-0.3));
#1115 = DIRECTION('',(0.,-1.,-2.2E-16));
#1116 = DIRECTION('',(1.,0.,0.));
#1117 = CYLINDRICAL_SURFACE('',#1118,0.2);
#1118 = AXIS2_PLACEMENT_3D('',#1119,#1120,#1121);
#1119 = CARTESIAN_POINT('',(-5.08839202169,-9.4,-0.3));
#1120 = DIRECTION('',(0.,1.,-2.2E-16));
#1121 = DIRECTION('',(1.,0.,0.));
#1122 = ADVANCED_FACE('',(#1123),#1150,.T.);
#1123 = FACE_BOUND('',#1124,.F.);
#1124 = EDGE_LOOP('',(#1125,#1135,#1142,#1143));
#1125 = ORIENTED_EDGE('',*,*,#1126,.T.);
#1126 = EDGE_CURVE('',#1127,#1129,#1131,.T.);
#1127 = VERTEX_POINT('',#1128);
#1128 = CARTESIAN_POINT('',(-5.68,-9.4,-0.6));
#1129 = VERTEX_POINT('',#1130);
#1130 = CARTESIAN_POINT('',(-5.68,-9.8,-0.6));
#1131 = LINE('',#1132,#1133);
#1132 = CARTESIAN_POINT('',(-5.68,-9.4,-0.6));
#1133 = VECTOR('',#1134,1.);
#1134 = DIRECTION('',(0.,-1.,2.2E-16));
#1135 = ORIENTED_EDGE('',*,*,#1136,.T.);
#1136 = EDGE_CURVE('',#1129,#1095,#1137,.T.);
#1137 = CIRCLE('',#1138,0.4);
#1138 = AXIS2_PLACEMENT_3D('',#1139,#1140,#1141);
#1139 = CARTESIAN_POINT('',(-5.68,-9.8,-0.2));
#1140 = DIRECTION('',(0.,-1.,-2.2E-16));
#1141 = DIRECTION('',(1.,0.,0.));
#1142 = ORIENTED_EDGE('',*,*,#1103,.F.);
#1143 = ORIENTED_EDGE('',*,*,#1144,.F.);
#1144 = EDGE_CURVE('',#1127,#1104,#1145,.T.);
#1145 = CIRCLE('',#1146,0.4);
#1146 = AXIS2_PLACEMENT_3D('',#1147,#1148,#1149);
#1147 = CARTESIAN_POINT('',(-5.68,-9.4,-0.2));
#1148 = DIRECTION('',(0.,-1.,-2.2E-16));
#1149 = DIRECTION('',(1.,0.,0.));
#1150 = CYLINDRICAL_SURFACE('',#1151,0.4);
#1151 = AXIS2_PLACEMENT_3D('',#1152,#1153,#1154);
#1152 = CARTESIAN_POINT('',(-5.68,-9.4,-0.2));
#1153 = DIRECTION('',(0.,1.,-2.2E-16));
#1154 = DIRECTION('',(1.,0.,0.));
#1155 = ADVANCED_FACE('',(#1156),#1181,.T.);
#1156 = FACE_BOUND('',#1157,.T.);
#1157 = EDGE_LOOP('',(#1158,#1159,#1167,#1175));
#1158 = ORIENTED_EDGE('',*,*,#1126,.T.);
#1159 = ORIENTED_EDGE('',*,*,#1160,.T.);
#1160 = EDGE_CURVE('',#1129,#1161,#1163,.T.);
#1161 = VERTEX_POINT('',#1162);
#1162 = CARTESIAN_POINT('',(-5.88,-9.8,-0.6));
#1163 = LINE('',#1164,#1165);
#1164 = CARTESIAN_POINT('',(-5.68,-9.8,-0.6));
#1165 = VECTOR('',#1166,1.);
#1166 = DIRECTION('',(-1.,0.,0.));
#1167 = ORIENTED_EDGE('',*,*,#1168,.F.);
#1168 = EDGE_CURVE('',#1169,#1161,#1171,.T.);
#1169 = VERTEX_POINT('',#1170);
#1170 = CARTESIAN_POINT('',(-5.88,-9.4,-0.6));
#1171 = LINE('',#1172,#1173);
#1172 = CARTESIAN_POINT('',(-5.88,-9.4,-0.6));
#1173 = VECTOR('',#1174,1.);
#1174 = DIRECTION('',(0.,-1.,2.2E-16));
#1175 = ORIENTED_EDGE('',*,*,#1176,.F.);
#1176 = EDGE_CURVE('',#1127,#1169,#1177,.T.);
#1177 = LINE('',#1178,#1179);
#1178 = CARTESIAN_POINT('',(-5.68,-9.4,-0.6));
#1179 = VECTOR('',#1180,1.);
#1180 = DIRECTION('',(-1.,0.,0.));
#1181 = PLANE('',#1182);
#1182 = AXIS2_PLACEMENT_3D('',#1183,#1184,#1185);
#1183 = CARTESIAN_POINT('',(-5.68,-9.4,-0.6));
#1184 = DIRECTION('',(0.,-2.2E-16,-1.));
#1185 = DIRECTION('',(-1.,0.,0.));
#1186 = ADVANCED_FACE('',(#1187),#1212,.T.);
#1187 = FACE_BOUND('',#1188,.T.);
#1188 = EDGE_LOOP('',(#1189,#1190,#1198,#1206));
#1189 = ORIENTED_EDGE('',*,*,#1168,.T.);
#1190 = ORIENTED_EDGE('',*,*,#1191,.T.);
#1191 = EDGE_CURVE('',#1161,#1192,#1194,.T.);
#1192 = VERTEX_POINT('',#1193);
#1193 = CARTESIAN_POINT('',(-5.88,-9.8,-0.4));
#1194 = LINE('',#1195,#1196);
#1195 = CARTESIAN_POINT('',(-5.88,-9.8,-0.6));
#1196 = VECTOR('',#1197,1.);
#1197 = DIRECTION('',(0.,-2.2E-16,1.));
#1198 = ORIENTED_EDGE('',*,*,#1199,.F.);
#1199 = EDGE_CURVE('',#1200,#1192,#1202,.T.);
#1200 = VERTEX_POINT('',#1201);
#1201 = CARTESIAN_POINT('',(-5.88,-9.4,-0.4));
#1202 = LINE('',#1203,#1204);
#1203 = CARTESIAN_POINT('',(-5.88,-9.4,-0.4));
#1204 = VECTOR('',#1205,1.);
#1205 = DIRECTION('',(0.,-1.,2.2E-16));
#1206 = ORIENTED_EDGE('',*,*,#1207,.F.);
#1207 = EDGE_CURVE('',#1169,#1200,#1208,.T.);
#1208 = LINE('',#1209,#1210);
#1209 = CARTESIAN_POINT('',(-5.88,-9.4,-0.6));
#1210 = VECTOR('',#1211,1.);
#1211 = DIRECTION('',(0.,-2.2E-16,1.));
#1212 = PLANE('',#1213);
#1213 = AXIS2_PLACEMENT_3D('',#1214,#1215,#1216);
#1214 = CARTESIAN_POINT('',(-5.88,-9.4,-0.6));
#1215 = DIRECTION('',(-1.,0.,0.));
#1216 = DIRECTION('',(0.,2.2E-16,1.));
#1217 = ADVANCED_FACE('',(#1218),#1243,.T.);
#1218 = FACE_BOUND('',#1219,.T.);
#1219 = EDGE_LOOP('',(#1220,#1221,#1229,#1237));
#1220 = ORIENTED_EDGE('',*,*,#1199,.T.);
#1221 = ORIENTED_EDGE('',*,*,#1222,.T.);
#1222 = EDGE_CURVE('',#1192,#1223,#1225,.T.);
#1223 = VERTEX_POINT('',#1224);
#1224 = CARTESIAN_POINT('',(-5.68,-9.8,-0.4));
#1225 = LINE('',#1226,#1227);
#1226 = CARTESIAN_POINT('',(-5.88,-9.8,-0.4));
#1227 = VECTOR('',#1228,1.);
#1228 = DIRECTION('',(1.,0.,0.));
#1229 = ORIENTED_EDGE('',*,*,#1230,.F.);
#1230 = EDGE_CURVE('',#1231,#1223,#1233,.T.);
#1231 = VERTEX_POINT('',#1232);
#1232 = CARTESIAN_POINT('',(-5.68,-9.4,-0.4));
#1233 = LINE('',#1234,#1235);
#1234 = CARTESIAN_POINT('',(-5.68,-9.4,-0.4));
#1235 = VECTOR('',#1236,1.);
#1236 = DIRECTION('',(0.,-1.,2.2E-16));
#1237 = ORIENTED_EDGE('',*,*,#1238,.F.);
#1238 = EDGE_CURVE('',#1200,#1231,#1239,.T.);
#1239 = LINE('',#1240,#1241);
#1240 = CARTESIAN_POINT('',(-5.88,-9.4,-0.4));
#1241 = VECTOR('',#1242,1.);
#1242 = DIRECTION('',(1.,0.,0.));
#1243 = PLANE('',#1244);
#1244 = AXIS2_PLACEMENT_3D('',#1245,#1246,#1247);
#1245 = CARTESIAN_POINT('',(-5.88,-9.4,-0.4));
#1246 = DIRECTION('',(0.,2.2E-16,1.));
#1247 = DIRECTION('',(1.,0.,0.));
#1248 = ADVANCED_FACE('',(#1249),#1276,.F.);
#1249 = FACE_BOUND('',#1250,.T.);
#1250 = EDGE_LOOP('',(#1251,#1252,#1261,#1269));
#1251 = ORIENTED_EDGE('',*,*,#1230,.T.);
#1252 = ORIENTED_EDGE('',*,*,#1253,.T.);
#1253 = EDGE_CURVE('',#1223,#1254,#1256,.T.);
#1254 = VERTEX_POINT('',#1255);
#1255 = CARTESIAN_POINT('',(-5.482797340563,-9.8,-0.233333333333));
#1256 = CIRCLE('',#1257,0.2);
#1257 = AXIS2_PLACEMENT_3D('',#1258,#1259,#1260);
#1258 = CARTESIAN_POINT('',(-5.68,-9.8,-0.2));
#1259 = DIRECTION('',(0.,-1.,-2.2E-16));
#1260 = DIRECTION('',(1.,0.,0.));
#1261 = ORIENTED_EDGE('',*,*,#1262,.F.);
#1262 = EDGE_CURVE('',#1263,#1254,#1265,.T.);
#1263 = VERTEX_POINT('',#1264);
#1264 = CARTESIAN_POINT('',(-5.482797340563,-9.4,-0.233333333333));
#1265 = LINE('',#1266,#1267);
#1266 = CARTESIAN_POINT('',(-5.482797340563,-9.4,-0.233333333333));
#1267 = VECTOR('',#1268,1.);
#1268 = DIRECTION('',(0.,-1.,2.2E-16));
#1269 = ORIENTED_EDGE('',*,*,#1270,.F.);
#1270 = EDGE_CURVE('',#1231,#1263,#1271,.T.);
#1271 = CIRCLE('',#1272,0.2);
#1272 = AXIS2_PLACEMENT_3D('',#1273,#1274,#1275);
#1273 = CARTESIAN_POINT('',(-5.68,-9.4,-0.2));
#1274 = DIRECTION('',(0.,-1.,-2.2E-16));
#1275 = DIRECTION('',(1.,0.,0.));
#1276 = CYLINDRICAL_SURFACE('',#1277,0.2);
#1277 = AXIS2_PLACEMENT_3D('',#1278,#1279,#1280);
#1278 = CARTESIAN_POINT('',(-5.68,-9.4,-0.2));
#1279 = DIRECTION('',(0.,1.,-2.2E-16));
#1280 = DIRECTION('',(1.,0.,0.));
#1281 = ADVANCED_FACE('',(#1282),#1309,.T.);
#1282 = FACE_BOUND('',#1283,.F.);
#1283 = EDGE_LOOP('',(#1284,#1294,#1301,#1302));
#1284 = ORIENTED_EDGE('',*,*,#1285,.T.);
#1285 = EDGE_CURVE('',#1286,#1288,#1290,.T.);
#1286 = VERTEX_POINT('',#1287);
#1287 = CARTESIAN_POINT('',(-5.08839202169,-9.4,0.1));
#1288 = VERTEX_POINT('',#1289);
#1289 = CARTESIAN_POINT('',(-5.08839202169,-9.8,0.1));
#1290 = LINE('',#1291,#1292);
#1291 = CARTESIAN_POINT('',(-5.08839202169,-9.4,0.1));
#1292 = VECTOR('',#1293,1.);
#1293 = DIRECTION('',(0.,-1.,2.2E-16));
#1294 = ORIENTED_EDGE('',*,*,#1295,.T.);
#1295 = EDGE_CURVE('',#1288,#1254,#1296,.T.);
#1296 = CIRCLE('',#1297,0.4);
#1297 = AXIS2_PLACEMENT_3D('',#1298,#1299,#1300);
#1298 = CARTESIAN_POINT('',(-5.08839202169,-9.8,-0.3));
#1299 = DIRECTION('',(0.,-1.,-2.2E-16));
#1300 = DIRECTION('',(1.,0.,0.));
#1301 = ORIENTED_EDGE('',*,*,#1262,.F.);
#1302 = ORIENTED_EDGE('',*,*,#1303,.F.);
#1303 = EDGE_CURVE('',#1286,#1263,#1304,.T.);
#1304 = CIRCLE('',#1305,0.4);
#1305 = AXIS2_PLACEMENT_3D('',#1306,#1307,#1308);
#1306 = CARTESIAN_POINT('',(-5.08839202169,-9.4,-0.3));
#1307 = DIRECTION('',(0.,-1.,-2.2E-16));
#1308 = DIRECTION('',(1.,0.,0.));
#1309 = CYLINDRICAL_SURFACE('',#1310,0.4);
#1310 = AXIS2_PLACEMENT_3D('',#1311,#1312,#1313);
#1311 = CARTESIAN_POINT('',(-5.08839202169,-9.4,-0.3));
#1312 = DIRECTION('',(0.,1.,-2.2E-16));
#1313 = DIRECTION('',(1.,0.,0.));
#1314 = ADVANCED_FACE('',(#1315),#1340,.T.);
#1315 = FACE_BOUND('',#1316,.T.);
#1316 = EDGE_LOOP('',(#1317,#1318,#1326,#1334));
#1317 = ORIENTED_EDGE('',*,*,#1285,.T.);
#1318 = ORIENTED_EDGE('',*,*,#1319,.T.);
#1319 = EDGE_CURVE('',#1288,#1320,#1322,.T.);
#1320 = VERTEX_POINT('',#1321);
#1321 = CARTESIAN_POINT('',(5.08839202169,-9.8,1.E-01));
#1322 = LINE('',#1323,#1324);
#1323 = CARTESIAN_POINT('',(-5.08839202169,-9.8,0.1));
#1324 = VECTOR('',#1325,1.);
#1325 = DIRECTION('',(1.,0.,-1.2E-16));
#1326 = ORIENTED_EDGE('',*,*,#1327,.F.);
#1327 = EDGE_CURVE('',#1328,#1320,#1330,.T.);
#1328 = VERTEX_POINT('',#1329);
#1329 = CARTESIAN_POINT('',(5.08839202169,-9.4,1.E-01));
#1330 = LINE('',#1331,#1332);
#1331 = CARTESIAN_POINT('',(5.08839202169,-9.4,1.E-01));
#1332 = VECTOR('',#1333,1.);
#1333 = DIRECTION('',(0.,-1.,2.2E-16));
#1334 = ORIENTED_EDGE('',*,*,#1335,.F.);
#1335 = EDGE_CURVE('',#1286,#1328,#1336,.T.);
#1336 = LINE('',#1337,#1338);
#1337 = CARTESIAN_POINT('',(-5.08839202169,-9.4,0.1));
#1338 = VECTOR('',#1339,1.);
#1339 = DIRECTION('',(1.,0.,-1.2E-16));
#1340 = PLANE('',#1341);
#1341 = AXIS2_PLACEMENT_3D('',#1342,#1343,#1344);
#1342 = CARTESIAN_POINT('',(-5.08839202169,-9.4,0.1));
#1343 = DIRECTION('',(1.2E-16,2.2E-16,1.));
#1344 = DIRECTION('',(1.,0.,-1.2E-16));
#1345 = ADVANCED_FACE('',(#1346),#1373,.T.);
#1346 = FACE_BOUND('',#1347,.F.);
#1347 = EDGE_LOOP('',(#1348,#1358,#1365,#1366));
#1348 = ORIENTED_EDGE('',*,*,#1349,.T.);
#1349 = EDGE_CURVE('',#1350,#1352,#1354,.T.);
#1350 = VERTEX_POINT('',#1351);
#1351 = CARTESIAN_POINT('',(5.482797340563,-9.4,-0.233333333333));
#1352 = VERTEX_POINT('',#1353);
#1353 = CARTESIAN_POINT('',(5.482797340563,-9.8,-0.233333333333));
#1354 = LINE('',#1355,#1356);
#1355 = CARTESIAN_POINT('',(5.482797340563,-9.4,-0.233333333333));
#1356 = VECTOR('',#1357,1.);
#1357 = DIRECTION('',(0.,-1.,2.2E-16));
#1358 = ORIENTED_EDGE('',*,*,#1359,.T.);
#1359 = EDGE_CURVE('',#1352,#1320,#1360,.T.);
#1360 = CIRCLE('',#1361,0.4);
#1361 = AXIS2_PLACEMENT_3D('',#1362,#1363,#1364);
#1362 = CARTESIAN_POINT('',(5.08839202169,-9.8,-0.3));
#1363 = DIRECTION('',(0.,-1.,-2.2E-16));
#1364 = DIRECTION('',(1.,0.,0.));
#1365 = ORIENTED_EDGE('',*,*,#1327,.F.);
#1366 = ORIENTED_EDGE('',*,*,#1367,.F.);
#1367 = EDGE_CURVE('',#1350,#1328,#1368,.T.);
#1368 = CIRCLE('',#1369,0.4);
#1369 = AXIS2_PLACEMENT_3D('',#1370,#1371,#1372);
#1370 = CARTESIAN_POINT('',(5.08839202169,-9.4,-0.3));
#1371 = DIRECTION('',(0.,-1.,-2.2E-16));
#1372 = DIRECTION('',(1.,0.,0.));
#1373 = CYLINDRICAL_SURFACE('',#1374,0.4);
#1374 = AXIS2_PLACEMENT_3D('',#1375,#1376,#1377);
#1375 = CARTESIAN_POINT('',(5.08839202169,-9.4,-0.3));
#1376 = DIRECTION('',(0.,1.,-2.2E-16));
#1377 = DIRECTION('',(1.,0.,0.));
#1378 = ADVANCED_FACE('',(#1379),#1406,.F.);
#1379 = FACE_BOUND('',#1380,.T.);
#1380 = EDGE_LOOP('',(#1381,#1382,#1391,#1399));
#1381 = ORIENTED_EDGE('',*,*,#1349,.T.);
#1382 = ORIENTED_EDGE('',*,*,#1383,.T.);
#1383 = EDGE_CURVE('',#1352,#1384,#1386,.T.);
#1384 = VERTEX_POINT('',#1385);
#1385 = CARTESIAN_POINT('',(5.68,-9.8,-0.4));
#1386 = CIRCLE('',#1387,0.2);
#1387 = AXIS2_PLACEMENT_3D('',#1388,#1389,#1390);
#1388 = CARTESIAN_POINT('',(5.68,-9.8,-0.2));
#1389 = DIRECTION('',(0.,-1.,-2.2E-16));
#1390 = DIRECTION('',(1.,0.,0.));
#1391 = ORIENTED_EDGE('',*,*,#1392,.F.);
#1392 = EDGE_CURVE('',#1393,#1384,#1395,.T.);
#1393 = VERTEX_POINT('',#1394);
#1394 = CARTESIAN_POINT('',(5.68,-9.4,-0.4));
#1395 = LINE('',#1396,#1397);
#1396 = CARTESIAN_POINT('',(5.68,-9.4,-0.4));
#1397 = VECTOR('',#1398,1.);
#1398 = DIRECTION('',(0.,-1.,2.2E-16));
#1399 = ORIENTED_EDGE('',*,*,#1400,.F.);
#1400 = EDGE_CURVE('',#1350,#1393,#1401,.T.);
#1401 = CIRCLE('',#1402,0.2);
#1402 = AXIS2_PLACEMENT_3D('',#1403,#1404,#1405);
#1403 = CARTESIAN_POINT('',(5.68,-9.4,-0.2));
#1404 = DIRECTION('',(0.,-1.,-2.2E-16));
#1405 = DIRECTION('',(1.,0.,0.));
#1406 = CYLINDRICAL_SURFACE('',#1407,0.2);
#1407 = AXIS2_PLACEMENT_3D('',#1408,#1409,#1410);
#1408 = CARTESIAN_POINT('',(5.68,-9.4,-0.2));
#1409 = DIRECTION('',(0.,1.,-2.2E-16));
#1410 = DIRECTION('',(1.,0.,0.));
#1411 = ADVANCED_FACE('',(#1412),#1437,.T.);
#1412 = FACE_BOUND('',#1413,.T.);
#1413 = EDGE_LOOP('',(#1414,#1415,#1423,#1431));
#1414 = ORIENTED_EDGE('',*,*,#1392,.T.);
#1415 = ORIENTED_EDGE('',*,*,#1416,.T.);
#1416 = EDGE_CURVE('',#1384,#1417,#1419,.T.);
#1417 = VERTEX_POINT('',#1418);
#1418 = CARTESIAN_POINT('',(5.88,-9.8,-0.4));
#1419 = LINE('',#1420,#1421);
#1420 = CARTESIAN_POINT('',(5.68,-9.8,-0.4));
#1421 = VECTOR('',#1422,1.);
#1422 = DIRECTION('',(1.,0.,0.));
#1423 = ORIENTED_EDGE('',*,*,#1424,.F.);
#1424 = EDGE_CURVE('',#1425,#1417,#1427,.T.);
#1425 = VERTEX_POINT('',#1426);
#1426 = CARTESIAN_POINT('',(5.88,-9.4,-0.4));
#1427 = LINE('',#1428,#1429);
#1428 = CARTESIAN_POINT('',(5.88,-9.4,-0.4));
#1429 = VECTOR('',#1430,1.);
#1430 = DIRECTION('',(0.,-1.,2.2E-16));
#1431 = ORIENTED_EDGE('',*,*,#1432,.F.);
#1432 = EDGE_CURVE('',#1393,#1425,#1433,.T.);
#1433 = LINE('',#1434,#1435);
#1434 = CARTESIAN_POINT('',(5.68,-9.4,-0.4));
#1435 = VECTOR('',#1436,1.);
#1436 = DIRECTION('',(1.,0.,0.));
#1437 = PLANE('',#1438);
#1438 = AXIS2_PLACEMENT_3D('',#1439,#1440,#1441);
#1439 = CARTESIAN_POINT('',(5.68,-9.4,-0.4));
#1440 = DIRECTION('',(0.,2.2E-16,1.));
#1441 = DIRECTION('',(1.,0.,0.));
#1442 = ADVANCED_FACE('',(#1443),#1468,.T.);
#1443 = FACE_BOUND('',#1444,.T.);
#1444 = EDGE_LOOP('',(#1445,#1446,#1454,#1462));
#1445 = ORIENTED_EDGE('',*,*,#1424,.T.);
#1446 = ORIENTED_EDGE('',*,*,#1447,.T.);
#1447 = EDGE_CURVE('',#1417,#1448,#1450,.T.);
#1448 = VERTEX_POINT('',#1449);
#1449 = CARTESIAN_POINT('',(5.88,-9.8,-0.6));
#1450 = LINE('',#1451,#1452);
#1451 = CARTESIAN_POINT('',(5.88,-9.8,-0.4));
#1452 = VECTOR('',#1453,1.);
#1453 = DIRECTION('',(0.,2.2E-16,-1.));
#1454 = ORIENTED_EDGE('',*,*,#1455,.F.);
#1455 = EDGE_CURVE('',#1456,#1448,#1458,.T.);
#1456 = VERTEX_POINT('',#1457);
#1457 = CARTESIAN_POINT('',(5.88,-9.4,-0.6));
#1458 = LINE('',#1459,#1460);
#1459 = CARTESIAN_POINT('',(5.88,-9.4,-0.6));
#1460 = VECTOR('',#1461,1.);
#1461 = DIRECTION('',(0.,-1.,2.2E-16));
#1462 = ORIENTED_EDGE('',*,*,#1463,.F.);
#1463 = EDGE_CURVE('',#1425,#1456,#1464,.T.);
#1464 = LINE('',#1465,#1466);
#1465 = CARTESIAN_POINT('',(5.88,-9.4,-0.4));
#1466 = VECTOR('',#1467,1.);
#1467 = DIRECTION('',(0.,2.2E-16,-1.));
#1468 = PLANE('',#1469);
#1469 = AXIS2_PLACEMENT_3D('',#1470,#1471,#1472);
#1470 = CARTESIAN_POINT('',(5.88,-9.4,-0.4));
#1471 = DIRECTION('',(1.,0.,0.));
#1472 = DIRECTION('',(0.,-2.2E-16,-1.));
#1473 = ADVANCED_FACE('',(#1474),#1499,.T.);
#1474 = FACE_BOUND('',#1475,.T.);
#1475 = EDGE_LOOP('',(#1476,#1477,#1485,#1493));
#1476 = ORIENTED_EDGE('',*,*,#1455,.T.);
#1477 = ORIENTED_EDGE('',*,*,#1478,.T.);
#1478 = EDGE_CURVE('',#1448,#1479,#1481,.T.);
#1479 = VERTEX_POINT('',#1480);
#1480 = CARTESIAN_POINT('',(5.68,-9.8,-0.6));
#1481 = LINE('',#1482,#1483);
#1482 = CARTESIAN_POINT('',(5.88,-9.8,-0.6));
#1483 = VECTOR('',#1484,1.);
#1484 = DIRECTION('',(-1.,0.,0.));
#1485 = ORIENTED_EDGE('',*,*,#1486,.F.);
#1486 = EDGE_CURVE('',#1487,#1479,#1489,.T.);
#1487 = VERTEX_POINT('',#1488);
#1488 = CARTESIAN_POINT('',(5.68,-9.4,-0.6));
#1489 = LINE('',#1490,#1491);
#1490 = CARTESIAN_POINT('',(5.68,-9.4,-0.6));
#1491 = VECTOR('',#1492,1.);
#1492 = DIRECTION('',(0.,-1.,2.2E-16));
#1493 = ORIENTED_EDGE('',*,*,#1494,.F.);
#1494 = EDGE_CURVE('',#1456,#1487,#1495,.T.);
#1495 = LINE('',#1496,#1497);
#1496 = CARTESIAN_POINT('',(5.88,-9.4,-0.6));
#1497 = VECTOR('',#1498,1.);
#1498 = DIRECTION('',(-1.,0.,0.));
#1499 = PLANE('',#1500);
#1500 = AXIS2_PLACEMENT_3D('',#1501,#1502,#1503);
#1501 = CARTESIAN_POINT('',(5.88,-9.4,-0.6));
#1502 = DIRECTION('',(0.,-2.2E-16,-1.));
#1503 = DIRECTION('',(-1.,0.,0.));
#1504 = ADVANCED_FACE('',(#1505),#1532,.T.);
#1505 = FACE_BOUND('',#1506,.F.);
#1506 = EDGE_LOOP('',(#1507,#1517,#1524,#1525));
#1507 = ORIENTED_EDGE('',*,*,#1508,.T.);
#1508 = EDGE_CURVE('',#1509,#1511,#1513,.T.);
#1509 = VERTEX_POINT('',#1510);
#1510 = CARTESIAN_POINT('',(5.285594681127,-9.4,-0.266666666667));
#1511 = VERTEX_POINT('',#1512);
#1512 = CARTESIAN_POINT('',(5.285594681127,-9.8,-0.266666666667));
#1513 = LINE('',#1514,#1515);
#1514 = CARTESIAN_POINT('',(5.285594681127,-9.4,-0.266666666667));
#1515 = VECTOR('',#1516,1.);
#1516 = DIRECTION('',(0.,-1.,2.2E-16));
#1517 = ORIENTED_EDGE('',*,*,#1518,.T.);
#1518 = EDGE_CURVE('',#1511,#1479,#1519,.T.);
#1519 = CIRCLE('',#1520,0.4);
#1520 = AXIS2_PLACEMENT_3D('',#1521,#1522,#1523);
#1521 = CARTESIAN_POINT('',(5.68,-9.8,-0.2));
#1522 = DIRECTION('',(0.,-1.,-2.2E-16));
#1523 = DIRECTION('',(1.,0.,0.));
#1524 = ORIENTED_EDGE('',*,*,#1486,.F.);
#1525 = ORIENTED_EDGE('',*,*,#1526,.F.);
#1526 = EDGE_CURVE('',#1509,#1487,#1527,.T.);
#1527 = CIRCLE('',#1528,0.4);
#1528 = AXIS2_PLACEMENT_3D('',#1529,#1530,#1531);
#1529 = CARTESIAN_POINT('',(5.68,-9.4,-0.2));
#1530 = DIRECTION('',(0.,-1.,-2.2E-16));
#1531 = DIRECTION('',(1.,0.,0.));
#1532 = CYLINDRICAL_SURFACE('',#1533,0.4);
#1533 = AXIS2_PLACEMENT_3D('',#1534,#1535,#1536);
#1534 = CARTESIAN_POINT('',(5.68,-9.4,-0.2));
#1535 = DIRECTION('',(0.,1.,-2.2E-16));
#1536 = DIRECTION('',(1.,0.,0.));
#1537 = ADVANCED_FACE('',(#1538),#1565,.F.);
#1538 = FACE_BOUND('',#1539,.T.);
#1539 = EDGE_LOOP('',(#1540,#1541,#1550,#1558));
#1540 = ORIENTED_EDGE('',*,*,#1508,.T.);
#1541 = ORIENTED_EDGE('',*,*,#1542,.T.);
#1542 = EDGE_CURVE('',#1511,#1543,#1545,.T.);
#1543 = VERTEX_POINT('',#1544);
#1544 = CARTESIAN_POINT('',(5.08839202169,-9.8,-0.1));
#1545 = CIRCLE('',#1546,0.2);
#1546 = AXIS2_PLACEMENT_3D('',#1547,#1548,#1549);
#1547 = CARTESIAN_POINT('',(5.08839202169,-9.8,-0.3));
#1548 = DIRECTION('',(0.,-1.,-2.2E-16));
#1549 = DIRECTION('',(1.,0.,0.));
#1550 = ORIENTED_EDGE('',*,*,#1551,.F.);
#1551 = EDGE_CURVE('',#1552,#1543,#1554,.T.);
#1552 = VERTEX_POINT('',#1553);
#1553 = CARTESIAN_POINT('',(5.08839202169,-9.4,-0.1));
#1554 = LINE('',#1555,#1556);
#1555 = CARTESIAN_POINT('',(5.08839202169,-9.4,-0.1));
#1556 = VECTOR('',#1557,1.);
#1557 = DIRECTION('',(0.,-1.,2.2E-16));
#1558 = ORIENTED_EDGE('',*,*,#1559,.F.);
#1559 = EDGE_CURVE('',#1509,#1552,#1560,.T.);
#1560 = CIRCLE('',#1561,0.2);
#1561 = AXIS2_PLACEMENT_3D('',#1562,#1563,#1564);
#1562 = CARTESIAN_POINT('',(5.08839202169,-9.4,-0.3));
#1563 = DIRECTION('',(0.,-1.,-2.2E-16));
#1564 = DIRECTION('',(1.,0.,0.));
#1565 = CYLINDRICAL_SURFACE('',#1566,0.2);
#1566 = AXIS2_PLACEMENT_3D('',#1567,#1568,#1569);
#1567 = CARTESIAN_POINT('',(5.08839202169,-9.4,-0.3));
#1568 = DIRECTION('',(0.,1.,-2.2E-16));
#1569 = DIRECTION('',(1.,0.,0.));
#1570 = ADVANCED_FACE('',(#1571),#1587,.F.);
#1571 = FACE_BOUND('',#1572,.F.);
#1572 = EDGE_LOOP('',(#1573,#1574,#1580,#1581));
#1573 = ORIENTED_EDGE('',*,*,#1084,.T.);
#1574 = ORIENTED_EDGE('',*,*,#1575,.T.);
#1575 = EDGE_CURVE('',#1087,#1543,#1576,.T.);
#1576 = LINE('',#1577,#1578);
#1577 = CARTESIAN_POINT('',(-5.08839202169,-9.8,-0.1));
#1578 = VECTOR('',#1579,1.);
#1579 = DIRECTION('',(1.,0.,-1.3E-16));
#1580 = ORIENTED_EDGE('',*,*,#1551,.F.);
#1581 = ORIENTED_EDGE('',*,*,#1582,.F.);
#1582 = EDGE_CURVE('',#1085,#1552,#1583,.T.);
#1583 = LINE('',#1584,#1585);
#1584 = CARTESIAN_POINT('',(-5.08839202169,-9.4,-0.1));
#1585 = VECTOR('',#1586,1.);
#1586 = DIRECTION('',(1.,0.,-1.3E-16));
#1587 = PLANE('',#1588);
#1588 = AXIS2_PLACEMENT_3D('',#1589,#1590,#1591);
#1589 = CARTESIAN_POINT('',(-5.08839202169,-9.4,-0.1));
#1590 = DIRECTION('',(1.3E-16,2.2E-16,1.));
#1591 = DIRECTION('',(1.,0.,-1.3E-16));
#1592 = ADVANCED_FACE('',(#1593),#1611,.T.);
#1593 = FACE_BOUND('',#1594,.T.);
#1594 = EDGE_LOOP('',(#1595,#1596,#1597,#1598,#1599,#1600,#1601,#1602,
    #1603,#1604,#1605,#1606,#1607,#1608,#1609,#1610));
#1595 = ORIENTED_EDGE('',*,*,#1111,.T.);
#1596 = ORIENTED_EDGE('',*,*,#1144,.F.);
#1597 = ORIENTED_EDGE('',*,*,#1176,.T.);
#1598 = ORIENTED_EDGE('',*,*,#1207,.T.);
#1599 = ORIENTED_EDGE('',*,*,#1238,.T.);
#1600 = ORIENTED_EDGE('',*,*,#1270,.T.);
#1601 = ORIENTED_EDGE('',*,*,#1303,.F.);
#1602 = ORIENTED_EDGE('',*,*,#1335,.T.);
#1603 = ORIENTED_EDGE('',*,*,#1367,.F.);
#1604 = ORIENTED_EDGE('',*,*,#1400,.T.);
#1605 = ORIENTED_EDGE('',*,*,#1432,.T.);
#1606 = ORIENTED_EDGE('',*,*,#1463,.T.);
#1607 = ORIENTED_EDGE('',*,*,#1494,.T.);
#1608 = ORIENTED_EDGE('',*,*,#1526,.F.);
#1609 = ORIENTED_EDGE('',*,*,#1559,.T.);
#1610 = ORIENTED_EDGE('',*,*,#1582,.F.);
#1611 = PLANE('',#1612);
#1612 = AXIS2_PLACEMENT_3D('',#1613,#1614,#1615);
#1613 = CARTESIAN_POINT('',(-2.9E-16,-9.4,-5.76254089512E-02));
#1614 = DIRECTION('',(0.,1.,2.2E-16));
#1615 = DIRECTION('',(0.,-2.2E-16,1.));
#1616 = ADVANCED_FACE('',(#1617),#1635,.F.);
#1617 = FACE_BOUND('',#1618,.F.);
#1618 = EDGE_LOOP('',(#1619,#1620,#1621,#1622,#1623,#1624,#1625,#1626,
    #1627,#1628,#1629,#1630,#1631,#1632,#1633,#1634));
#1619 = ORIENTED_EDGE('',*,*,#1094,.T.);
#1620 = ORIENTED_EDGE('',*,*,#1136,.F.);
#1621 = ORIENTED_EDGE('',*,*,#1160,.T.);
#1622 = ORIENTED_EDGE('',*,*,#1191,.T.);
#1623 = ORIENTED_EDGE('',*,*,#1222,.T.);
#1624 = ORIENTED_EDGE('',*,*,#1253,.T.);
#1625 = ORIENTED_EDGE('',*,*,#1295,.F.);
#1626 = ORIENTED_EDGE('',*,*,#1319,.T.);
#1627 = ORIENTED_EDGE('',*,*,#1359,.F.);
#1628 = ORIENTED_EDGE('',*,*,#1383,.T.);
#1629 = ORIENTED_EDGE('',*,*,#1416,.T.);
#1630 = ORIENTED_EDGE('',*,*,#1447,.T.);
#1631 = ORIENTED_EDGE('',*,*,#1478,.T.);
#1632 = ORIENTED_EDGE('',*,*,#1518,.F.);
#1633 = ORIENTED_EDGE('',*,*,#1542,.T.);
#1634 = ORIENTED_EDGE('',*,*,#1575,.F.);
#1635 = PLANE('',#1636);
#1636 = AXIS2_PLACEMENT_3D('',#1637,#1638,#1639);
#1637 = CARTESIAN_POINT('',(-2.9E-16,-9.8,-5.76254089512E-02));
#1638 = DIRECTION('',(0.,1.,2.2E-16));
#1639 = DIRECTION('',(0.,-2.2E-16,1.));
#1640 = MANIFOLD_SOLID_BREP('',#1641);
#1641 = CLOSED_SHELL('',(#1642,#1684,#1717,#1748,#1779,#1810,#1843,#1876
    ,#1907,#1940,#1973,#2004,#2035,#2066,#2099,#2132,#2154,#2178));
#1642 = ADVANCED_FACE('',(#1643),#1679,.F.);
#1643 = FACE_BOUND('',#1644,.T.);
#1644 = EDGE_LOOP('',(#1645,#1655,#1664,#1672));
#1645 = ORIENTED_EDGE('',*,*,#1646,.T.);
#1646 = EDGE_CURVE('',#1647,#1649,#1651,.T.);
#1647 = VERTEX_POINT('',#1648);
#1648 = CARTESIAN_POINT('',(-5.08839202169,-8.6,-0.1));
#1649 = VERTEX_POINT('',#1650);
#1650 = CARTESIAN_POINT('',(-5.08839202169,-9.,-0.1));
#1651 = LINE('',#1652,#1653);
#1652 = CARTESIAN_POINT('',(-5.08839202169,-8.6,-0.1));
#1653 = VECTOR('',#1654,1.);
#1654 = DIRECTION('',(0.,-1.,2.2E-16));
#1655 = ORIENTED_EDGE('',*,*,#1656,.T.);
#1656 = EDGE_CURVE('',#1649,#1657,#1659,.T.);
#1657 = VERTEX_POINT('',#1658);
#1658 = CARTESIAN_POINT('',(-5.285594681127,-9.,-0.266666666667));
#1659 = CIRCLE('',#1660,0.2);
#1660 = AXIS2_PLACEMENT_3D('',#1661,#1662,#1663);
#1661 = CARTESIAN_POINT('',(-5.08839202169,-9.,-0.3));
#1662 = DIRECTION('',(0.,-1.,-2.2E-16));
#1663 = DIRECTION('',(1.,0.,0.));
#1664 = ORIENTED_EDGE('',*,*,#1665,.F.);
#1665 = EDGE_CURVE('',#1666,#1657,#1668,.T.);
#1666 = VERTEX_POINT('',#1667);
#1667 = CARTESIAN_POINT('',(-5.285594681127,-8.6,-0.266666666667));
#1668 = LINE('',#1669,#1670);
#1669 = CARTESIAN_POINT('',(-5.285594681127,-8.6,-0.266666666667));
#1670 = VECTOR('',#1671,1.);
#1671 = DIRECTION('',(0.,-1.,2.2E-16));
#1672 = ORIENTED_EDGE('',*,*,#1673,.F.);
#1673 = EDGE_CURVE('',#1647,#1666,#1674,.T.);
#1674 = CIRCLE('',#1675,0.2);
#1675 = AXIS2_PLACEMENT_3D('',#1676,#1677,#1678);
#1676 = CARTESIAN_POINT('',(-5.08839202169,-8.6,-0.3));
#1677 = DIRECTION('',(0.,-1.,-2.2E-16));
#1678 = DIRECTION('',(1.,0.,0.));
#1679 = CYLINDRICAL_SURFACE('',#1680,0.2);
#1680 = AXIS2_PLACEMENT_3D('',#1681,#1682,#1683);
#1681 = CARTESIAN_POINT('',(-5.08839202169,-8.6,-0.3));
#1682 = DIRECTION('',(0.,1.,-2.2E-16));
#1683 = DIRECTION('',(1.,0.,0.));
#1684 = ADVANCED_FACE('',(#1685),#1712,.T.);
#1685 = FACE_BOUND('',#1686,.F.);
#1686 = EDGE_LOOP('',(#1687,#1697,#1704,#1705));
#1687 = ORIENTED_EDGE('',*,*,#1688,.T.);
#1688 = EDGE_CURVE('',#1689,#1691,#1693,.T.);
#1689 = VERTEX_POINT('',#1690);
#1690 = CARTESIAN_POINT('',(-5.68,-8.6,-0.6));
#1691 = VERTEX_POINT('',#1692);
#1692 = CARTESIAN_POINT('',(-5.68,-9.,-0.6));
#1693 = LINE('',#1694,#1695);
#1694 = CARTESIAN_POINT('',(-5.68,-8.6,-0.6));
#1695 = VECTOR('',#1696,1.);
#1696 = DIRECTION('',(0.,-1.,2.2E-16));
#1697 = ORIENTED_EDGE('',*,*,#1698,.T.);
#1698 = EDGE_CURVE('',#1691,#1657,#1699,.T.);
#1699 = CIRCLE('',#1700,0.4);
#1700 = AXIS2_PLACEMENT_3D('',#1701,#1702,#1703);
#1701 = CARTESIAN_POINT('',(-5.68,-9.,-0.2));
#1702 = DIRECTION('',(0.,-1.,-2.2E-16));
#1703 = DIRECTION('',(1.,0.,0.));
#1704 = ORIENTED_EDGE('',*,*,#1665,.F.);
#1705 = ORIENTED_EDGE('',*,*,#1706,.F.);
#1706 = EDGE_CURVE('',#1689,#1666,#1707,.T.);
#1707 = CIRCLE('',#1708,0.4);
#1708 = AXIS2_PLACEMENT_3D('',#1709,#1710,#1711);
#1709 = CARTESIAN_POINT('',(-5.68,-8.6,-0.2));
#1710 = DIRECTION('',(0.,-1.,-2.2E-16));
#1711 = DIRECTION('',(1.,0.,0.));
#1712 = CYLINDRICAL_SURFACE('',#1713,0.4);
#1713 = AXIS2_PLACEMENT_3D('',#1714,#1715,#1716);
#1714 = CARTESIAN_POINT('',(-5.68,-8.6,-0.2));
#1715 = DIRECTION('',(0.,1.,-2.2E-16));
#1716 = DIRECTION('',(1.,0.,0.));
#1717 = ADVANCED_FACE('',(#1718),#1743,.T.);
#1718 = FACE_BOUND('',#1719,.T.);
#1719 = EDGE_LOOP('',(#1720,#1721,#1729,#1737));
#1720 = ORIENTED_EDGE('',*,*,#1688,.T.);
#1721 = ORIENTED_EDGE('',*,*,#1722,.T.);
#1722 = EDGE_CURVE('',#1691,#1723,#1725,.T.);
#1723 = VERTEX_POINT('',#1724);
#1724 = CARTESIAN_POINT('',(-5.88,-9.,-0.6));
#1725 = LINE('',#1726,#1727);
#1726 = CARTESIAN_POINT('',(-5.68,-9.,-0.6));
#1727 = VECTOR('',#1728,1.);
#1728 = DIRECTION('',(-1.,0.,0.));
#1729 = ORIENTED_EDGE('',*,*,#1730,.F.);
#1730 = EDGE_CURVE('',#1731,#1723,#1733,.T.);
#1731 = VERTEX_POINT('',#1732);
#1732 = CARTESIAN_POINT('',(-5.88,-8.6,-0.6));
#1733 = LINE('',#1734,#1735);
#1734 = CARTESIAN_POINT('',(-5.88,-8.6,-0.6));
#1735 = VECTOR('',#1736,1.);
#1736 = DIRECTION('',(0.,-1.,2.2E-16));
#1737 = ORIENTED_EDGE('',*,*,#1738,.F.);
#1738 = EDGE_CURVE('',#1689,#1731,#1739,.T.);
#1739 = LINE('',#1740,#1741);
#1740 = CARTESIAN_POINT('',(-5.68,-8.6,-0.6));
#1741 = VECTOR('',#1742,1.);
#1742 = DIRECTION('',(-1.,0.,0.));
#1743 = PLANE('',#1744);
#1744 = AXIS2_PLACEMENT_3D('',#1745,#1746,#1747);
#1745 = CARTESIAN_POINT('',(-5.68,-8.6,-0.6));
#1746 = DIRECTION('',(0.,-2.2E-16,-1.));
#1747 = DIRECTION('',(-1.,0.,0.));
#1748 = ADVANCED_FACE('',(#1749),#1774,.T.);
#1749 = FACE_BOUND('',#1750,.T.);
#1750 = EDGE_LOOP('',(#1751,#1752,#1760,#1768));
#1751 = ORIENTED_EDGE('',*,*,#1730,.T.);
#1752 = ORIENTED_EDGE('',*,*,#1753,.T.);
#1753 = EDGE_CURVE('',#1723,#1754,#1756,.T.);
#1754 = VERTEX_POINT('',#1755);
#1755 = CARTESIAN_POINT('',(-5.88,-9.,-0.4));
#1756 = LINE('',#1757,#1758);
#1757 = CARTESIAN_POINT('',(-5.88,-9.,-0.6));
#1758 = VECTOR('',#1759,1.);
#1759 = DIRECTION('',(0.,-2.2E-16,1.));
#1760 = ORIENTED_EDGE('',*,*,#1761,.F.);
#1761 = EDGE_CURVE('',#1762,#1754,#1764,.T.);
#1762 = VERTEX_POINT('',#1763);
#1763 = CARTESIAN_POINT('',(-5.88,-8.6,-0.4));
#1764 = LINE('',#1765,#1766);
#1765 = CARTESIAN_POINT('',(-5.88,-8.6,-0.4));
#1766 = VECTOR('',#1767,1.);
#1767 = DIRECTION('',(0.,-1.,2.2E-16));
#1768 = ORIENTED_EDGE('',*,*,#1769,.F.);
#1769 = EDGE_CURVE('',#1731,#1762,#1770,.T.);
#1770 = LINE('',#1771,#1772);
#1771 = CARTESIAN_POINT('',(-5.88,-8.6,-0.6));
#1772 = VECTOR('',#1773,1.);
#1773 = DIRECTION('',(0.,-2.2E-16,1.));
#1774 = PLANE('',#1775);
#1775 = AXIS2_PLACEMENT_3D('',#1776,#1777,#1778);
#1776 = CARTESIAN_POINT('',(-5.88,-8.6,-0.6));
#1777 = DIRECTION('',(-1.,0.,0.));
#1778 = DIRECTION('',(0.,2.2E-16,1.));
#1779 = ADVANCED_FACE('',(#1780),#1805,.T.);
#1780 = FACE_BOUND('',#1781,.T.);
#1781 = EDGE_LOOP('',(#1782,#1783,#1791,#1799));
#1782 = ORIENTED_EDGE('',*,*,#1761,.T.);
#1783 = ORIENTED_EDGE('',*,*,#1784,.T.);
#1784 = EDGE_CURVE('',#1754,#1785,#1787,.T.);
#1785 = VERTEX_POINT('',#1786);
#1786 = CARTESIAN_POINT('',(-5.68,-9.,-0.4));
#1787 = LINE('',#1788,#1789);
#1788 = CARTESIAN_POINT('',(-5.88,-9.,-0.4));
#1789 = VECTOR('',#1790,1.);
#1790 = DIRECTION('',(1.,0.,0.));
#1791 = ORIENTED_EDGE('',*,*,#1792,.F.);
#1792 = EDGE_CURVE('',#1793,#1785,#1795,.T.);
#1793 = VERTEX_POINT('',#1794);
#1794 = CARTESIAN_POINT('',(-5.68,-8.6,-0.4));
#1795 = LINE('',#1796,#1797);
#1796 = CARTESIAN_POINT('',(-5.68,-8.6,-0.4));
#1797 = VECTOR('',#1798,1.);
#1798 = DIRECTION('',(0.,-1.,2.2E-16));
#1799 = ORIENTED_EDGE('',*,*,#1800,.F.);
#1800 = EDGE_CURVE('',#1762,#1793,#1801,.T.);
#1801 = LINE('',#1802,#1803);
#1802 = CARTESIAN_POINT('',(-5.88,-8.6,-0.4));
#1803 = VECTOR('',#1804,1.);
#1804 = DIRECTION('',(1.,0.,0.));
#1805 = PLANE('',#1806);
#1806 = AXIS2_PLACEMENT_3D('',#1807,#1808,#1809);
#1807 = CARTESIAN_POINT('',(-5.88,-8.6,-0.4));
#1808 = DIRECTION('',(0.,2.2E-16,1.));
#1809 = DIRECTION('',(1.,0.,0.));
#1810 = ADVANCED_FACE('',(#1811),#1838,.F.);
#1811 = FACE_BOUND('',#1812,.T.);
#1812 = EDGE_LOOP('',(#1813,#1814,#1823,#1831));
#1813 = ORIENTED_EDGE('',*,*,#1792,.T.);
#1814 = ORIENTED_EDGE('',*,*,#1815,.T.);
#1815 = EDGE_CURVE('',#1785,#1816,#1818,.T.);
#1816 = VERTEX_POINT('',#1817);
#1817 = CARTESIAN_POINT('',(-5.482797340563,-9.,-0.233333333333));
#1818 = CIRCLE('',#1819,0.2);
#1819 = AXIS2_PLACEMENT_3D('',#1820,#1821,#1822);
#1820 = CARTESIAN_POINT('',(-5.68,-9.,-0.2));
#1821 = DIRECTION('',(0.,-1.,-2.2E-16));
#1822 = DIRECTION('',(1.,0.,0.));
#1823 = ORIENTED_EDGE('',*,*,#1824,.F.);
#1824 = EDGE_CURVE('',#1825,#1816,#1827,.T.);
#1825 = VERTEX_POINT('',#1826);
#1826 = CARTESIAN_POINT('',(-5.482797340563,-8.6,-0.233333333333));
#1827 = LINE('',#1828,#1829);
#1828 = CARTESIAN_POINT('',(-5.482797340563,-8.6,-0.233333333333));
#1829 = VECTOR('',#1830,1.);
#1830 = DIRECTION('',(0.,-1.,2.2E-16));
#1831 = ORIENTED_EDGE('',*,*,#1832,.F.);
#1832 = EDGE_CURVE('',#1793,#1825,#1833,.T.);
#1833 = CIRCLE('',#1834,0.2);
#1834 = AXIS2_PLACEMENT_3D('',#1835,#1836,#1837);
#1835 = CARTESIAN_POINT('',(-5.68,-8.6,-0.2));
#1836 = DIRECTION('',(0.,-1.,-2.2E-16));
#1837 = DIRECTION('',(1.,0.,0.));
#1838 = CYLINDRICAL_SURFACE('',#1839,0.2);
#1839 = AXIS2_PLACEMENT_3D('',#1840,#1841,#1842);
#1840 = CARTESIAN_POINT('',(-5.68,-8.6,-0.2));
#1841 = DIRECTION('',(0.,1.,-2.2E-16));
#1842 = DIRECTION('',(1.,0.,0.));
#1843 = ADVANCED_FACE('',(#1844),#1871,.T.);
#1844 = FACE_BOUND('',#1845,.F.);
#1845 = EDGE_LOOP('',(#1846,#1856,#1863,#1864));
#1846 = ORIENTED_EDGE('',*,*,#1847,.T.);
#1847 = EDGE_CURVE('',#1848,#1850,#1852,.T.);
#1848 = VERTEX_POINT('',#1849);
#1849 = CARTESIAN_POINT('',(-5.08839202169,-8.6,0.1));
#1850 = VERTEX_POINT('',#1851);
#1851 = CARTESIAN_POINT('',(-5.08839202169,-9.,0.1));
#1852 = LINE('',#1853,#1854);
#1853 = CARTESIAN_POINT('',(-5.08839202169,-8.6,0.1));
#1854 = VECTOR('',#1855,1.);
#1855 = DIRECTION('',(0.,-1.,2.2E-16));
#1856 = ORIENTED_EDGE('',*,*,#1857,.T.);
#1857 = EDGE_CURVE('',#1850,#1816,#1858,.T.);
#1858 = CIRCLE('',#1859,0.4);
#1859 = AXIS2_PLACEMENT_3D('',#1860,#1861,#1862);
#1860 = CARTESIAN_POINT('',(-5.08839202169,-9.,-0.3));
#1861 = DIRECTION('',(0.,-1.,-2.2E-16));
#1862 = DIRECTION('',(1.,0.,0.));
#1863 = ORIENTED_EDGE('',*,*,#1824,.F.);
#1864 = ORIENTED_EDGE('',*,*,#1865,.F.);
#1865 = EDGE_CURVE('',#1848,#1825,#1866,.T.);
#1866 = CIRCLE('',#1867,0.4);
#1867 = AXIS2_PLACEMENT_3D('',#1868,#1869,#1870);
#1868 = CARTESIAN_POINT('',(-5.08839202169,-8.6,-0.3));
#1869 = DIRECTION('',(0.,-1.,-2.2E-16));
#1870 = DIRECTION('',(1.,0.,0.));
#1871 = CYLINDRICAL_SURFACE('',#1872,0.4);
#1872 = AXIS2_PLACEMENT_3D('',#1873,#1874,#1875);
#1873 = CARTESIAN_POINT('',(-5.08839202169,-8.6,-0.3));
#1874 = DIRECTION('',(0.,1.,-2.2E-16));
#1875 = DIRECTION('',(1.,0.,0.));
#1876 = ADVANCED_FACE('',(#1877),#1902,.T.);
#1877 = FACE_BOUND('',#1878,.T.);
#1878 = EDGE_LOOP('',(#1879,#1880,#1888,#1896));
#1879 = ORIENTED_EDGE('',*,*,#1847,.T.);
#1880 = ORIENTED_EDGE('',*,*,#1881,.T.);
#1881 = EDGE_CURVE('',#1850,#1882,#1884,.T.);
#1882 = VERTEX_POINT('',#1883);
#1883 = CARTESIAN_POINT('',(5.08839202169,-9.,1.E-01));
#1884 = LINE('',#1885,#1886);
#1885 = CARTESIAN_POINT('',(-5.08839202169,-9.,0.1));
#1886 = VECTOR('',#1887,1.);
#1887 = DIRECTION('',(1.,0.,-1.2E-16));
#1888 = ORIENTED_EDGE('',*,*,#1889,.F.);
#1889 = EDGE_CURVE('',#1890,#1882,#1892,.T.);
#1890 = VERTEX_POINT('',#1891);
#1891 = CARTESIAN_POINT('',(5.08839202169,-8.6,1.E-01));
#1892 = LINE('',#1893,#1894);
#1893 = CARTESIAN_POINT('',(5.08839202169,-8.6,1.E-01));
#1894 = VECTOR('',#1895,1.);
#1895 = DIRECTION('',(0.,-1.,2.2E-16));
#1896 = ORIENTED_EDGE('',*,*,#1897,.F.);
#1897 = EDGE_CURVE('',#1848,#1890,#1898,.T.);
#1898 = LINE('',#1899,#1900);
#1899 = CARTESIAN_POINT('',(-5.08839202169,-8.6,0.1));
#1900 = VECTOR('',#1901,1.);
#1901 = DIRECTION('',(1.,0.,-1.2E-16));
#1902 = PLANE('',#1903);
#1903 = AXIS2_PLACEMENT_3D('',#1904,#1905,#1906);
#1904 = CARTESIAN_POINT('',(-5.08839202169,-8.6,0.1));
#1905 = DIRECTION('',(1.2E-16,2.2E-16,1.));
#1906 = DIRECTION('',(1.,0.,-1.2E-16));
#1907 = ADVANCED_FACE('',(#1908),#1935,.T.);
#1908 = FACE_BOUND('',#1909,.F.);
#1909 = EDGE_LOOP('',(#1910,#1920,#1927,#1928));
#1910 = ORIENTED_EDGE('',*,*,#1911,.T.);
#1911 = EDGE_CURVE('',#1912,#1914,#1916,.T.);
#1912 = VERTEX_POINT('',#1913);
#1913 = CARTESIAN_POINT('',(5.482797340563,-8.6,-0.233333333333));
#1914 = VERTEX_POINT('',#1915);
#1915 = CARTESIAN_POINT('',(5.482797340563,-9.,-0.233333333333));
#1916 = LINE('',#1917,#1918);
#1917 = CARTESIAN_POINT('',(5.482797340563,-8.6,-0.233333333333));
#1918 = VECTOR('',#1919,1.);
#1919 = DIRECTION('',(0.,-1.,2.2E-16));
#1920 = ORIENTED_EDGE('',*,*,#1921,.T.);
#1921 = EDGE_CURVE('',#1914,#1882,#1922,.T.);
#1922 = CIRCLE('',#1923,0.4);
#1923 = AXIS2_PLACEMENT_3D('',#1924,#1925,#1926);
#1924 = CARTESIAN_POINT('',(5.08839202169,-9.,-0.3));
#1925 = DIRECTION('',(0.,-1.,-2.2E-16));
#1926 = DIRECTION('',(1.,0.,0.));
#1927 = ORIENTED_EDGE('',*,*,#1889,.F.);
#1928 = ORIENTED_EDGE('',*,*,#1929,.F.);
#1929 = EDGE_CURVE('',#1912,#1890,#1930,.T.);
#1930 = CIRCLE('',#1931,0.4);
#1931 = AXIS2_PLACEMENT_3D('',#1932,#1933,#1934);
#1932 = CARTESIAN_POINT('',(5.08839202169,-8.6,-0.3));
#1933 = DIRECTION('',(0.,-1.,-2.2E-16));
#1934 = DIRECTION('',(1.,0.,0.));
#1935 = CYLINDRICAL_SURFACE('',#1936,0.4);
#1936 = AXIS2_PLACEMENT_3D('',#1937,#1938,#1939);
#1937 = CARTESIAN_POINT('',(5.08839202169,-8.6,-0.3));
#1938 = DIRECTION('',(0.,1.,-2.2E-16));
#1939 = DIRECTION('',(1.,0.,0.));
#1940 = ADVANCED_FACE('',(#1941),#1968,.F.);
#1941 = FACE_BOUND('',#1942,.T.);
#1942 = EDGE_LOOP('',(#1943,#1944,#1953,#1961));
#1943 = ORIENTED_EDGE('',*,*,#1911,.T.);
#1944 = ORIENTED_EDGE('',*,*,#1945,.T.);
#1945 = EDGE_CURVE('',#1914,#1946,#1948,.T.);
#1946 = VERTEX_POINT('',#1947);
#1947 = CARTESIAN_POINT('',(5.68,-9.,-0.4));
#1948 = CIRCLE('',#1949,0.2);
#1949 = AXIS2_PLACEMENT_3D('',#1950,#1951,#1952);
#1950 = CARTESIAN_POINT('',(5.68,-9.,-0.2));
#1951 = DIRECTION('',(0.,-1.,-2.2E-16));
#1952 = DIRECTION('',(1.,0.,0.));
#1953 = ORIENTED_EDGE('',*,*,#1954,.F.);
#1954 = EDGE_CURVE('',#1955,#1946,#1957,.T.);
#1955 = VERTEX_POINT('',#1956);
#1956 = CARTESIAN_POINT('',(5.68,-8.6,-0.4));
#1957 = LINE('',#1958,#1959);
#1958 = CARTESIAN_POINT('',(5.68,-8.6,-0.4));
#1959 = VECTOR('',#1960,1.);
#1960 = DIRECTION('',(0.,-1.,2.2E-16));
#1961 = ORIENTED_EDGE('',*,*,#1962,.F.);
#1962 = EDGE_CURVE('',#1912,#1955,#1963,.T.);
#1963 = CIRCLE('',#1964,0.2);
#1964 = AXIS2_PLACEMENT_3D('',#1965,#1966,#1967);
#1965 = CARTESIAN_POINT('',(5.68,-8.6,-0.2));
#1966 = DIRECTION('',(0.,-1.,-2.2E-16));
#1967 = DIRECTION('',(1.,0.,0.));
#1968 = CYLINDRICAL_SURFACE('',#1969,0.2);
#1969 = AXIS2_PLACEMENT_3D('',#1970,#1971,#1972);
#1970 = CARTESIAN_POINT('',(5.68,-8.6,-0.2));
#1971 = DIRECTION('',(0.,1.,-2.2E-16));
#1972 = DIRECTION('',(1.,0.,0.));
#1973 = ADVANCED_FACE('',(#1974),#1999,.T.);
#1974 = FACE_BOUND('',#1975,.T.);
#1975 = EDGE_LOOP('',(#1976,#1977,#1985,#1993));
#1976 = ORIENTED_EDGE('',*,*,#1954,.T.);
#1977 = ORIENTED_EDGE('',*,*,#1978,.T.);
#1978 = EDGE_CURVE('',#1946,#1979,#1981,.T.);
#1979 = VERTEX_POINT('',#1980);
#1980 = CARTESIAN_POINT('',(5.88,-9.,-0.4));
#1981 = LINE('',#1982,#1983);
#1982 = CARTESIAN_POINT('',(5.68,-9.,-0.4));
#1983 = VECTOR('',#1984,1.);
#1984 = DIRECTION('',(1.,0.,0.));
#1985 = ORIENTED_EDGE('',*,*,#1986,.F.);
#1986 = EDGE_CURVE('',#1987,#1979,#1989,.T.);
#1987 = VERTEX_POINT('',#1988);
#1988 = CARTESIAN_POINT('',(5.88,-8.6,-0.4));
#1989 = LINE('',#1990,#1991);
#1990 = CARTESIAN_POINT('',(5.88,-8.6,-0.4));
#1991 = VECTOR('',#1992,1.);
#1992 = DIRECTION('',(0.,-1.,2.2E-16));
#1993 = ORIENTED_EDGE('',*,*,#1994,.F.);
#1994 = EDGE_CURVE('',#1955,#1987,#1995,.T.);
#1995 = LINE('',#1996,#1997);
#1996 = CARTESIAN_POINT('',(5.68,-8.6,-0.4));
#1997 = VECTOR('',#1998,1.);
#1998 = DIRECTION('',(1.,0.,0.));
#1999 = PLANE('',#2000);
#2000 = AXIS2_PLACEMENT_3D('',#2001,#2002,#2003);
#2001 = CARTESIAN_POINT('',(5.68,-8.6,-0.4));
#2002 = DIRECTION('',(0.,2.2E-16,1.));
#2003 = DIRECTION('',(1.,0.,0.));
#2004 = ADVANCED_FACE('',(#2005),#2030,.T.);
#2005 = FACE_BOUND('',#2006,.T.);
#2006 = EDGE_LOOP('',(#2007,#2008,#2016,#2024));
#2007 = ORIENTED_EDGE('',*,*,#1986,.T.);
#2008 = ORIENTED_EDGE('',*,*,#2009,.T.);
#2009 = EDGE_CURVE('',#1979,#2010,#2012,.T.);
#2010 = VERTEX_POINT('',#2011);
#2011 = CARTESIAN_POINT('',(5.88,-9.,-0.6));
#2012 = LINE('',#2013,#2014);
#2013 = CARTESIAN_POINT('',(5.88,-9.,-0.4));
#2014 = VECTOR('',#2015,1.);
#2015 = DIRECTION('',(0.,2.2E-16,-1.));
#2016 = ORIENTED_EDGE('',*,*,#2017,.F.);
#2017 = EDGE_CURVE('',#2018,#2010,#2020,.T.);
#2018 = VERTEX_POINT('',#2019);
#2019 = CARTESIAN_POINT('',(5.88,-8.6,-0.6));
#2020 = LINE('',#2021,#2022);
#2021 = CARTESIAN_POINT('',(5.88,-8.6,-0.6));
#2022 = VECTOR('',#2023,1.);
#2023 = DIRECTION('',(0.,-1.,2.2E-16));
#2024 = ORIENTED_EDGE('',*,*,#2025,.F.);
#2025 = EDGE_CURVE('',#1987,#2018,#2026,.T.);
#2026 = LINE('',#2027,#2028);
#2027 = CARTESIAN_POINT('',(5.88,-8.6,-0.4));
#2028 = VECTOR('',#2029,1.);
#2029 = DIRECTION('',(0.,2.2E-16,-1.));
#2030 = PLANE('',#2031);
#2031 = AXIS2_PLACEMENT_3D('',#2032,#2033,#2034);
#2032 = CARTESIAN_POINT('',(5.88,-8.6,-0.4));
#2033 = DIRECTION('',(1.,0.,0.));
#2034 = DIRECTION('',(0.,-2.2E-16,-1.));
#2035 = ADVANCED_FACE('',(#2036),#2061,.T.);
#2036 = FACE_BOUND('',#2037,.T.);
#2037 = EDGE_LOOP('',(#2038,#2039,#2047,#2055));
#2038 = ORIENTED_EDGE('',*,*,#2017,.T.);
#2039 = ORIENTED_EDGE('',*,*,#2040,.T.);
#2040 = EDGE_CURVE('',#2010,#2041,#2043,.T.);
#2041 = VERTEX_POINT('',#2042);
#2042 = CARTESIAN_POINT('',(5.68,-9.,-0.6));
#2043 = LINE('',#2044,#2045);
#2044 = CARTESIAN_POINT('',(5.88,-9.,-0.6));
#2045 = VECTOR('',#2046,1.);
#2046 = DIRECTION('',(-1.,0.,0.));
#2047 = ORIENTED_EDGE('',*,*,#2048,.F.);
#2048 = EDGE_CURVE('',#2049,#2041,#2051,.T.);
#2049 = VERTEX_POINT('',#2050);
#2050 = CARTESIAN_POINT('',(5.68,-8.6,-0.6));
#2051 = LINE('',#2052,#2053);
#2052 = CARTESIAN_POINT('',(5.68,-8.6,-0.6));
#2053 = VECTOR('',#2054,1.);
#2054 = DIRECTION('',(0.,-1.,2.2E-16));
#2055 = ORIENTED_EDGE('',*,*,#2056,.F.);
#2056 = EDGE_CURVE('',#2018,#2049,#2057,.T.);
#2057 = LINE('',#2058,#2059);
#2058 = CARTESIAN_POINT('',(5.88,-8.6,-0.6));
#2059 = VECTOR('',#2060,1.);
#2060 = DIRECTION('',(-1.,0.,0.));
#2061 = PLANE('',#2062);
#2062 = AXIS2_PLACEMENT_3D('',#2063,#2064,#2065);
#2063 = CARTESIAN_POINT('',(5.88,-8.6,-0.6));
#2064 = DIRECTION('',(0.,-2.2E-16,-1.));
#2065 = DIRECTION('',(-1.,0.,0.));
#2066 = ADVANCED_FACE('',(#2067),#2094,.T.);
#2067 = FACE_BOUND('',#2068,.F.);
#2068 = EDGE_LOOP('',(#2069,#2079,#2086,#2087));
#2069 = ORIENTED_EDGE('',*,*,#2070,.T.);
#2070 = EDGE_CURVE('',#2071,#2073,#2075,.T.);
#2071 = VERTEX_POINT('',#2072);
#2072 = CARTESIAN_POINT('',(5.285594681127,-8.6,-0.266666666667));
#2073 = VERTEX_POINT('',#2074);
#2074 = CARTESIAN_POINT('',(5.285594681127,-9.,-0.266666666667));
#2075 = LINE('',#2076,#2077);
#2076 = CARTESIAN_POINT('',(5.285594681127,-8.6,-0.266666666667));
#2077 = VECTOR('',#2078,1.);
#2078 = DIRECTION('',(0.,-1.,2.2E-16));
#2079 = ORIENTED_EDGE('',*,*,#2080,.T.);
#2080 = EDGE_CURVE('',#2073,#2041,#2081,.T.);
#2081 = CIRCLE('',#2082,0.4);
#2082 = AXIS2_PLACEMENT_3D('',#2083,#2084,#2085);
#2083 = CARTESIAN_POINT('',(5.68,-9.,-0.2));
#2084 = DIRECTION('',(0.,-1.,-2.2E-16));
#2085 = DIRECTION('',(1.,0.,0.));
#2086 = ORIENTED_EDGE('',*,*,#2048,.F.);
#2087 = ORIENTED_EDGE('',*,*,#2088,.F.);
#2088 = EDGE_CURVE('',#2071,#2049,#2089,.T.);
#2089 = CIRCLE('',#2090,0.4);
#2090 = AXIS2_PLACEMENT_3D('',#2091,#2092,#2093);
#2091 = CARTESIAN_POINT('',(5.68,-8.6,-0.2));
#2092 = DIRECTION('',(0.,-1.,-2.2E-16));
#2093 = DIRECTION('',(1.,0.,0.));
#2094 = CYLINDRICAL_SURFACE('',#2095,0.4);
#2095 = AXIS2_PLACEMENT_3D('',#2096,#2097,#2098);
#2096 = CARTESIAN_POINT('',(5.68,-8.6,-0.2));
#2097 = DIRECTION('',(0.,1.,-2.2E-16));
#2098 = DIRECTION('',(1.,0.,0.));
#2099 = ADVANCED_FACE('',(#2100),#2127,.F.);
#2100 = FACE_BOUND('',#2101,.T.);
#2101 = EDGE_LOOP('',(#2102,#2103,#2112,#2120));
#2102 = ORIENTED_EDGE('',*,*,#2070,.T.);
#2103 = ORIENTED_EDGE('',*,*,#2104,.T.);
#2104 = EDGE_CURVE('',#2073,#2105,#2107,.T.);
#2105 = VERTEX_POINT('',#2106);
#2106 = CARTESIAN_POINT('',(5.08839202169,-9.,-0.1));
#2107 = CIRCLE('',#2108,0.2);
#2108 = AXIS2_PLACEMENT_3D('',#2109,#2110,#2111);
#2109 = CARTESIAN_POINT('',(5.08839202169,-9.,-0.3));
#2110 = DIRECTION('',(0.,-1.,-2.2E-16));
#2111 = DIRECTION('',(1.,0.,0.));
#2112 = ORIENTED_EDGE('',*,*,#2113,.F.);
#2113 = EDGE_CURVE('',#2114,#2105,#2116,.T.);
#2114 = VERTEX_POINT('',#2115);
#2115 = CARTESIAN_POINT('',(5.08839202169,-8.6,-0.1));
#2116 = LINE('',#2117,#2118);
#2117 = CARTESIAN_POINT('',(5.08839202169,-8.6,-0.1));
#2118 = VECTOR('',#2119,1.);
#2119 = DIRECTION('',(0.,-1.,2.2E-16));
#2120 = ORIENTED_EDGE('',*,*,#2121,.F.);
#2121 = EDGE_CURVE('',#2071,#2114,#2122,.T.);
#2122 = CIRCLE('',#2123,0.2);
#2123 = AXIS2_PLACEMENT_3D('',#2124,#2125,#2126);
#2124 = CARTESIAN_POINT('',(5.08839202169,-8.6,-0.3));
#2125 = DIRECTION('',(0.,-1.,-2.2E-16));
#2126 = DIRECTION('',(1.,0.,0.));
#2127 = CYLINDRICAL_SURFACE('',#2128,0.2);
#2128 = AXIS2_PLACEMENT_3D('',#2129,#2130,#2131);
#2129 = CARTESIAN_POINT('',(5.08839202169,-8.6,-0.3));
#2130 = DIRECTION('',(0.,1.,-2.2E-16));
#2131 = DIRECTION('',(1.,0.,0.));
#2132 = ADVANCED_FACE('',(#2133),#2149,.F.);
#2133 = FACE_BOUND('',#2134,.F.);
#2134 = EDGE_LOOP('',(#2135,#2136,#2142,#2143));
#2135 = ORIENTED_EDGE('',*,*,#1646,.T.);
#2136 = ORIENTED_EDGE('',*,*,#2137,.T.);
#2137 = EDGE_CURVE('',#1649,#2105,#2138,.T.);
#2138 = LINE('',#2139,#2140);
#2139 = CARTESIAN_POINT('',(-5.08839202169,-9.,-0.1));
#2140 = VECTOR('',#2141,1.);
#2141 = DIRECTION('',(1.,0.,-1.3E-16));
#2142 = ORIENTED_EDGE('',*,*,#2113,.F.);
#2143 = ORIENTED_EDGE('',*,*,#2144,.F.);
#2144 = EDGE_CURVE('',#1647,#2114,#2145,.T.);
#2145 = LINE('',#2146,#2147);
#2146 = CARTESIAN_POINT('',(-5.08839202169,-8.6,-0.1));
#2147 = VECTOR('',#2148,1.);
#2148 = DIRECTION('',(1.,0.,-1.3E-16));
#2149 = PLANE('',#2150);
#2150 = AXIS2_PLACEMENT_3D('',#2151,#2152,#2153);
#2151 = CARTESIAN_POINT('',(-5.08839202169,-8.6,-0.1));
#2152 = DIRECTION('',(1.3E-16,2.2E-16,1.));
#2153 = DIRECTION('',(1.,0.,-1.3E-16));
#2154 = ADVANCED_FACE('',(#2155),#2173,.T.);
#2155 = FACE_BOUND('',#2156,.T.);
#2156 = EDGE_LOOP('',(#2157,#2158,#2159,#2160,#2161,#2162,#2163,#2164,
    #2165,#2166,#2167,#2168,#2169,#2170,#2171,#2172));
#2157 = ORIENTED_EDGE('',*,*,#1673,.T.);
#2158 = ORIENTED_EDGE('',*,*,#1706,.F.);
#2159 = ORIENTED_EDGE('',*,*,#1738,.T.);
#2160 = ORIENTED_EDGE('',*,*,#1769,.T.);
#2161 = ORIENTED_EDGE('',*,*,#1800,.T.);
#2162 = ORIENTED_EDGE('',*,*,#1832,.T.);
#2163 = ORIENTED_EDGE('',*,*,#1865,.F.);
#2164 = ORIENTED_EDGE('',*,*,#1897,.T.);
#2165 = ORIENTED_EDGE('',*,*,#1929,.F.);
#2166 = ORIENTED_EDGE('',*,*,#1962,.T.);
#2167 = ORIENTED_EDGE('',*,*,#1994,.T.);
#2168 = ORIENTED_EDGE('',*,*,#2025,.T.);
#2169 = ORIENTED_EDGE('',*,*,#2056,.T.);
#2170 = ORIENTED_EDGE('',*,*,#2088,.F.);
#2171 = ORIENTED_EDGE('',*,*,#2121,.T.);
#2172 = ORIENTED_EDGE('',*,*,#2144,.F.);
#2173 = PLANE('',#2174);
#2174 = AXIS2_PLACEMENT_3D('',#2175,#2176,#2177);
#2175 = CARTESIAN_POINT('',(-2.9E-16,-8.6,-5.76254089512E-02));
#2176 = DIRECTION('',(0.,1.,2.2E-16));
#2177 = DIRECTION('',(0.,-2.2E-16,1.));
#2178 = ADVANCED_FACE('',(#2179),#2197,.F.);
#2179 = FACE_BOUND('',#2180,.F.);
#2180 = EDGE_LOOP('',(#2181,#2182,#2183,#2184,#2185,#2186,#2187,#2188,
    #2189,#2190,#2191,#2192,#2193,#2194,#2195,#2196));
#2181 = ORIENTED_EDGE('',*,*,#1656,.T.);
#2182 = ORIENTED_EDGE('',*,*,#1698,.F.);
#2183 = ORIENTED_EDGE('',*,*,#1722,.T.);
#2184 = ORIENTED_EDGE('',*,*,#1753,.T.);
#2185 = ORIENTED_EDGE('',*,*,#1784,.T.);
#2186 = ORIENTED_EDGE('',*,*,#1815,.T.);
#2187 = ORIENTED_EDGE('',*,*,#1857,.F.);
#2188 = ORIENTED_EDGE('',*,*,#1881,.T.);
#2189 = ORIENTED_EDGE('',*,*,#1921,.F.);
#2190 = ORIENTED_EDGE('',*,*,#1945,.T.);
#2191 = ORIENTED_EDGE('',*,*,#1978,.T.);
#2192 = ORIENTED_EDGE('',*,*,#2009,.T.);
#2193 = ORIENTED_EDGE('',*,*,#2040,.T.);
#2194 = ORIENTED_EDGE('',*,*,#2080,.F.);
#2195 = ORIENTED_EDGE('',*,*,#2104,.T.);
#2196 = ORIENTED_EDGE('',*,*,#2137,.F.);
#2197 = PLANE('',#2198);
#2198 = AXIS2_PLACEMENT_3D('',#2199,#2200,#2201);
#2199 = CARTESIAN_POINT('',(-2.9E-16,-9.,-5.76254089512E-02));
#2200 = DIRECTION('',(0.,1.,2.2E-16));
#2201 = DIRECTION('',(0.,-2.2E-16,1.));
#2202 = MANIFOLD_SOLID_BREP('',#2203);
#2203 = CLOSED_SHELL('',(#2204,#2246,#2279,#2310,#2341,#2372,#2405,#2438
    ,#2469,#2502,#2535,#2566,#2597,#2628,#2661,#2694,#2716,#2740));
#2204 = ADVANCED_FACE('',(#2205),#2241,.F.);
#2205 = FACE_BOUND('',#2206,.T.);
#2206 = EDGE_LOOP('',(#2207,#2217,#2226,#2234));
#2207 = ORIENTED_EDGE('',*,*,#2208,.T.);
#2208 = EDGE_CURVE('',#2209,#2211,#2213,.T.);
#2209 = VERTEX_POINT('',#2210);
#2210 = CARTESIAN_POINT('',(-5.08839202169,-7.8,-0.1));
#2211 = VERTEX_POINT('',#2212);
#2212 = CARTESIAN_POINT('',(-5.08839202169,-8.2,-0.1));
#2213 = LINE('',#2214,#2215);
#2214 = CARTESIAN_POINT('',(-5.08839202169,-7.8,-0.1));
#2215 = VECTOR('',#2216,1.);
#2216 = DIRECTION('',(0.,-1.,2.2E-16));
#2217 = ORIENTED_EDGE('',*,*,#2218,.T.);
#2218 = EDGE_CURVE('',#2211,#2219,#2221,.T.);
#2219 = VERTEX_POINT('',#2220);
#2220 = CARTESIAN_POINT('',(-5.285594681127,-8.2,-0.266666666667));
#2221 = CIRCLE('',#2222,0.2);
#2222 = AXIS2_PLACEMENT_3D('',#2223,#2224,#2225);
#2223 = CARTESIAN_POINT('',(-5.08839202169,-8.2,-0.3));
#2224 = DIRECTION('',(0.,-1.,-2.2E-16));
#2225 = DIRECTION('',(1.,0.,0.));
#2226 = ORIENTED_EDGE('',*,*,#2227,.F.);
#2227 = EDGE_CURVE('',#2228,#2219,#2230,.T.);
#2228 = VERTEX_POINT('',#2229);
#2229 = CARTESIAN_POINT('',(-5.285594681127,-7.8,-0.266666666667));
#2230 = LINE('',#2231,#2232);
#2231 = CARTESIAN_POINT('',(-5.285594681127,-7.8,-0.266666666667));
#2232 = VECTOR('',#2233,1.);
#2233 = DIRECTION('',(0.,-1.,2.2E-16));
#2234 = ORIENTED_EDGE('',*,*,#2235,.F.);
#2235 = EDGE_CURVE('',#2209,#2228,#2236,.T.);
#2236 = CIRCLE('',#2237,0.2);
#2237 = AXIS2_PLACEMENT_3D('',#2238,#2239,#2240);
#2238 = CARTESIAN_POINT('',(-5.08839202169,-7.8,-0.3));
#2239 = DIRECTION('',(0.,-1.,-2.2E-16));
#2240 = DIRECTION('',(1.,0.,0.));
#2241 = CYLINDRICAL_SURFACE('',#2242,0.2);
#2242 = AXIS2_PLACEMENT_3D('',#2243,#2244,#2245);
#2243 = CARTESIAN_POINT('',(-5.08839202169,-7.8,-0.3));
#2244 = DIRECTION('',(0.,1.,-2.2E-16));
#2245 = DIRECTION('',(1.,0.,0.));
#2246 = ADVANCED_FACE('',(#2247),#2274,.T.);
#2247 = FACE_BOUND('',#2248,.F.);
#2248 = EDGE_LOOP('',(#2249,#2259,#2266,#2267));
#2249 = ORIENTED_EDGE('',*,*,#2250,.T.);
#2250 = EDGE_CURVE('',#2251,#2253,#2255,.T.);
#2251 = VERTEX_POINT('',#2252);
#2252 = CARTESIAN_POINT('',(-5.68,-7.8,-0.6));
#2253 = VERTEX_POINT('',#2254);
#2254 = CARTESIAN_POINT('',(-5.68,-8.2,-0.6));
#2255 = LINE('',#2256,#2257);
#2256 = CARTESIAN_POINT('',(-5.68,-7.8,-0.6));
#2257 = VECTOR('',#2258,1.);
#2258 = DIRECTION('',(0.,-1.,2.2E-16));
#2259 = ORIENTED_EDGE('',*,*,#2260,.T.);
#2260 = EDGE_CURVE('',#2253,#2219,#2261,.T.);
#2261 = CIRCLE('',#2262,0.4);
#2262 = AXIS2_PLACEMENT_3D('',#2263,#2264,#2265);
#2263 = CARTESIAN_POINT('',(-5.68,-8.2,-0.2));
#2264 = DIRECTION('',(0.,-1.,-2.2E-16));
#2265 = DIRECTION('',(1.,0.,0.));
#2266 = ORIENTED_EDGE('',*,*,#2227,.F.);
#2267 = ORIENTED_EDGE('',*,*,#2268,.F.);
#2268 = EDGE_CURVE('',#2251,#2228,#2269,.T.);
#2269 = CIRCLE('',#2270,0.4);
#2270 = AXIS2_PLACEMENT_3D('',#2271,#2272,#2273);
#2271 = CARTESIAN_POINT('',(-5.68,-7.8,-0.2));
#2272 = DIRECTION('',(0.,-1.,-2.2E-16));
#2273 = DIRECTION('',(1.,0.,0.));
#2274 = CYLINDRICAL_SURFACE('',#2275,0.4);
#2275 = AXIS2_PLACEMENT_3D('',#2276,#2277,#2278);
#2276 = CARTESIAN_POINT('',(-5.68,-7.8,-0.2));
#2277 = DIRECTION('',(0.,1.,-2.2E-16));
#2278 = DIRECTION('',(1.,0.,0.));
#2279 = ADVANCED_FACE('',(#2280),#2305,.T.);
#2280 = FACE_BOUND('',#2281,.T.);
#2281 = EDGE_LOOP('',(#2282,#2283,#2291,#2299));
#2282 = ORIENTED_EDGE('',*,*,#2250,.T.);
#2283 = ORIENTED_EDGE('',*,*,#2284,.T.);
#2284 = EDGE_CURVE('',#2253,#2285,#2287,.T.);
#2285 = VERTEX_POINT('',#2286);
#2286 = CARTESIAN_POINT('',(-5.88,-8.2,-0.6));
#2287 = LINE('',#2288,#2289);
#2288 = CARTESIAN_POINT('',(-5.68,-8.2,-0.6));
#2289 = VECTOR('',#2290,1.);
#2290 = DIRECTION('',(-1.,0.,0.));
#2291 = ORIENTED_EDGE('',*,*,#2292,.F.);
#2292 = EDGE_CURVE('',#2293,#2285,#2295,.T.);
#2293 = VERTEX_POINT('',#2294);
#2294 = CARTESIAN_POINT('',(-5.88,-7.8,-0.6));
#2295 = LINE('',#2296,#2297);
#2296 = CARTESIAN_POINT('',(-5.88,-7.8,-0.6));
#2297 = VECTOR('',#2298,1.);
#2298 = DIRECTION('',(0.,-1.,2.2E-16));
#2299 = ORIENTED_EDGE('',*,*,#2300,.F.);
#2300 = EDGE_CURVE('',#2251,#2293,#2301,.T.);
#2301 = LINE('',#2302,#2303);
#2302 = CARTESIAN_POINT('',(-5.68,-7.8,-0.6));
#2303 = VECTOR('',#2304,1.);
#2304 = DIRECTION('',(-1.,0.,0.));
#2305 = PLANE('',#2306);
#2306 = AXIS2_PLACEMENT_3D('',#2307,#2308,#2309);
#2307 = CARTESIAN_POINT('',(-5.68,-7.8,-0.6));
#2308 = DIRECTION('',(0.,-2.2E-16,-1.));
#2309 = DIRECTION('',(-1.,0.,0.));
#2310 = ADVANCED_FACE('',(#2311),#2336,.T.);
#2311 = FACE_BOUND('',#2312,.T.);
#2312 = EDGE_LOOP('',(#2313,#2314,#2322,#2330));
#2313 = ORIENTED_EDGE('',*,*,#2292,.T.);
#2314 = ORIENTED_EDGE('',*,*,#2315,.T.);
#2315 = EDGE_CURVE('',#2285,#2316,#2318,.T.);
#2316 = VERTEX_POINT('',#2317);
#2317 = CARTESIAN_POINT('',(-5.88,-8.2,-0.4));
#2318 = LINE('',#2319,#2320);
#2319 = CARTESIAN_POINT('',(-5.88,-8.2,-0.6));
#2320 = VECTOR('',#2321,1.);
#2321 = DIRECTION('',(0.,-2.2E-16,1.));
#2322 = ORIENTED_EDGE('',*,*,#2323,.F.);
#2323 = EDGE_CURVE('',#2324,#2316,#2326,.T.);
#2324 = VERTEX_POINT('',#2325);
#2325 = CARTESIAN_POINT('',(-5.88,-7.8,-0.4));
#2326 = LINE('',#2327,#2328);
#2327 = CARTESIAN_POINT('',(-5.88,-7.8,-0.4));
#2328 = VECTOR('',#2329,1.);
#2329 = DIRECTION('',(0.,-1.,2.2E-16));
#2330 = ORIENTED_EDGE('',*,*,#2331,.F.);
#2331 = EDGE_CURVE('',#2293,#2324,#2332,.T.);
#2332 = LINE('',#2333,#2334);
#2333 = CARTESIAN_POINT('',(-5.88,-7.8,-0.6));
#2334 = VECTOR('',#2335,1.);
#2335 = DIRECTION('',(0.,-2.2E-16,1.));
#2336 = PLANE('',#2337);
#2337 = AXIS2_PLACEMENT_3D('',#2338,#2339,#2340);
#2338 = CARTESIAN_POINT('',(-5.88,-7.8,-0.6));
#2339 = DIRECTION('',(-1.,0.,0.));
#2340 = DIRECTION('',(0.,2.2E-16,1.));
#2341 = ADVANCED_FACE('',(#2342),#2367,.T.);
#2342 = FACE_BOUND('',#2343,.T.);
#2343 = EDGE_LOOP('',(#2344,#2345,#2353,#2361));
#2344 = ORIENTED_EDGE('',*,*,#2323,.T.);
#2345 = ORIENTED_EDGE('',*,*,#2346,.T.);
#2346 = EDGE_CURVE('',#2316,#2347,#2349,.T.);
#2347 = VERTEX_POINT('',#2348);
#2348 = CARTESIAN_POINT('',(-5.68,-8.2,-0.4));
#2349 = LINE('',#2350,#2351);
#2350 = CARTESIAN_POINT('',(-5.88,-8.2,-0.4));
#2351 = VECTOR('',#2352,1.);
#2352 = DIRECTION('',(1.,0.,0.));
#2353 = ORIENTED_EDGE('',*,*,#2354,.F.);
#2354 = EDGE_CURVE('',#2355,#2347,#2357,.T.);
#2355 = VERTEX_POINT('',#2356);
#2356 = CARTESIAN_POINT('',(-5.68,-7.8,-0.4));
#2357 = LINE('',#2358,#2359);
#2358 = CARTESIAN_POINT('',(-5.68,-7.8,-0.4));
#2359 = VECTOR('',#2360,1.);
#2360 = DIRECTION('',(0.,-1.,2.2E-16));
#2361 = ORIENTED_EDGE('',*,*,#2362,.F.);
#2362 = EDGE_CURVE('',#2324,#2355,#2363,.T.);
#2363 = LINE('',#2364,#2365);
#2364 = CARTESIAN_POINT('',(-5.88,-7.8,-0.4));
#2365 = VECTOR('',#2366,1.);
#2366 = DIRECTION('',(1.,0.,0.));
#2367 = PLANE('',#2368);
#2368 = AXIS2_PLACEMENT_3D('',#2369,#2370,#2371);
#2369 = CARTESIAN_POINT('',(-5.88,-7.8,-0.4));
#2370 = DIRECTION('',(0.,2.2E-16,1.));
#2371 = DIRECTION('',(1.,0.,0.));
#2372 = ADVANCED_FACE('',(#2373),#2400,.F.);
#2373 = FACE_BOUND('',#2374,.T.);
#2374 = EDGE_LOOP('',(#2375,#2376,#2385,#2393));
#2375 = ORIENTED_EDGE('',*,*,#2354,.T.);
#2376 = ORIENTED_EDGE('',*,*,#2377,.T.);
#2377 = EDGE_CURVE('',#2347,#2378,#2380,.T.);
#2378 = VERTEX_POINT('',#2379);
#2379 = CARTESIAN_POINT('',(-5.482797340563,-8.2,-0.233333333333));
#2380 = CIRCLE('',#2381,0.2);
#2381 = AXIS2_PLACEMENT_3D('',#2382,#2383,#2384);
#2382 = CARTESIAN_POINT('',(-5.68,-8.2,-0.2));
#2383 = DIRECTION('',(0.,-1.,-2.2E-16));
#2384 = DIRECTION('',(1.,0.,0.));
#2385 = ORIENTED_EDGE('',*,*,#2386,.F.);
#2386 = EDGE_CURVE('',#2387,#2378,#2389,.T.);
#2387 = VERTEX_POINT('',#2388);
#2388 = CARTESIAN_POINT('',(-5.482797340563,-7.8,-0.233333333333));
#2389 = LINE('',#2390,#2391);
#2390 = CARTESIAN_POINT('',(-5.482797340563,-7.8,-0.233333333333));
#2391 = VECTOR('',#2392,1.);
#2392 = DIRECTION('',(0.,-1.,2.2E-16));
#2393 = ORIENTED_EDGE('',*,*,#2394,.F.);
#2394 = EDGE_CURVE('',#2355,#2387,#2395,.T.);
#2395 = CIRCLE('',#2396,0.2);
#2396 = AXIS2_PLACEMENT_3D('',#2397,#2398,#2399);
#2397 = CARTESIAN_POINT('',(-5.68,-7.8,-0.2));
#2398 = DIRECTION('',(0.,-1.,-2.2E-16));
#2399 = DIRECTION('',(1.,0.,0.));
#2400 = CYLINDRICAL_SURFACE('',#2401,0.2);
#2401 = AXIS2_PLACEMENT_3D('',#2402,#2403,#2404);
#2402 = CARTESIAN_POINT('',(-5.68,-7.8,-0.2));
#2403 = DIRECTION('',(0.,1.,-2.2E-16));
#2404 = DIRECTION('',(1.,0.,0.));
#2405 = ADVANCED_FACE('',(#2406),#2433,.T.);
#2406 = FACE_BOUND('',#2407,.F.);
#2407 = EDGE_LOOP('',(#2408,#2418,#2425,#2426));
#2408 = ORIENTED_EDGE('',*,*,#2409,.T.);
#2409 = EDGE_CURVE('',#2410,#2412,#2414,.T.);
#2410 = VERTEX_POINT('',#2411);
#2411 = CARTESIAN_POINT('',(-5.08839202169,-7.8,0.1));
#2412 = VERTEX_POINT('',#2413);
#2413 = CARTESIAN_POINT('',(-5.08839202169,-8.2,0.1));
#2414 = LINE('',#2415,#2416);
#2415 = CARTESIAN_POINT('',(-5.08839202169,-7.8,0.1));
#2416 = VECTOR('',#2417,1.);
#2417 = DIRECTION('',(0.,-1.,2.2E-16));
#2418 = ORIENTED_EDGE('',*,*,#2419,.T.);
#2419 = EDGE_CURVE('',#2412,#2378,#2420,.T.);
#2420 = CIRCLE('',#2421,0.4);
#2421 = AXIS2_PLACEMENT_3D('',#2422,#2423,#2424);
#2422 = CARTESIAN_POINT('',(-5.08839202169,-8.2,-0.3));
#2423 = DIRECTION('',(0.,-1.,-2.2E-16));
#2424 = DIRECTION('',(1.,0.,0.));
#2425 = ORIENTED_EDGE('',*,*,#2386,.F.);
#2426 = ORIENTED_EDGE('',*,*,#2427,.F.);
#2427 = EDGE_CURVE('',#2410,#2387,#2428,.T.);
#2428 = CIRCLE('',#2429,0.4);
#2429 = AXIS2_PLACEMENT_3D('',#2430,#2431,#2432);
#2430 = CARTESIAN_POINT('',(-5.08839202169,-7.8,-0.3));
#2431 = DIRECTION('',(0.,-1.,-2.2E-16));
#2432 = DIRECTION('',(1.,0.,0.));
#2433 = CYLINDRICAL_SURFACE('',#2434,0.4);
#2434 = AXIS2_PLACEMENT_3D('',#2435,#2436,#2437);
#2435 = CARTESIAN_POINT('',(-5.08839202169,-7.8,-0.3));
#2436 = DIRECTION('',(0.,1.,-2.2E-16));
#2437 = DIRECTION('',(1.,0.,0.));
#2438 = ADVANCED_FACE('',(#2439),#2464,.T.);
#2439 = FACE_BOUND('',#2440,.T.);
#2440 = EDGE_LOOP('',(#2441,#2442,#2450,#2458));
#2441 = ORIENTED_EDGE('',*,*,#2409,.T.);
#2442 = ORIENTED_EDGE('',*,*,#2443,.T.);
#2443 = EDGE_CURVE('',#2412,#2444,#2446,.T.);
#2444 = VERTEX_POINT('',#2445);
#2445 = CARTESIAN_POINT('',(5.08839202169,-8.2,1.E-01));
#2446 = LINE('',#2447,#2448);
#2447 = CARTESIAN_POINT('',(-5.08839202169,-8.2,0.1));
#2448 = VECTOR('',#2449,1.);
#2449 = DIRECTION('',(1.,0.,-1.2E-16));
#2450 = ORIENTED_EDGE('',*,*,#2451,.F.);
#2451 = EDGE_CURVE('',#2452,#2444,#2454,.T.);
#2452 = VERTEX_POINT('',#2453);
#2453 = CARTESIAN_POINT('',(5.08839202169,-7.8,1.E-01));
#2454 = LINE('',#2455,#2456);
#2455 = CARTESIAN_POINT('',(5.08839202169,-7.8,1.E-01));
#2456 = VECTOR('',#2457,1.);
#2457 = DIRECTION('',(0.,-1.,2.2E-16));
#2458 = ORIENTED_EDGE('',*,*,#2459,.F.);
#2459 = EDGE_CURVE('',#2410,#2452,#2460,.T.);
#2460 = LINE('',#2461,#2462);
#2461 = CARTESIAN_POINT('',(-5.08839202169,-7.8,0.1));
#2462 = VECTOR('',#2463,1.);
#2463 = DIRECTION('',(1.,0.,-1.2E-16));
#2464 = PLANE('',#2465);
#2465 = AXIS2_PLACEMENT_3D('',#2466,#2467,#2468);
#2466 = CARTESIAN_POINT('',(-5.08839202169,-7.8,0.1));
#2467 = DIRECTION('',(1.2E-16,2.2E-16,1.));
#2468 = DIRECTION('',(1.,0.,-1.2E-16));
#2469 = ADVANCED_FACE('',(#2470),#2497,.T.);
#2470 = FACE_BOUND('',#2471,.F.);
#2471 = EDGE_LOOP('',(#2472,#2482,#2489,#2490));
#2472 = ORIENTED_EDGE('',*,*,#2473,.T.);
#2473 = EDGE_CURVE('',#2474,#2476,#2478,.T.);
#2474 = VERTEX_POINT('',#2475);
#2475 = CARTESIAN_POINT('',(5.482797340563,-7.8,-0.233333333333));
#2476 = VERTEX_POINT('',#2477);
#2477 = CARTESIAN_POINT('',(5.482797340563,-8.2,-0.233333333333));
#2478 = LINE('',#2479,#2480);
#2479 = CARTESIAN_POINT('',(5.482797340563,-7.8,-0.233333333333));
#2480 = VECTOR('',#2481,1.);
#2481 = DIRECTION('',(0.,-1.,2.2E-16));
#2482 = ORIENTED_EDGE('',*,*,#2483,.T.);
#2483 = EDGE_CURVE('',#2476,#2444,#2484,.T.);
#2484 = CIRCLE('',#2485,0.4);
#2485 = AXIS2_PLACEMENT_3D('',#2486,#2487,#2488);
#2486 = CARTESIAN_POINT('',(5.08839202169,-8.2,-0.3));
#2487 = DIRECTION('',(0.,-1.,-2.2E-16));
#2488 = DIRECTION('',(1.,0.,0.));
#2489 = ORIENTED_EDGE('',*,*,#2451,.F.);
#2490 = ORIENTED_EDGE('',*,*,#2491,.F.);
#2491 = EDGE_CURVE('',#2474,#2452,#2492,.T.);
#2492 = CIRCLE('',#2493,0.4);
#2493 = AXIS2_PLACEMENT_3D('',#2494,#2495,#2496);
#2494 = CARTESIAN_POINT('',(5.08839202169,-7.8,-0.3));
#2495 = DIRECTION('',(0.,-1.,-2.2E-16));
#2496 = DIRECTION('',(1.,0.,0.));
#2497 = CYLINDRICAL_SURFACE('',#2498,0.4);
#2498 = AXIS2_PLACEMENT_3D('',#2499,#2500,#2501);
#2499 = CARTESIAN_POINT('',(5.08839202169,-7.8,-0.3));
#2500 = DIRECTION('',(0.,1.,-2.2E-16));
#2501 = DIRECTION('',(1.,0.,0.));
#2502 = ADVANCED_FACE('',(#2503),#2530,.F.);
#2503 = FACE_BOUND('',#2504,.T.);
#2504 = EDGE_LOOP('',(#2505,#2506,#2515,#2523));
#2505 = ORIENTED_EDGE('',*,*,#2473,.T.);
#2506 = ORIENTED_EDGE('',*,*,#2507,.T.);
#2507 = EDGE_CURVE('',#2476,#2508,#2510,.T.);
#2508 = VERTEX_POINT('',#2509);
#2509 = CARTESIAN_POINT('',(5.68,-8.2,-0.4));
#2510 = CIRCLE('',#2511,0.2);
#2511 = AXIS2_PLACEMENT_3D('',#2512,#2513,#2514);
#2512 = CARTESIAN_POINT('',(5.68,-8.2,-0.2));
#2513 = DIRECTION('',(0.,-1.,-2.2E-16));
#2514 = DIRECTION('',(1.,0.,0.));
#2515 = ORIENTED_EDGE('',*,*,#2516,.F.);
#2516 = EDGE_CURVE('',#2517,#2508,#2519,.T.);
#2517 = VERTEX_POINT('',#2518);
#2518 = CARTESIAN_POINT('',(5.68,-7.8,-0.4));
#2519 = LINE('',#2520,#2521);
#2520 = CARTESIAN_POINT('',(5.68,-7.8,-0.4));
#2521 = VECTOR('',#2522,1.);
#2522 = DIRECTION('',(0.,-1.,2.2E-16));
#2523 = ORIENTED_EDGE('',*,*,#2524,.F.);
#2524 = EDGE_CURVE('',#2474,#2517,#2525,.T.);
#2525 = CIRCLE('',#2526,0.2);
#2526 = AXIS2_PLACEMENT_3D('',#2527,#2528,#2529);
#2527 = CARTESIAN_POINT('',(5.68,-7.8,-0.2));
#2528 = DIRECTION('',(0.,-1.,-2.2E-16));
#2529 = DIRECTION('',(1.,0.,0.));
#2530 = CYLINDRICAL_SURFACE('',#2531,0.2);
#2531 = AXIS2_PLACEMENT_3D('',#2532,#2533,#2534);
#2532 = CARTESIAN_POINT('',(5.68,-7.8,-0.2));
#2533 = DIRECTION('',(0.,1.,-2.2E-16));
#2534 = DIRECTION('',(1.,0.,0.));
#2535 = ADVANCED_FACE('',(#2536),#2561,.T.);
#2536 = FACE_BOUND('',#2537,.T.);
#2537 = EDGE_LOOP('',(#2538,#2539,#2547,#2555));
#2538 = ORIENTED_EDGE('',*,*,#2516,.T.);
#2539 = ORIENTED_EDGE('',*,*,#2540,.T.);
#2540 = EDGE_CURVE('',#2508,#2541,#2543,.T.);
#2541 = VERTEX_POINT('',#2542);
#2542 = CARTESIAN_POINT('',(5.88,-8.2,-0.4));
#2543 = LINE('',#2544,#2545);
#2544 = CARTESIAN_POINT('',(5.68,-8.2,-0.4));
#2545 = VECTOR('',#2546,1.);
#2546 = DIRECTION('',(1.,0.,0.));
#2547 = ORIENTED_EDGE('',*,*,#2548,.F.);
#2548 = EDGE_CURVE('',#2549,#2541,#2551,.T.);
#2549 = VERTEX_POINT('',#2550);
#2550 = CARTESIAN_POINT('',(5.88,-7.8,-0.4));
#2551 = LINE('',#2552,#2553);
#2552 = CARTESIAN_POINT('',(5.88,-7.8,-0.4));
#2553 = VECTOR('',#2554,1.);
#2554 = DIRECTION('',(0.,-1.,2.2E-16));
#2555 = ORIENTED_EDGE('',*,*,#2556,.F.);
#2556 = EDGE_CURVE('',#2517,#2549,#2557,.T.);
#2557 = LINE('',#2558,#2559);
#2558 = CARTESIAN_POINT('',(5.68,-7.8,-0.4));
#2559 = VECTOR('',#2560,1.);
#2560 = DIRECTION('',(1.,0.,0.));
#2561 = PLANE('',#2562);
#2562 = AXIS2_PLACEMENT_3D('',#2563,#2564,#2565);
#2563 = CARTESIAN_POINT('',(5.68,-7.8,-0.4));
#2564 = DIRECTION('',(0.,2.2E-16,1.));
#2565 = DIRECTION('',(1.,0.,0.));
#2566 = ADVANCED_FACE('',(#2567),#2592,.T.);
#2567 = FACE_BOUND('',#2568,.T.);
#2568 = EDGE_LOOP('',(#2569,#2570,#2578,#2586));
#2569 = ORIENTED_EDGE('',*,*,#2548,.T.);
#2570 = ORIENTED_EDGE('',*,*,#2571,.T.);
#2571 = EDGE_CURVE('',#2541,#2572,#2574,.T.);
#2572 = VERTEX_POINT('',#2573);
#2573 = CARTESIAN_POINT('',(5.88,-8.2,-0.6));
#2574 = LINE('',#2575,#2576);
#2575 = CARTESIAN_POINT('',(5.88,-8.2,-0.4));
#2576 = VECTOR('',#2577,1.);
#2577 = DIRECTION('',(0.,2.2E-16,-1.));
#2578 = ORIENTED_EDGE('',*,*,#2579,.F.);
#2579 = EDGE_CURVE('',#2580,#2572,#2582,.T.);
#2580 = VERTEX_POINT('',#2581);
#2581 = CARTESIAN_POINT('',(5.88,-7.8,-0.6));
#2582 = LINE('',#2583,#2584);
#2583 = CARTESIAN_POINT('',(5.88,-7.8,-0.6));
#2584 = VECTOR('',#2585,1.);
#2585 = DIRECTION('',(0.,-1.,2.2E-16));
#2586 = ORIENTED_EDGE('',*,*,#2587,.F.);
#2587 = EDGE_CURVE('',#2549,#2580,#2588,.T.);
#2588 = LINE('',#2589,#2590);
#2589 = CARTESIAN_POINT('',(5.88,-7.8,-0.4));
#2590 = VECTOR('',#2591,1.);
#2591 = DIRECTION('',(0.,2.2E-16,-1.));
#2592 = PLANE('',#2593);
#2593 = AXIS2_PLACEMENT_3D('',#2594,#2595,#2596);
#2594 = CARTESIAN_POINT('',(5.88,-7.8,-0.4));
#2595 = DIRECTION('',(1.,0.,0.));
#2596 = DIRECTION('',(0.,-2.2E-16,-1.));
#2597 = ADVANCED_FACE('',(#2598),#2623,.T.);
#2598 = FACE_BOUND('',#2599,.T.);
#2599 = EDGE_LOOP('',(#2600,#2601,#2609,#2617));
#2600 = ORIENTED_EDGE('',*,*,#2579,.T.);
#2601 = ORIENTED_EDGE('',*,*,#2602,.T.);
#2602 = EDGE_CURVE('',#2572,#2603,#2605,.T.);
#2603 = VERTEX_POINT('',#2604);
#2604 = CARTESIAN_POINT('',(5.68,-8.2,-0.6));
#2605 = LINE('',#2606,#2607);
#2606 = CARTESIAN_POINT('',(5.88,-8.2,-0.6));
#2607 = VECTOR('',#2608,1.);
#2608 = DIRECTION('',(-1.,0.,0.));
#2609 = ORIENTED_EDGE('',*,*,#2610,.F.);
#2610 = EDGE_CURVE('',#2611,#2603,#2613,.T.);
#2611 = VERTEX_POINT('',#2612);
#2612 = CARTESIAN_POINT('',(5.68,-7.8,-0.6));
#2613 = LINE('',#2614,#2615);
#2614 = CARTESIAN_POINT('',(5.68,-7.8,-0.6));
#2615 = VECTOR('',#2616,1.);
#2616 = DIRECTION('',(0.,-1.,2.2E-16));
#2617 = ORIENTED_EDGE('',*,*,#2618,.F.);
#2618 = EDGE_CURVE('',#2580,#2611,#2619,.T.);
#2619 = LINE('',#2620,#2621);
#2620 = CARTESIAN_POINT('',(5.88,-7.8,-0.6));
#2621 = VECTOR('',#2622,1.);
#2622 = DIRECTION('',(-1.,0.,0.));
#2623 = PLANE('',#2624);
#2624 = AXIS2_PLACEMENT_3D('',#2625,#2626,#2627);
#2625 = CARTESIAN_POINT('',(5.88,-7.8,-0.6));
#2626 = DIRECTION('',(0.,-2.2E-16,-1.));
#2627 = DIRECTION('',(-1.,0.,0.));
#2628 = ADVANCED_FACE('',(#2629),#2656,.T.);
#2629 = FACE_BOUND('',#2630,.F.);
#2630 = EDGE_LOOP('',(#2631,#2641,#2648,#2649));
#2631 = ORIENTED_EDGE('',*,*,#2632,.T.);
#2632 = EDGE_CURVE('',#2633,#2635,#2637,.T.);
#2633 = VERTEX_POINT('',#2634);
#2634 = CARTESIAN_POINT('',(5.285594681127,-7.8,-0.266666666667));
#2635 = VERTEX_POINT('',#2636);
#2636 = CARTESIAN_POINT('',(5.285594681127,-8.2,-0.266666666667));
#2637 = LINE('',#2638,#2639);
#2638 = CARTESIAN_POINT('',(5.285594681127,-7.8,-0.266666666667));
#2639 = VECTOR('',#2640,1.);
#2640 = DIRECTION('',(0.,-1.,2.2E-16));
#2641 = ORIENTED_EDGE('',*,*,#2642,.T.);
#2642 = EDGE_CURVE('',#2635,#2603,#2643,.T.);
#2643 = CIRCLE('',#2644,0.4);
#2644 = AXIS2_PLACEMENT_3D('',#2645,#2646,#2647);
#2645 = CARTESIAN_POINT('',(5.68,-8.2,-0.2));
#2646 = DIRECTION('',(0.,-1.,-2.2E-16));
#2647 = DIRECTION('',(1.,0.,0.));
#2648 = ORIENTED_EDGE('',*,*,#2610,.F.);
#2649 = ORIENTED_EDGE('',*,*,#2650,.F.);
#2650 = EDGE_CURVE('',#2633,#2611,#2651,.T.);
#2651 = CIRCLE('',#2652,0.4);
#2652 = AXIS2_PLACEMENT_3D('',#2653,#2654,#2655);
#2653 = CARTESIAN_POINT('',(5.68,-7.8,-0.2));
#2654 = DIRECTION('',(0.,-1.,-2.2E-16));
#2655 = DIRECTION('',(1.,0.,0.));
#2656 = CYLINDRICAL_SURFACE('',#2657,0.4);
#2657 = AXIS2_PLACEMENT_3D('',#2658,#2659,#2660);
#2658 = CARTESIAN_POINT('',(5.68,-7.8,-0.2));
#2659 = DIRECTION('',(0.,1.,-2.2E-16));
#2660 = DIRECTION('',(1.,0.,0.));
#2661 = ADVANCED_FACE('',(#2662),#2689,.F.);
#2662 = FACE_BOUND('',#2663,.T.);
#2663 = EDGE_LOOP('',(#2664,#2665,#2674,#2682));
#2664 = ORIENTED_EDGE('',*,*,#2632,.T.);
#2665 = ORIENTED_EDGE('',*,*,#2666,.T.);
#2666 = EDGE_CURVE('',#2635,#2667,#2669,.T.);
#2667 = VERTEX_POINT('',#2668);
#2668 = CARTESIAN_POINT('',(5.08839202169,-8.2,-0.1));
#2669 = CIRCLE('',#2670,0.2);
#2670 = AXIS2_PLACEMENT_3D('',#2671,#2672,#2673);
#2671 = CARTESIAN_POINT('',(5.08839202169,-8.2,-0.3));
#2672 = DIRECTION('',(0.,-1.,-2.2E-16));
#2673 = DIRECTION('',(1.,0.,0.));
#2674 = ORIENTED_EDGE('',*,*,#2675,.F.);
#2675 = EDGE_CURVE('',#2676,#2667,#2678,.T.);
#2676 = VERTEX_POINT('',#2677);
#2677 = CARTESIAN_POINT('',(5.08839202169,-7.8,-0.1));
#2678 = LINE('',#2679,#2680);
#2679 = CARTESIAN_POINT('',(5.08839202169,-7.8,-0.1));
#2680 = VECTOR('',#2681,1.);
#2681 = DIRECTION('',(0.,-1.,2.2E-16));
#2682 = ORIENTED_EDGE('',*,*,#2683,.F.);
#2683 = EDGE_CURVE('',#2633,#2676,#2684,.T.);
#2684 = CIRCLE('',#2685,0.2);
#2685 = AXIS2_PLACEMENT_3D('',#2686,#2687,#2688);
#2686 = CARTESIAN_POINT('',(5.08839202169,-7.8,-0.3));
#2687 = DIRECTION('',(0.,-1.,-2.2E-16));
#2688 = DIRECTION('',(1.,0.,0.));
#2689 = CYLINDRICAL_SURFACE('',#2690,0.2);
#2690 = AXIS2_PLACEMENT_3D('',#2691,#2692,#2693);
#2691 = CARTESIAN_POINT('',(5.08839202169,-7.8,-0.3));
#2692 = DIRECTION('',(0.,1.,-2.2E-16));
#2693 = DIRECTION('',(1.,0.,0.));
#2694 = ADVANCED_FACE('',(#2695),#2711,.F.);
#2695 = FACE_BOUND('',#2696,.F.);
#2696 = EDGE_LOOP('',(#2697,#2698,#2704,#2705));
#2697 = ORIENTED_EDGE('',*,*,#2208,.T.);
#2698 = ORIENTED_EDGE('',*,*,#2699,.T.);
#2699 = EDGE_CURVE('',#2211,#2667,#2700,.T.);
#2700 = LINE('',#2701,#2702);
#2701 = CARTESIAN_POINT('',(-5.08839202169,-8.2,-0.1));
#2702 = VECTOR('',#2703,1.);
#2703 = DIRECTION('',(1.,0.,-1.3E-16));
#2704 = ORIENTED_EDGE('',*,*,#2675,.F.);
#2705 = ORIENTED_EDGE('',*,*,#2706,.F.);
#2706 = EDGE_CURVE('',#2209,#2676,#2707,.T.);
#2707 = LINE('',#2708,#2709);
#2708 = CARTESIAN_POINT('',(-5.08839202169,-7.8,-0.1));
#2709 = VECTOR('',#2710,1.);
#2710 = DIRECTION('',(1.,0.,-1.3E-16));
#2711 = PLANE('',#2712);
#2712 = AXIS2_PLACEMENT_3D('',#2713,#2714,#2715);
#2713 = CARTESIAN_POINT('',(-5.08839202169,-7.8,-0.1));
#2714 = DIRECTION('',(1.3E-16,2.2E-16,1.));
#2715 = DIRECTION('',(1.,0.,-1.3E-16));
#2716 = ADVANCED_FACE('',(#2717),#2735,.T.);
#2717 = FACE_BOUND('',#2718,.T.);
#2718 = EDGE_LOOP('',(#2719,#2720,#2721,#2722,#2723,#2724,#2725,#2726,
    #2727,#2728,#2729,#2730,#2731,#2732,#2733,#2734));
#2719 = ORIENTED_EDGE('',*,*,#2235,.T.);
#2720 = ORIENTED_EDGE('',*,*,#2268,.F.);
#2721 = ORIENTED_EDGE('',*,*,#2300,.T.);
#2722 = ORIENTED_EDGE('',*,*,#2331,.T.);
#2723 = ORIENTED_EDGE('',*,*,#2362,.T.);
#2724 = ORIENTED_EDGE('',*,*,#2394,.T.);
#2725 = ORIENTED_EDGE('',*,*,#2427,.F.);
#2726 = ORIENTED_EDGE('',*,*,#2459,.T.);
#2727 = ORIENTED_EDGE('',*,*,#2491,.F.);
#2728 = ORIENTED_EDGE('',*,*,#2524,.T.);
#2729 = ORIENTED_EDGE('',*,*,#2556,.T.);
#2730 = ORIENTED_EDGE('',*,*,#2587,.T.);
#2731 = ORIENTED_EDGE('',*,*,#2618,.T.);
#2732 = ORIENTED_EDGE('',*,*,#2650,.F.);
#2733 = ORIENTED_EDGE('',*,*,#2683,.T.);
#2734 = ORIENTED_EDGE('',*,*,#2706,.F.);
#2735 = PLANE('',#2736);
#2736 = AXIS2_PLACEMENT_3D('',#2737,#2738,#2739);
#2737 = CARTESIAN_POINT('',(-2.9E-16,-7.8,-5.76254089512E-02));
#2738 = DIRECTION('',(0.,1.,2.2E-16));
#2739 = DIRECTION('',(0.,-2.2E-16,1.));
#2740 = ADVANCED_FACE('',(#2741),#2759,.F.);
#2741 = FACE_BOUND('',#2742,.F.);
#2742 = EDGE_LOOP('',(#2743,#2744,#2745,#2746,#2747,#2748,#2749,#2750,
    #2751,#2752,#2753,#2754,#2755,#2756,#2757,#2758));
#2743 = ORIENTED_EDGE('',*,*,#2218,.T.);
#2744 = ORIENTED_EDGE('',*,*,#2260,.F.);
#2745 = ORIENTED_EDGE('',*,*,#2284,.T.);
#2746 = ORIENTED_EDGE('',*,*,#2315,.T.);
#2747 = ORIENTED_EDGE('',*,*,#2346,.T.);
#2748 = ORIENTED_EDGE('',*,*,#2377,.T.);
#2749 = ORIENTED_EDGE('',*,*,#2419,.F.);
#2750 = ORIENTED_EDGE('',*,*,#2443,.T.);
#2751 = ORIENTED_EDGE('',*,*,#2483,.F.);
#2752 = ORIENTED_EDGE('',*,*,#2507,.T.);
#2753 = ORIENTED_EDGE('',*,*,#2540,.T.);
#2754 = ORIENTED_EDGE('',*,*,#2571,.T.);
#2755 = ORIENTED_EDGE('',*,*,#2602,.T.);
#2756 = ORIENTED_EDGE('',*,*,#2642,.F.);
#2757 = ORIENTED_EDGE('',*,*,#2666,.T.);
#2758 = ORIENTED_EDGE('',*,*,#2699,.F.);
#2759 = PLANE('',#2760);
#2760 = AXIS2_PLACEMENT_3D('',#2761,#2762,#2763);
#2761 = CARTESIAN_POINT('',(-2.9E-16,-8.2,-5.76254089512E-02));
#2762 = DIRECTION('',(0.,1.,2.2E-16));
#2763 = DIRECTION('',(0.,-2.2E-16,1.));
#2764 = MANIFOLD_SOLID_BREP('',#2765);
#2765 = CLOSED_SHELL('',(#2766,#2808,#2841,#2872,#2903,#2934,#2967,#3000
    ,#3031,#3064,#3097,#3128,#3159,#3190,#3223,#3256,#3278,#3302));
#2766 = ADVANCED_FACE('',(#2767),#2803,.F.);
#2767 = FACE_BOUND('',#2768,.T.);
#2768 = EDGE_LOOP('',(#2769,#2779,#2788,#2796));
#2769 = ORIENTED_EDGE('',*,*,#2770,.T.);
#2770 = EDGE_CURVE('',#2771,#2773,#2775,.T.);
#2771 = VERTEX_POINT('',#2772);
#2772 = CARTESIAN_POINT('',(-5.08839202169,-7.,-0.1));
#2773 = VERTEX_POINT('',#2774);
#2774 = CARTESIAN_POINT('',(-5.08839202169,-7.4,-0.1));
#2775 = LINE('',#2776,#2777);
#2776 = CARTESIAN_POINT('',(-5.08839202169,-7.,-0.1));
#2777 = VECTOR('',#2778,1.);
#2778 = DIRECTION('',(0.,-1.,2.2E-16));
#2779 = ORIENTED_EDGE('',*,*,#2780,.T.);
#2780 = EDGE_CURVE('',#2773,#2781,#2783,.T.);
#2781 = VERTEX_POINT('',#2782);
#2782 = CARTESIAN_POINT('',(-5.285594681127,-7.4,-0.266666666667));
#2783 = CIRCLE('',#2784,0.2);
#2784 = AXIS2_PLACEMENT_3D('',#2785,#2786,#2787);
#2785 = CARTESIAN_POINT('',(-5.08839202169,-7.4,-0.3));
#2786 = DIRECTION('',(0.,-1.,-2.2E-16));
#2787 = DIRECTION('',(1.,0.,0.));
#2788 = ORIENTED_EDGE('',*,*,#2789,.F.);
#2789 = EDGE_CURVE('',#2790,#2781,#2792,.T.);
#2790 = VERTEX_POINT('',#2791);
#2791 = CARTESIAN_POINT('',(-5.285594681127,-7.,-0.266666666667));
#2792 = LINE('',#2793,#2794);
#2793 = CARTESIAN_POINT('',(-5.285594681127,-7.,-0.266666666667));
#2794 = VECTOR('',#2795,1.);
#2795 = DIRECTION('',(0.,-1.,2.2E-16));
#2796 = ORIENTED_EDGE('',*,*,#2797,.F.);
#2797 = EDGE_CURVE('',#2771,#2790,#2798,.T.);
#2798 = CIRCLE('',#2799,0.2);
#2799 = AXIS2_PLACEMENT_3D('',#2800,#2801,#2802);
#2800 = CARTESIAN_POINT('',(-5.08839202169,-7.,-0.3));
#2801 = DIRECTION('',(0.,-1.,-2.2E-16));
#2802 = DIRECTION('',(1.,0.,0.));
#2803 = CYLINDRICAL_SURFACE('',#2804,0.2);
#2804 = AXIS2_PLACEMENT_3D('',#2805,#2806,#2807);
#2805 = CARTESIAN_POINT('',(-5.08839202169,-7.,-0.3));
#2806 = DIRECTION('',(0.,1.,-2.2E-16));
#2807 = DIRECTION('',(1.,0.,0.));
#2808 = ADVANCED_FACE('',(#2809),#2836,.T.);
#2809 = FACE_BOUND('',#2810,.F.);
#2810 = EDGE_LOOP('',(#2811,#2821,#2828,#2829));
#2811 = ORIENTED_EDGE('',*,*,#2812,.T.);
#2812 = EDGE_CURVE('',#2813,#2815,#2817,.T.);
#2813 = VERTEX_POINT('',#2814);
#2814 = CARTESIAN_POINT('',(-5.68,-7.,-0.6));
#2815 = VERTEX_POINT('',#2816);
#2816 = CARTESIAN_POINT('',(-5.68,-7.4,-0.6));
#2817 = LINE('',#2818,#2819);
#2818 = CARTESIAN_POINT('',(-5.68,-7.,-0.6));
#2819 = VECTOR('',#2820,1.);
#2820 = DIRECTION('',(0.,-1.,2.2E-16));
#2821 = ORIENTED_EDGE('',*,*,#2822,.T.);
#2822 = EDGE_CURVE('',#2815,#2781,#2823,.T.);
#2823 = CIRCLE('',#2824,0.4);
#2824 = AXIS2_PLACEMENT_3D('',#2825,#2826,#2827);
#2825 = CARTESIAN_POINT('',(-5.68,-7.4,-0.2));
#2826 = DIRECTION('',(0.,-1.,-2.2E-16));
#2827 = DIRECTION('',(1.,0.,0.));
#2828 = ORIENTED_EDGE('',*,*,#2789,.F.);
#2829 = ORIENTED_EDGE('',*,*,#2830,.F.);
#2830 = EDGE_CURVE('',#2813,#2790,#2831,.T.);
#2831 = CIRCLE('',#2832,0.4);
#2832 = AXIS2_PLACEMENT_3D('',#2833,#2834,#2835);
#2833 = CARTESIAN_POINT('',(-5.68,-7.,-0.2));
#2834 = DIRECTION('',(0.,-1.,-2.2E-16));
#2835 = DIRECTION('',(1.,0.,0.));
#2836 = CYLINDRICAL_SURFACE('',#2837,0.4);
#2837 = AXIS2_PLACEMENT_3D('',#2838,#2839,#2840);
#2838 = CARTESIAN_POINT('',(-5.68,-7.,-0.2));
#2839 = DIRECTION('',(0.,1.,-2.2E-16));
#2840 = DIRECTION('',(1.,0.,0.));
#2841 = ADVANCED_FACE('',(#2842),#2867,.T.);
#2842 = FACE_BOUND('',#2843,.T.);
#2843 = EDGE_LOOP('',(#2844,#2845,#2853,#2861));
#2844 = ORIENTED_EDGE('',*,*,#2812,.T.);
#2845 = ORIENTED_EDGE('',*,*,#2846,.T.);
#2846 = EDGE_CURVE('',#2815,#2847,#2849,.T.);
#2847 = VERTEX_POINT('',#2848);
#2848 = CARTESIAN_POINT('',(-5.88,-7.4,-0.6));
#2849 = LINE('',#2850,#2851);
#2850 = CARTESIAN_POINT('',(-5.68,-7.4,-0.6));
#2851 = VECTOR('',#2852,1.);
#2852 = DIRECTION('',(-1.,0.,0.));
#2853 = ORIENTED_EDGE('',*,*,#2854,.F.);
#2854 = EDGE_CURVE('',#2855,#2847,#2857,.T.);
#2855 = VERTEX_POINT('',#2856);
#2856 = CARTESIAN_POINT('',(-5.88,-7.,-0.6));
#2857 = LINE('',#2858,#2859);
#2858 = CARTESIAN_POINT('',(-5.88,-7.,-0.6));
#2859 = VECTOR('',#2860,1.);
#2860 = DIRECTION('',(0.,-1.,2.2E-16));
#2861 = ORIENTED_EDGE('',*,*,#2862,.F.);
#2862 = EDGE_CURVE('',#2813,#2855,#2863,.T.);
#2863 = LINE('',#2864,#2865);
#2864 = CARTESIAN_POINT('',(-5.68,-7.,-0.6));
#2865 = VECTOR('',#2866,1.);
#2866 = DIRECTION('',(-1.,0.,0.));
#2867 = PLANE('',#2868);
#2868 = AXIS2_PLACEMENT_3D('',#2869,#2870,#2871);
#2869 = CARTESIAN_POINT('',(-5.68,-7.,-0.6));
#2870 = DIRECTION('',(0.,-2.2E-16,-1.));
#2871 = DIRECTION('',(-1.,0.,0.));
#2872 = ADVANCED_FACE('',(#2873),#2898,.T.);
#2873 = FACE_BOUND('',#2874,.T.);
#2874 = EDGE_LOOP('',(#2875,#2876,#2884,#2892));
#2875 = ORIENTED_EDGE('',*,*,#2854,.T.);
#2876 = ORIENTED_EDGE('',*,*,#2877,.T.);
#2877 = EDGE_CURVE('',#2847,#2878,#2880,.T.);
#2878 = VERTEX_POINT('',#2879);
#2879 = CARTESIAN_POINT('',(-5.88,-7.4,-0.4));
#2880 = LINE('',#2881,#2882);
#2881 = CARTESIAN_POINT('',(-5.88,-7.4,-0.6));
#2882 = VECTOR('',#2883,1.);
#2883 = DIRECTION('',(0.,-2.2E-16,1.));
#2884 = ORIENTED_EDGE('',*,*,#2885,.F.);
#2885 = EDGE_CURVE('',#2886,#2878,#2888,.T.);
#2886 = VERTEX_POINT('',#2887);
#2887 = CARTESIAN_POINT('',(-5.88,-7.,-0.4));
#2888 = LINE('',#2889,#2890);
#2889 = CARTESIAN_POINT('',(-5.88,-7.,-0.4));
#2890 = VECTOR('',#2891,1.);
#2891 = DIRECTION('',(0.,-1.,2.2E-16));
#2892 = ORIENTED_EDGE('',*,*,#2893,.F.);
#2893 = EDGE_CURVE('',#2855,#2886,#2894,.T.);
#2894 = LINE('',#2895,#2896);
#2895 = CARTESIAN_POINT('',(-5.88,-7.,-0.6));
#2896 = VECTOR('',#2897,1.);
#2897 = DIRECTION('',(0.,-2.2E-16,1.));
#2898 = PLANE('',#2899);
#2899 = AXIS2_PLACEMENT_3D('',#2900,#2901,#2902);
#2900 = CARTESIAN_POINT('',(-5.88,-7.,-0.6));
#2901 = DIRECTION('',(-1.,0.,0.));
#2902 = DIRECTION('',(0.,2.2E-16,1.));
#2903 = ADVANCED_FACE('',(#2904),#2929,.T.);
#2904 = FACE_BOUND('',#2905,.T.);
#2905 = EDGE_LOOP('',(#2906,#2907,#2915,#2923));
#2906 = ORIENTED_EDGE('',*,*,#2885,.T.);
#2907 = ORIENTED_EDGE('',*,*,#2908,.T.);
#2908 = EDGE_CURVE('',#2878,#2909,#2911,.T.);
#2909 = VERTEX_POINT('',#2910);
#2910 = CARTESIAN_POINT('',(-5.68,-7.4,-0.4));
#2911 = LINE('',#2912,#2913);
#2912 = CARTESIAN_POINT('',(-5.88,-7.4,-0.4));
#2913 = VECTOR('',#2914,1.);
#2914 = DIRECTION('',(1.,0.,0.));
#2915 = ORIENTED_EDGE('',*,*,#2916,.F.);
#2916 = EDGE_CURVE('',#2917,#2909,#2919,.T.);
#2917 = VERTEX_POINT('',#2918);
#2918 = CARTESIAN_POINT('',(-5.68,-7.,-0.4));
#2919 = LINE('',#2920,#2921);
#2920 = CARTESIAN_POINT('',(-5.68,-7.,-0.4));
#2921 = VECTOR('',#2922,1.);
#2922 = DIRECTION('',(0.,-1.,2.2E-16));
#2923 = ORIENTED_EDGE('',*,*,#2924,.F.);
#2924 = EDGE_CURVE('',#2886,#2917,#2925,.T.);
#2925 = LINE('',#2926,#2927);
#2926 = CARTESIAN_POINT('',(-5.88,-7.,-0.4));
#2927 = VECTOR('',#2928,1.);
#2928 = DIRECTION('',(1.,0.,0.));
#2929 = PLANE('',#2930);
#2930 = AXIS2_PLACEMENT_3D('',#2931,#2932,#2933);
#2931 = CARTESIAN_POINT('',(-5.88,-7.,-0.4));
#2932 = DIRECTION('',(0.,2.2E-16,1.));
#2933 = DIRECTION('',(1.,0.,0.));
#2934 = ADVANCED_FACE('',(#2935),#2962,.F.);
#2935 = FACE_BOUND('',#2936,.T.);
#2936 = EDGE_LOOP('',(#2937,#2938,#2947,#2955));
#2937 = ORIENTED_EDGE('',*,*,#2916,.T.);
#2938 = ORIENTED_EDGE('',*,*,#2939,.T.);
#2939 = EDGE_CURVE('',#2909,#2940,#2942,.T.);
#2940 = VERTEX_POINT('',#2941);
#2941 = CARTESIAN_POINT('',(-5.482797340563,-7.4,-0.233333333333));
#2942 = CIRCLE('',#2943,0.2);
#2943 = AXIS2_PLACEMENT_3D('',#2944,#2945,#2946);
#2944 = CARTESIAN_POINT('',(-5.68,-7.4,-0.2));
#2945 = DIRECTION('',(0.,-1.,-2.2E-16));
#2946 = DIRECTION('',(1.,0.,0.));
#2947 = ORIENTED_EDGE('',*,*,#2948,.F.);
#2948 = EDGE_CURVE('',#2949,#2940,#2951,.T.);
#2949 = VERTEX_POINT('',#2950);
#2950 = CARTESIAN_POINT('',(-5.482797340563,-7.,-0.233333333333));
#2951 = LINE('',#2952,#2953);
#2952 = CARTESIAN_POINT('',(-5.482797340563,-7.,-0.233333333333));
#2953 = VECTOR('',#2954,1.);
#2954 = DIRECTION('',(0.,-1.,2.2E-16));
#2955 = ORIENTED_EDGE('',*,*,#2956,.F.);
#2956 = EDGE_CURVE('',#2917,#2949,#2957,.T.);
#2957 = CIRCLE('',#2958,0.2);
#2958 = AXIS2_PLACEMENT_3D('',#2959,#2960,#2961);
#2959 = CARTESIAN_POINT('',(-5.68,-7.,-0.2));
#2960 = DIRECTION('',(0.,-1.,-2.2E-16));
#2961 = DIRECTION('',(1.,0.,0.));
#2962 = CYLINDRICAL_SURFACE('',#2963,0.2);
#2963 = AXIS2_PLACEMENT_3D('',#2964,#2965,#2966);
#2964 = CARTESIAN_POINT('',(-5.68,-7.,-0.2));
#2965 = DIRECTION('',(0.,1.,-2.2E-16));
#2966 = DIRECTION('',(1.,0.,0.));
#2967 = ADVANCED_FACE('',(#2968),#2995,.T.);
#2968 = FACE_BOUND('',#2969,.F.);
#2969 = EDGE_LOOP('',(#2970,#2980,#2987,#2988));
#2970 = ORIENTED_EDGE('',*,*,#2971,.T.);
#2971 = EDGE_CURVE('',#2972,#2974,#2976,.T.);
#2972 = VERTEX_POINT('',#2973);
#2973 = CARTESIAN_POINT('',(-5.08839202169,-7.,0.1));
#2974 = VERTEX_POINT('',#2975);
#2975 = CARTESIAN_POINT('',(-5.08839202169,-7.4,0.1));
#2976 = LINE('',#2977,#2978);
#2977 = CARTESIAN_POINT('',(-5.08839202169,-7.,0.1));
#2978 = VECTOR('',#2979,1.);
#2979 = DIRECTION('',(0.,-1.,2.2E-16));
#2980 = ORIENTED_EDGE('',*,*,#2981,.T.);
#2981 = EDGE_CURVE('',#2974,#2940,#2982,.T.);
#2982 = CIRCLE('',#2983,0.4);
#2983 = AXIS2_PLACEMENT_3D('',#2984,#2985,#2986);
#2984 = CARTESIAN_POINT('',(-5.08839202169,-7.4,-0.3));
#2985 = DIRECTION('',(0.,-1.,-2.2E-16));
#2986 = DIRECTION('',(1.,0.,0.));
#2987 = ORIENTED_EDGE('',*,*,#2948,.F.);
#2988 = ORIENTED_EDGE('',*,*,#2989,.F.);
#2989 = EDGE_CURVE('',#2972,#2949,#2990,.T.);
#2990 = CIRCLE('',#2991,0.4);
#2991 = AXIS2_PLACEMENT_3D('',#2992,#2993,#2994);
#2992 = CARTESIAN_POINT('',(-5.08839202169,-7.,-0.3));
#2993 = DIRECTION('',(0.,-1.,-2.2E-16));
#2994 = DIRECTION('',(1.,0.,0.));
#2995 = CYLINDRICAL_SURFACE('',#2996,0.4);
#2996 = AXIS2_PLACEMENT_3D('',#2997,#2998,#2999);
#2997 = CARTESIAN_POINT('',(-5.08839202169,-7.,-0.3));
#2998 = DIRECTION('',(0.,1.,-2.2E-16));
#2999 = DIRECTION('',(1.,0.,0.));
#3000 = ADVANCED_FACE('',(#3001),#3026,.T.);
#3001 = FACE_BOUND('',#3002,.T.);
#3002 = EDGE_LOOP('',(#3003,#3004,#3012,#3020));
#3003 = ORIENTED_EDGE('',*,*,#2971,.T.);
#3004 = ORIENTED_EDGE('',*,*,#3005,.T.);
#3005 = EDGE_CURVE('',#2974,#3006,#3008,.T.);
#3006 = VERTEX_POINT('',#3007);
#3007 = CARTESIAN_POINT('',(5.08839202169,-7.4,1.E-01));
#3008 = LINE('',#3009,#3010);
#3009 = CARTESIAN_POINT('',(-5.08839202169,-7.4,0.1));
#3010 = VECTOR('',#3011,1.);
#3011 = DIRECTION('',(1.,0.,-1.2E-16));
#3012 = ORIENTED_EDGE('',*,*,#3013,.F.);
#3013 = EDGE_CURVE('',#3014,#3006,#3016,.T.);
#3014 = VERTEX_POINT('',#3015);
#3015 = CARTESIAN_POINT('',(5.08839202169,-7.,1.E-01));
#3016 = LINE('',#3017,#3018);
#3017 = CARTESIAN_POINT('',(5.08839202169,-7.,1.E-01));
#3018 = VECTOR('',#3019,1.);
#3019 = DIRECTION('',(0.,-1.,2.2E-16));
#3020 = ORIENTED_EDGE('',*,*,#3021,.F.);
#3021 = EDGE_CURVE('',#2972,#3014,#3022,.T.);
#3022 = LINE('',#3023,#3024);
#3023 = CARTESIAN_POINT('',(-5.08839202169,-7.,0.1));
#3024 = VECTOR('',#3025,1.);
#3025 = DIRECTION('',(1.,0.,-1.2E-16));
#3026 = PLANE('',#3027);
#3027 = AXIS2_PLACEMENT_3D('',#3028,#3029,#3030);
#3028 = CARTESIAN_POINT('',(-5.08839202169,-7.,0.1));
#3029 = DIRECTION('',(1.2E-16,2.2E-16,1.));
#3030 = DIRECTION('',(1.,0.,-1.2E-16));
#3031 = ADVANCED_FACE('',(#3032),#3059,.T.);
#3032 = FACE_BOUND('',#3033,.F.);
#3033 = EDGE_LOOP('',(#3034,#3044,#3051,#3052));
#3034 = ORIENTED_EDGE('',*,*,#3035,.T.);
#3035 = EDGE_CURVE('',#3036,#3038,#3040,.T.);
#3036 = VERTEX_POINT('',#3037);
#3037 = CARTESIAN_POINT('',(5.482797340563,-7.,-0.233333333333));
#3038 = VERTEX_POINT('',#3039);
#3039 = CARTESIAN_POINT('',(5.482797340563,-7.4,-0.233333333333));
#3040 = LINE('',#3041,#3042);
#3041 = CARTESIAN_POINT('',(5.482797340563,-7.,-0.233333333333));
#3042 = VECTOR('',#3043,1.);
#3043 = DIRECTION('',(0.,-1.,2.2E-16));
#3044 = ORIENTED_EDGE('',*,*,#3045,.T.);
#3045 = EDGE_CURVE('',#3038,#3006,#3046,.T.);
#3046 = CIRCLE('',#3047,0.4);
#3047 = AXIS2_PLACEMENT_3D('',#3048,#3049,#3050);
#3048 = CARTESIAN_POINT('',(5.08839202169,-7.4,-0.3));
#3049 = DIRECTION('',(0.,-1.,-2.2E-16));
#3050 = DIRECTION('',(1.,0.,0.));
#3051 = ORIENTED_EDGE('',*,*,#3013,.F.);
#3052 = ORIENTED_EDGE('',*,*,#3053,.F.);
#3053 = EDGE_CURVE('',#3036,#3014,#3054,.T.);
#3054 = CIRCLE('',#3055,0.4);
#3055 = AXIS2_PLACEMENT_3D('',#3056,#3057,#3058);
#3056 = CARTESIAN_POINT('',(5.08839202169,-7.,-0.3));
#3057 = DIRECTION('',(0.,-1.,-2.2E-16));
#3058 = DIRECTION('',(1.,0.,0.));
#3059 = CYLINDRICAL_SURFACE('',#3060,0.4);
#3060 = AXIS2_PLACEMENT_3D('',#3061,#3062,#3063);
#3061 = CARTESIAN_POINT('',(5.08839202169,-7.,-0.3));
#3062 = DIRECTION('',(0.,1.,-2.2E-16));
#3063 = DIRECTION('',(1.,0.,0.));
#3064 = ADVANCED_FACE('',(#3065),#3092,.F.);
#3065 = FACE_BOUND('',#3066,.T.);
#3066 = EDGE_LOOP('',(#3067,#3068,#3077,#3085));
#3067 = ORIENTED_EDGE('',*,*,#3035,.T.);
#3068 = ORIENTED_EDGE('',*,*,#3069,.T.);
#3069 = EDGE_CURVE('',#3038,#3070,#3072,.T.);
#3070 = VERTEX_POINT('',#3071);
#3071 = CARTESIAN_POINT('',(5.68,-7.4,-0.4));
#3072 = CIRCLE('',#3073,0.2);
#3073 = AXIS2_PLACEMENT_3D('',#3074,#3075,#3076);
#3074 = CARTESIAN_POINT('',(5.68,-7.4,-0.2));
#3075 = DIRECTION('',(0.,-1.,-2.2E-16));
#3076 = DIRECTION('',(1.,0.,0.));
#3077 = ORIENTED_EDGE('',*,*,#3078,.F.);
#3078 = EDGE_CURVE('',#3079,#3070,#3081,.T.);
#3079 = VERTEX_POINT('',#3080);
#3080 = CARTESIAN_POINT('',(5.68,-7.,-0.4));
#3081 = LINE('',#3082,#3083);
#3082 = CARTESIAN_POINT('',(5.68,-7.,-0.4));
#3083 = VECTOR('',#3084,1.);
#3084 = DIRECTION('',(0.,-1.,2.2E-16));
#3085 = ORIENTED_EDGE('',*,*,#3086,.F.);
#3086 = EDGE_CURVE('',#3036,#3079,#3087,.T.);
#3087 = CIRCLE('',#3088,0.2);
#3088 = AXIS2_PLACEMENT_3D('',#3089,#3090,#3091);
#3089 = CARTESIAN_POINT('',(5.68,-7.,-0.2));
#3090 = DIRECTION('',(0.,-1.,-2.2E-16));
#3091 = DIRECTION('',(1.,0.,0.));
#3092 = CYLINDRICAL_SURFACE('',#3093,0.2);
#3093 = AXIS2_PLACEMENT_3D('',#3094,#3095,#3096);
#3094 = CARTESIAN_POINT('',(5.68,-7.,-0.2));
#3095 = DIRECTION('',(0.,1.,-2.2E-16));
#3096 = DIRECTION('',(1.,0.,0.));
#3097 = ADVANCED_FACE('',(#3098),#3123,.T.);
#3098 = FACE_BOUND('',#3099,.T.);
#3099 = EDGE_LOOP('',(#3100,#3101,#3109,#3117));
#3100 = ORIENTED_EDGE('',*,*,#3078,.T.);
#3101 = ORIENTED_EDGE('',*,*,#3102,.T.);
#3102 = EDGE_CURVE('',#3070,#3103,#3105,.T.);
#3103 = VERTEX_POINT('',#3104);
#3104 = CARTESIAN_POINT('',(5.88,-7.4,-0.4));
#3105 = LINE('',#3106,#3107);
#3106 = CARTESIAN_POINT('',(5.68,-7.4,-0.4));
#3107 = VECTOR('',#3108,1.);
#3108 = DIRECTION('',(1.,0.,0.));
#3109 = ORIENTED_EDGE('',*,*,#3110,.F.);
#3110 = EDGE_CURVE('',#3111,#3103,#3113,.T.);
#3111 = VERTEX_POINT('',#3112);
#3112 = CARTESIAN_POINT('',(5.88,-7.,-0.4));
#3113 = LINE('',#3114,#3115);
#3114 = CARTESIAN_POINT('',(5.88,-7.,-0.4));
#3115 = VECTOR('',#3116,1.);
#3116 = DIRECTION('',(0.,-1.,2.2E-16));
#3117 = ORIENTED_EDGE('',*,*,#3118,.F.);
#3118 = EDGE_CURVE('',#3079,#3111,#3119,.T.);
#3119 = LINE('',#3120,#3121);
#3120 = CARTESIAN_POINT('',(5.68,-7.,-0.4));
#3121 = VECTOR('',#3122,1.);
#3122 = DIRECTION('',(1.,0.,0.));
#3123 = PLANE('',#3124);
#3124 = AXIS2_PLACEMENT_3D('',#3125,#3126,#3127);
#3125 = CARTESIAN_POINT('',(5.68,-7.,-0.4));
#3126 = DIRECTION('',(0.,2.2E-16,1.));
#3127 = DIRECTION('',(1.,0.,0.));
#3128 = ADVANCED_FACE('',(#3129),#3154,.T.);
#3129 = FACE_BOUND('',#3130,.T.);
#3130 = EDGE_LOOP('',(#3131,#3132,#3140,#3148));
#3131 = ORIENTED_EDGE('',*,*,#3110,.T.);
#3132 = ORIENTED_EDGE('',*,*,#3133,.T.);
#3133 = EDGE_CURVE('',#3103,#3134,#3136,.T.);
#3134 = VERTEX_POINT('',#3135);
#3135 = CARTESIAN_POINT('',(5.88,-7.4,-0.6));
#3136 = LINE('',#3137,#3138);
#3137 = CARTESIAN_POINT('',(5.88,-7.4,-0.4));
#3138 = VECTOR('',#3139,1.);
#3139 = DIRECTION('',(0.,2.2E-16,-1.));
#3140 = ORIENTED_EDGE('',*,*,#3141,.F.);
#3141 = EDGE_CURVE('',#3142,#3134,#3144,.T.);
#3142 = VERTEX_POINT('',#3143);
#3143 = CARTESIAN_POINT('',(5.88,-7.,-0.6));
#3144 = LINE('',#3145,#3146);
#3145 = CARTESIAN_POINT('',(5.88,-7.,-0.6));
#3146 = VECTOR('',#3147,1.);
#3147 = DIRECTION('',(0.,-1.,2.2E-16));
#3148 = ORIENTED_EDGE('',*,*,#3149,.F.);
#3149 = EDGE_CURVE('',#3111,#3142,#3150,.T.);
#3150 = LINE('',#3151,#3152);
#3151 = CARTESIAN_POINT('',(5.88,-7.,-0.4));
#3152 = VECTOR('',#3153,1.);
#3153 = DIRECTION('',(0.,2.2E-16,-1.));
#3154 = PLANE('',#3155);
#3155 = AXIS2_PLACEMENT_3D('',#3156,#3157,#3158);
#3156 = CARTESIAN_POINT('',(5.88,-7.,-0.4));
#3157 = DIRECTION('',(1.,0.,0.));
#3158 = DIRECTION('',(0.,-2.2E-16,-1.));
#3159 = ADVANCED_FACE('',(#3160),#3185,.T.);
#3160 = FACE_BOUND('',#3161,.T.);
#3161 = EDGE_LOOP('',(#3162,#3163,#3171,#3179));
#3162 = ORIENTED_EDGE('',*,*,#3141,.T.);
#3163 = ORIENTED_EDGE('',*,*,#3164,.T.);
#3164 = EDGE_CURVE('',#3134,#3165,#3167,.T.);
#3165 = VERTEX_POINT('',#3166);
#3166 = CARTESIAN_POINT('',(5.68,-7.4,-0.6));
#3167 = LINE('',#3168,#3169);
#3168 = CARTESIAN_POINT('',(5.88,-7.4,-0.6));
#3169 = VECTOR('',#3170,1.);
#3170 = DIRECTION('',(-1.,0.,0.));
#3171 = ORIENTED_EDGE('',*,*,#3172,.F.);
#3172 = EDGE_CURVE('',#3173,#3165,#3175,.T.);
#3173 = VERTEX_POINT('',#3174);
#3174 = CARTESIAN_POINT('',(5.68,-7.,-0.6));
#3175 = LINE('',#3176,#3177);
#3176 = CARTESIAN_POINT('',(5.68,-7.,-0.6));
#3177 = VECTOR('',#3178,1.);
#3178 = DIRECTION('',(0.,-1.,2.2E-16));
#3179 = ORIENTED_EDGE('',*,*,#3180,.F.);
#3180 = EDGE_CURVE('',#3142,#3173,#3181,.T.);
#3181 = LINE('',#3182,#3183);
#3182 = CARTESIAN_POINT('',(5.88,-7.,-0.6));
#3183 = VECTOR('',#3184,1.);
#3184 = DIRECTION('',(-1.,0.,0.));
#3185 = PLANE('',#3186);
#3186 = AXIS2_PLACEMENT_3D('',#3187,#3188,#3189);
#3187 = CARTESIAN_POINT('',(5.88,-7.,-0.6));
#3188 = DIRECTION('',(0.,-2.2E-16,-1.));
#3189 = DIRECTION('',(-1.,0.,0.));
#3190 = ADVANCED_FACE('',(#3191),#3218,.T.);
#3191 = FACE_BOUND('',#3192,.F.);
#3192 = EDGE_LOOP('',(#3193,#3203,#3210,#3211));
#3193 = ORIENTED_EDGE('',*,*,#3194,.T.);
#3194 = EDGE_CURVE('',#3195,#3197,#3199,.T.);
#3195 = VERTEX_POINT('',#3196);
#3196 = CARTESIAN_POINT('',(5.285594681127,-7.,-0.266666666667));
#3197 = VERTEX_POINT('',#3198);
#3198 = CARTESIAN_POINT('',(5.285594681127,-7.4,-0.266666666667));
#3199 = LINE('',#3200,#3201);
#3200 = CARTESIAN_POINT('',(5.285594681127,-7.,-0.266666666667));
#3201 = VECTOR('',#3202,1.);
#3202 = DIRECTION('',(0.,-1.,2.2E-16));
#3203 = ORIENTED_EDGE('',*,*,#3204,.T.);
#3204 = EDGE_CURVE('',#3197,#3165,#3205,.T.);
#3205 = CIRCLE('',#3206,0.4);
#3206 = AXIS2_PLACEMENT_3D('',#3207,#3208,#3209);
#3207 = CARTESIAN_POINT('',(5.68,-7.4,-0.2));
#3208 = DIRECTION('',(0.,-1.,-2.2E-16));
#3209 = DIRECTION('',(1.,0.,0.));
#3210 = ORIENTED_EDGE('',*,*,#3172,.F.);
#3211 = ORIENTED_EDGE('',*,*,#3212,.F.);
#3212 = EDGE_CURVE('',#3195,#3173,#3213,.T.);
#3213 = CIRCLE('',#3214,0.4);
#3214 = AXIS2_PLACEMENT_3D('',#3215,#3216,#3217);
#3215 = CARTESIAN_POINT('',(5.68,-7.,-0.2));
#3216 = DIRECTION('',(0.,-1.,-2.2E-16));
#3217 = DIRECTION('',(1.,0.,0.));
#3218 = CYLINDRICAL_SURFACE('',#3219,0.4);
#3219 = AXIS2_PLACEMENT_3D('',#3220,#3221,#3222);
#3220 = CARTESIAN_POINT('',(5.68,-7.,-0.2));
#3221 = DIRECTION('',(0.,1.,-2.2E-16));
#3222 = DIRECTION('',(1.,0.,0.));
#3223 = ADVANCED_FACE('',(#3224),#3251,.F.);
#3224 = FACE_BOUND('',#3225,.T.);
#3225 = EDGE_LOOP('',(#3226,#3227,#3236,#3244));
#3226 = ORIENTED_EDGE('',*,*,#3194,.T.);
#3227 = ORIENTED_EDGE('',*,*,#3228,.T.);
#3228 = EDGE_CURVE('',#3197,#3229,#3231,.T.);
#3229 = VERTEX_POINT('',#3230);
#3230 = CARTESIAN_POINT('',(5.08839202169,-7.4,-0.1));
#3231 = CIRCLE('',#3232,0.2);
#3232 = AXIS2_PLACEMENT_3D('',#3233,#3234,#3235);
#3233 = CARTESIAN_POINT('',(5.08839202169,-7.4,-0.3));
#3234 = DIRECTION('',(0.,-1.,-2.2E-16));
#3235 = DIRECTION('',(1.,0.,0.));
#3236 = ORIENTED_EDGE('',*,*,#3237,.F.);
#3237 = EDGE_CURVE('',#3238,#3229,#3240,.T.);
#3238 = VERTEX_POINT('',#3239);
#3239 = CARTESIAN_POINT('',(5.08839202169,-7.,-0.1));
#3240 = LINE('',#3241,#3242);
#3241 = CARTESIAN_POINT('',(5.08839202169,-7.,-0.1));
#3242 = VECTOR('',#3243,1.);
#3243 = DIRECTION('',(0.,-1.,2.2E-16));
#3244 = ORIENTED_EDGE('',*,*,#3245,.F.);
#3245 = EDGE_CURVE('',#3195,#3238,#3246,.T.);
#3246 = CIRCLE('',#3247,0.2);
#3247 = AXIS2_PLACEMENT_3D('',#3248,#3249,#3250);
#3248 = CARTESIAN_POINT('',(5.08839202169,-7.,-0.3));
#3249 = DIRECTION('',(0.,-1.,-2.2E-16));
#3250 = DIRECTION('',(1.,0.,0.));
#3251 = CYLINDRICAL_SURFACE('',#3252,0.2);
#3252 = AXIS2_PLACEMENT_3D('',#3253,#3254,#3255);
#3253 = CARTESIAN_POINT('',(5.08839202169,-7.,-0.3));
#3254 = DIRECTION('',(0.,1.,-2.2E-16));
#3255 = DIRECTION('',(1.,0.,0.));
#3256 = ADVANCED_FACE('',(#3257),#3273,.F.);
#3257 = FACE_BOUND('',#3258,.F.);
#3258 = EDGE_LOOP('',(#3259,#3260,#3266,#3267));
#3259 = ORIENTED_EDGE('',*,*,#2770,.T.);
#3260 = ORIENTED_EDGE('',*,*,#3261,.T.);
#3261 = EDGE_CURVE('',#2773,#3229,#3262,.T.);
#3262 = LINE('',#3263,#3264);
#3263 = CARTESIAN_POINT('',(-5.08839202169,-7.4,-0.1));
#3264 = VECTOR('',#3265,1.);
#3265 = DIRECTION('',(1.,0.,-1.3E-16));
#3266 = ORIENTED_EDGE('',*,*,#3237,.F.);
#3267 = ORIENTED_EDGE('',*,*,#3268,.F.);
#3268 = EDGE_CURVE('',#2771,#3238,#3269,.T.);
#3269 = LINE('',#3270,#3271);
#3270 = CARTESIAN_POINT('',(-5.08839202169,-7.,-0.1));
#3271 = VECTOR('',#3272,1.);
#3272 = DIRECTION('',(1.,0.,-1.3E-16));
#3273 = PLANE('',#3274);
#3274 = AXIS2_PLACEMENT_3D('',#3275,#3276,#3277);
#3275 = CARTESIAN_POINT('',(-5.08839202169,-7.,-0.1));
#3276 = DIRECTION('',(1.3E-16,2.2E-16,1.));
#3277 = DIRECTION('',(1.,0.,-1.3E-16));
#3278 = ADVANCED_FACE('',(#3279),#3297,.T.);
#3279 = FACE_BOUND('',#3280,.T.);
#3280 = EDGE_LOOP('',(#3281,#3282,#3283,#3284,#3285,#3286,#3287,#3288,
    #3289,#3290,#3291,#3292,#3293,#3294,#3295,#3296));
#3281 = ORIENTED_EDGE('',*,*,#2797,.T.);
#3282 = ORIENTED_EDGE('',*,*,#2830,.F.);
#3283 = ORIENTED_EDGE('',*,*,#2862,.T.);
#3284 = ORIENTED_EDGE('',*,*,#2893,.T.);
#3285 = ORIENTED_EDGE('',*,*,#2924,.T.);
#3286 = ORIENTED_EDGE('',*,*,#2956,.T.);
#3287 = ORIENTED_EDGE('',*,*,#2989,.F.);
#3288 = ORIENTED_EDGE('',*,*,#3021,.T.);
#3289 = ORIENTED_EDGE('',*,*,#3053,.F.);
#3290 = ORIENTED_EDGE('',*,*,#3086,.T.);
#3291 = ORIENTED_EDGE('',*,*,#3118,.T.);
#3292 = ORIENTED_EDGE('',*,*,#3149,.T.);
#3293 = ORIENTED_EDGE('',*,*,#3180,.T.);
#3294 = ORIENTED_EDGE('',*,*,#3212,.F.);
#3295 = ORIENTED_EDGE('',*,*,#3245,.T.);
#3296 = ORIENTED_EDGE('',*,*,#3268,.F.);
#3297 = PLANE('',#3298);
#3298 = AXIS2_PLACEMENT_3D('',#3299,#3300,#3301);
#3299 = CARTESIAN_POINT('',(-2.9E-16,-7.,-5.76254089512E-02));
#3300 = DIRECTION('',(0.,1.,2.2E-16));
#3301 = DIRECTION('',(0.,-2.2E-16,1.));
#3302 = ADVANCED_FACE('',(#3303),#3321,.F.);
#3303 = FACE_BOUND('',#3304,.F.);
#3304 = EDGE_LOOP('',(#3305,#3306,#3307,#3308,#3309,#3310,#3311,#3312,
    #3313,#3314,#3315,#3316,#3317,#3318,#3319,#3320));
#3305 = ORIENTED_EDGE('',*,*,#2780,.T.);
#3306 = ORIENTED_EDGE('',*,*,#2822,.F.);
#3307 = ORIENTED_EDGE('',*,*,#2846,.T.);
#3308 = ORIENTED_EDGE('',*,*,#2877,.T.);
#3309 = ORIENTED_EDGE('',*,*,#2908,.T.);
#3310 = ORIENTED_EDGE('',*,*,#2939,.T.);
#3311 = ORIENTED_EDGE('',*,*,#2981,.F.);
#3312 = ORIENTED_EDGE('',*,*,#3005,.T.);
#3313 = ORIENTED_EDGE('',*,*,#3045,.F.);
#3314 = ORIENTED_EDGE('',*,*,#3069,.T.);
#3315 = ORIENTED_EDGE('',*,*,#3102,.T.);
#3316 = ORIENTED_EDGE('',*,*,#3133,.T.);
#3317 = ORIENTED_EDGE('',*,*,#3164,.T.);
#3318 = ORIENTED_EDGE('',*,*,#3204,.F.);
#3319 = ORIENTED_EDGE('',*,*,#3228,.T.);
#3320 = ORIENTED_EDGE('',*,*,#3261,.F.);
#3321 = PLANE('',#3322);
#3322 = AXIS2_PLACEMENT_3D('',#3323,#3324,#3325);
#3323 = CARTESIAN_POINT('',(-2.9E-16,-7.4,-5.76254089512E-02));
#3324 = DIRECTION('',(0.,1.,2.2E-16));
#3325 = DIRECTION('',(0.,-2.2E-16,1.));
#3326 = MANIFOLD_SOLID_BREP('',#3327);
#3327 = CLOSED_SHELL('',(#3328,#3370,#3403,#3434,#3465,#3496,#3529,#3562
    ,#3593,#3626,#3659,#3690,#3721,#3752,#3785,#3818,#3840,#3864));
#3328 = ADVANCED_FACE('',(#3329),#3365,.F.);
#3329 = FACE_BOUND('',#3330,.T.);
#3330 = EDGE_LOOP('',(#3331,#3341,#3350,#3358));
#3331 = ORIENTED_EDGE('',*,*,#3332,.T.);
#3332 = EDGE_CURVE('',#3333,#3335,#3337,.T.);
#3333 = VERTEX_POINT('',#3334);
#3334 = CARTESIAN_POINT('',(-5.08839202169,-6.2,-0.1));
#3335 = VERTEX_POINT('',#3336);
#3336 = CARTESIAN_POINT('',(-5.08839202169,-6.6,-0.1));
#3337 = LINE('',#3338,#3339);
#3338 = CARTESIAN_POINT('',(-5.08839202169,-6.2,-0.1));
#3339 = VECTOR('',#3340,1.);
#3340 = DIRECTION('',(0.,-1.,2.2E-16));
#3341 = ORIENTED_EDGE('',*,*,#3342,.T.);
#3342 = EDGE_CURVE('',#3335,#3343,#3345,.T.);
#3343 = VERTEX_POINT('',#3344);
#3344 = CARTESIAN_POINT('',(-5.285594681127,-6.6,-0.266666666667));
#3345 = CIRCLE('',#3346,0.2);
#3346 = AXIS2_PLACEMENT_3D('',#3347,#3348,#3349);
#3347 = CARTESIAN_POINT('',(-5.08839202169,-6.6,-0.3));
#3348 = DIRECTION('',(0.,-1.,-2.2E-16));
#3349 = DIRECTION('',(1.,0.,0.));
#3350 = ORIENTED_EDGE('',*,*,#3351,.F.);
#3351 = EDGE_CURVE('',#3352,#3343,#3354,.T.);
#3352 = VERTEX_POINT('',#3353);
#3353 = CARTESIAN_POINT('',(-5.285594681127,-6.2,-0.266666666667));
#3354 = LINE('',#3355,#3356);
#3355 = CARTESIAN_POINT('',(-5.285594681127,-6.2,-0.266666666667));
#3356 = VECTOR('',#3357,1.);
#3357 = DIRECTION('',(0.,-1.,2.2E-16));
#3358 = ORIENTED_EDGE('',*,*,#3359,.F.);
#3359 = EDGE_CURVE('',#3333,#3352,#3360,.T.);
#3360 = CIRCLE('',#3361,0.2);
#3361 = AXIS2_PLACEMENT_3D('',#3362,#3363,#3364);
#3362 = CARTESIAN_POINT('',(-5.08839202169,-6.2,-0.3));
#3363 = DIRECTION('',(0.,-1.,-2.2E-16));
#3364 = DIRECTION('',(1.,0.,0.));
#3365 = CYLINDRICAL_SURFACE('',#3366,0.2);
#3366 = AXIS2_PLACEMENT_3D('',#3367,#3368,#3369);
#3367 = CARTESIAN_POINT('',(-5.08839202169,-6.2,-0.3));
#3368 = DIRECTION('',(0.,1.,-2.2E-16));
#3369 = DIRECTION('',(1.,0.,0.));
#3370 = ADVANCED_FACE('',(#3371),#3398,.T.);
#3371 = FACE_BOUND('',#3372,.F.);
#3372 = EDGE_LOOP('',(#3373,#3383,#3390,#3391));
#3373 = ORIENTED_EDGE('',*,*,#3374,.T.);
#3374 = EDGE_CURVE('',#3375,#3377,#3379,.T.);
#3375 = VERTEX_POINT('',#3376);
#3376 = CARTESIAN_POINT('',(-5.68,-6.2,-0.6));
#3377 = VERTEX_POINT('',#3378);
#3378 = CARTESIAN_POINT('',(-5.68,-6.6,-0.6));
#3379 = LINE('',#3380,#3381);
#3380 = CARTESIAN_POINT('',(-5.68,-6.2,-0.6));
#3381 = VECTOR('',#3382,1.);
#3382 = DIRECTION('',(0.,-1.,2.2E-16));
#3383 = ORIENTED_EDGE('',*,*,#3384,.T.);
#3384 = EDGE_CURVE('',#3377,#3343,#3385,.T.);
#3385 = CIRCLE('',#3386,0.4);
#3386 = AXIS2_PLACEMENT_3D('',#3387,#3388,#3389);
#3387 = CARTESIAN_POINT('',(-5.68,-6.6,-0.2));
#3388 = DIRECTION('',(0.,-1.,-2.2E-16));
#3389 = DIRECTION('',(1.,0.,0.));
#3390 = ORIENTED_EDGE('',*,*,#3351,.F.);
#3391 = ORIENTED_EDGE('',*,*,#3392,.F.);
#3392 = EDGE_CURVE('',#3375,#3352,#3393,.T.);
#3393 = CIRCLE('',#3394,0.4);
#3394 = AXIS2_PLACEMENT_3D('',#3395,#3396,#3397);
#3395 = CARTESIAN_POINT('',(-5.68,-6.2,-0.2));
#3396 = DIRECTION('',(0.,-1.,-2.2E-16));
#3397 = DIRECTION('',(1.,0.,0.));
#3398 = CYLINDRICAL_SURFACE('',#3399,0.4);
#3399 = AXIS2_PLACEMENT_3D('',#3400,#3401,#3402);
#3400 = CARTESIAN_POINT('',(-5.68,-6.2,-0.2));
#3401 = DIRECTION('',(0.,1.,-2.2E-16));
#3402 = DIRECTION('',(1.,0.,0.));
#3403 = ADVANCED_FACE('',(#3404),#3429,.T.);
#3404 = FACE_BOUND('',#3405,.T.);
#3405 = EDGE_LOOP('',(#3406,#3407,#3415,#3423));
#3406 = ORIENTED_EDGE('',*,*,#3374,.T.);
#3407 = ORIENTED_EDGE('',*,*,#3408,.T.);
#3408 = EDGE_CURVE('',#3377,#3409,#3411,.T.);
#3409 = VERTEX_POINT('',#3410);
#3410 = CARTESIAN_POINT('',(-5.88,-6.6,-0.6));
#3411 = LINE('',#3412,#3413);
#3412 = CARTESIAN_POINT('',(-5.68,-6.6,-0.6));
#3413 = VECTOR('',#3414,1.);
#3414 = DIRECTION('',(-1.,0.,0.));
#3415 = ORIENTED_EDGE('',*,*,#3416,.F.);
#3416 = EDGE_CURVE('',#3417,#3409,#3419,.T.);
#3417 = VERTEX_POINT('',#3418);
#3418 = CARTESIAN_POINT('',(-5.88,-6.2,-0.6));
#3419 = LINE('',#3420,#3421);
#3420 = CARTESIAN_POINT('',(-5.88,-6.2,-0.6));
#3421 = VECTOR('',#3422,1.);
#3422 = DIRECTION('',(0.,-1.,2.2E-16));
#3423 = ORIENTED_EDGE('',*,*,#3424,.F.);
#3424 = EDGE_CURVE('',#3375,#3417,#3425,.T.);
#3425 = LINE('',#3426,#3427);
#3426 = CARTESIAN_POINT('',(-5.68,-6.2,-0.6));
#3427 = VECTOR('',#3428,1.);
#3428 = DIRECTION('',(-1.,0.,0.));
#3429 = PLANE('',#3430);
#3430 = AXIS2_PLACEMENT_3D('',#3431,#3432,#3433);
#3431 = CARTESIAN_POINT('',(-5.68,-6.2,-0.6));
#3432 = DIRECTION('',(0.,-2.2E-16,-1.));
#3433 = DIRECTION('',(-1.,0.,0.));
#3434 = ADVANCED_FACE('',(#3435),#3460,.T.);
#3435 = FACE_BOUND('',#3436,.T.);
#3436 = EDGE_LOOP('',(#3437,#3438,#3446,#3454));
#3437 = ORIENTED_EDGE('',*,*,#3416,.T.);
#3438 = ORIENTED_EDGE('',*,*,#3439,.T.);
#3439 = EDGE_CURVE('',#3409,#3440,#3442,.T.);
#3440 = VERTEX_POINT('',#3441);
#3441 = CARTESIAN_POINT('',(-5.88,-6.6,-0.4));
#3442 = LINE('',#3443,#3444);
#3443 = CARTESIAN_POINT('',(-5.88,-6.6,-0.6));
#3444 = VECTOR('',#3445,1.);
#3445 = DIRECTION('',(0.,-2.2E-16,1.));
#3446 = ORIENTED_EDGE('',*,*,#3447,.F.);
#3447 = EDGE_CURVE('',#3448,#3440,#3450,.T.);
#3448 = VERTEX_POINT('',#3449);
#3449 = CARTESIAN_POINT('',(-5.88,-6.2,-0.4));
#3450 = LINE('',#3451,#3452);
#3451 = CARTESIAN_POINT('',(-5.88,-6.2,-0.4));
#3452 = VECTOR('',#3453,1.);
#3453 = DIRECTION('',(0.,-1.,2.2E-16));
#3454 = ORIENTED_EDGE('',*,*,#3455,.F.);
#3455 = EDGE_CURVE('',#3417,#3448,#3456,.T.);
#3456 = LINE('',#3457,#3458);
#3457 = CARTESIAN_POINT('',(-5.88,-6.2,-0.6));
#3458 = VECTOR('',#3459,1.);
#3459 = DIRECTION('',(0.,-2.2E-16,1.));
#3460 = PLANE('',#3461);
#3461 = AXIS2_PLACEMENT_3D('',#3462,#3463,#3464);
#3462 = CARTESIAN_POINT('',(-5.88,-6.2,-0.6));
#3463 = DIRECTION('',(-1.,0.,0.));
#3464 = DIRECTION('',(0.,2.2E-16,1.));
#3465 = ADVANCED_FACE('',(#3466),#3491,.T.);
#3466 = FACE_BOUND('',#3467,.T.);
#3467 = EDGE_LOOP('',(#3468,#3469,#3477,#3485));
#3468 = ORIENTED_EDGE('',*,*,#3447,.T.);
#3469 = ORIENTED_EDGE('',*,*,#3470,.T.);
#3470 = EDGE_CURVE('',#3440,#3471,#3473,.T.);
#3471 = VERTEX_POINT('',#3472);
#3472 = CARTESIAN_POINT('',(-5.68,-6.6,-0.4));
#3473 = LINE('',#3474,#3475);
#3474 = CARTESIAN_POINT('',(-5.88,-6.6,-0.4));
#3475 = VECTOR('',#3476,1.);
#3476 = DIRECTION('',(1.,0.,0.));
#3477 = ORIENTED_EDGE('',*,*,#3478,.F.);
#3478 = EDGE_CURVE('',#3479,#3471,#3481,.T.);
#3479 = VERTEX_POINT('',#3480);
#3480 = CARTESIAN_POINT('',(-5.68,-6.2,-0.4));
#3481 = LINE('',#3482,#3483);
#3482 = CARTESIAN_POINT('',(-5.68,-6.2,-0.4));
#3483 = VECTOR('',#3484,1.);
#3484 = DIRECTION('',(0.,-1.,2.2E-16));
#3485 = ORIENTED_EDGE('',*,*,#3486,.F.);
#3486 = EDGE_CURVE('',#3448,#3479,#3487,.T.);
#3487 = LINE('',#3488,#3489);
#3488 = CARTESIAN_POINT('',(-5.88,-6.2,-0.4));
#3489 = VECTOR('',#3490,1.);
#3490 = DIRECTION('',(1.,0.,0.));
#3491 = PLANE('',#3492);
#3492 = AXIS2_PLACEMENT_3D('',#3493,#3494,#3495);
#3493 = CARTESIAN_POINT('',(-5.88,-6.2,-0.4));
#3494 = DIRECTION('',(0.,2.2E-16,1.));
#3495 = DIRECTION('',(1.,0.,0.));
#3496 = ADVANCED_FACE('',(#3497),#3524,.F.);
#3497 = FACE_BOUND('',#3498,.T.);
#3498 = EDGE_LOOP('',(#3499,#3500,#3509,#3517));
#3499 = ORIENTED_EDGE('',*,*,#3478,.T.);
#3500 = ORIENTED_EDGE('',*,*,#3501,.T.);
#3501 = EDGE_CURVE('',#3471,#3502,#3504,.T.);
#3502 = VERTEX_POINT('',#3503);
#3503 = CARTESIAN_POINT('',(-5.482797340563,-6.6,-0.233333333333));
#3504 = CIRCLE('',#3505,0.2);
#3505 = AXIS2_PLACEMENT_3D('',#3506,#3507,#3508);
#3506 = CARTESIAN_POINT('',(-5.68,-6.6,-0.2));
#3507 = DIRECTION('',(0.,-1.,-2.2E-16));
#3508 = DIRECTION('',(1.,0.,0.));
#3509 = ORIENTED_EDGE('',*,*,#3510,.F.);
#3510 = EDGE_CURVE('',#3511,#3502,#3513,.T.);
#3511 = VERTEX_POINT('',#3512);
#3512 = CARTESIAN_POINT('',(-5.482797340563,-6.2,-0.233333333333));
#3513 = LINE('',#3514,#3515);
#3514 = CARTESIAN_POINT('',(-5.482797340563,-6.2,-0.233333333333));
#3515 = VECTOR('',#3516,1.);
#3516 = DIRECTION('',(0.,-1.,2.2E-16));
#3517 = ORIENTED_EDGE('',*,*,#3518,.F.);
#3518 = EDGE_CURVE('',#3479,#3511,#3519,.T.);
#3519 = CIRCLE('',#3520,0.2);
#3520 = AXIS2_PLACEMENT_3D('',#3521,#3522,#3523);
#3521 = CARTESIAN_POINT('',(-5.68,-6.2,-0.2));
#3522 = DIRECTION('',(0.,-1.,-2.2E-16));
#3523 = DIRECTION('',(1.,0.,0.));
#3524 = CYLINDRICAL_SURFACE('',#3525,0.2);
#3525 = AXIS2_PLACEMENT_3D('',#3526,#3527,#3528);
#3526 = CARTESIAN_POINT('',(-5.68,-6.2,-0.2));
#3527 = DIRECTION('',(0.,1.,-2.2E-16));
#3528 = DIRECTION('',(1.,0.,0.));
#3529 = ADVANCED_FACE('',(#3530),#3557,.T.);
#3530 = FACE_BOUND('',#3531,.F.);
#3531 = EDGE_LOOP('',(#3532,#3542,#3549,#3550));
#3532 = ORIENTED_EDGE('',*,*,#3533,.T.);
#3533 = EDGE_CURVE('',#3534,#3536,#3538,.T.);
#3534 = VERTEX_POINT('',#3535);
#3535 = CARTESIAN_POINT('',(-5.08839202169,-6.2,0.1));
#3536 = VERTEX_POINT('',#3537);
#3537 = CARTESIAN_POINT('',(-5.08839202169,-6.6,0.1));
#3538 = LINE('',#3539,#3540);
#3539 = CARTESIAN_POINT('',(-5.08839202169,-6.2,0.1));
#3540 = VECTOR('',#3541,1.);
#3541 = DIRECTION('',(0.,-1.,2.2E-16));
#3542 = ORIENTED_EDGE('',*,*,#3543,.T.);
#3543 = EDGE_CURVE('',#3536,#3502,#3544,.T.);
#3544 = CIRCLE('',#3545,0.4);
#3545 = AXIS2_PLACEMENT_3D('',#3546,#3547,#3548);
#3546 = CARTESIAN_POINT('',(-5.08839202169,-6.6,-0.3));
#3547 = DIRECTION('',(0.,-1.,-2.2E-16));
#3548 = DIRECTION('',(1.,0.,0.));
#3549 = ORIENTED_EDGE('',*,*,#3510,.F.);
#3550 = ORIENTED_EDGE('',*,*,#3551,.F.);
#3551 = EDGE_CURVE('',#3534,#3511,#3552,.T.);
#3552 = CIRCLE('',#3553,0.4);
#3553 = AXIS2_PLACEMENT_3D('',#3554,#3555,#3556);
#3554 = CARTESIAN_POINT('',(-5.08839202169,-6.2,-0.3));
#3555 = DIRECTION('',(0.,-1.,-2.2E-16));
#3556 = DIRECTION('',(1.,0.,0.));
#3557 = CYLINDRICAL_SURFACE('',#3558,0.4);
#3558 = AXIS2_PLACEMENT_3D('',#3559,#3560,#3561);
#3559 = CARTESIAN_POINT('',(-5.08839202169,-6.2,-0.3));
#3560 = DIRECTION('',(0.,1.,-2.2E-16));
#3561 = DIRECTION('',(1.,0.,0.));
#3562 = ADVANCED_FACE('',(#3563),#3588,.T.);
#3563 = FACE_BOUND('',#3564,.T.);
#3564 = EDGE_LOOP('',(#3565,#3566,#3574,#3582));
#3565 = ORIENTED_EDGE('',*,*,#3533,.T.);
#3566 = ORIENTED_EDGE('',*,*,#3567,.T.);
#3567 = EDGE_CURVE('',#3536,#3568,#3570,.T.);
#3568 = VERTEX_POINT('',#3569);
#3569 = CARTESIAN_POINT('',(5.08839202169,-6.6,1.E-01));
#3570 = LINE('',#3571,#3572);
#3571 = CARTESIAN_POINT('',(-5.08839202169,-6.6,0.1));
#3572 = VECTOR('',#3573,1.);
#3573 = DIRECTION('',(1.,0.,-1.2E-16));
#3574 = ORIENTED_EDGE('',*,*,#3575,.F.);
#3575 = EDGE_CURVE('',#3576,#3568,#3578,.T.);
#3576 = VERTEX_POINT('',#3577);
#3577 = CARTESIAN_POINT('',(5.08839202169,-6.2,1.E-01));
#3578 = LINE('',#3579,#3580);
#3579 = CARTESIAN_POINT('',(5.08839202169,-6.2,1.E-01));
#3580 = VECTOR('',#3581,1.);
#3581 = DIRECTION('',(0.,-1.,2.2E-16));
#3582 = ORIENTED_EDGE('',*,*,#3583,.F.);
#3583 = EDGE_CURVE('',#3534,#3576,#3584,.T.);
#3584 = LINE('',#3585,#3586);
#3585 = CARTESIAN_POINT('',(-5.08839202169,-6.2,0.1));
#3586 = VECTOR('',#3587,1.);
#3587 = DIRECTION('',(1.,0.,-1.2E-16));
#3588 = PLANE('',#3589);
#3589 = AXIS2_PLACEMENT_3D('',#3590,#3591,#3592);
#3590 = CARTESIAN_POINT('',(-5.08839202169,-6.2,0.1));
#3591 = DIRECTION('',(1.2E-16,2.2E-16,1.));
#3592 = DIRECTION('',(1.,0.,-1.2E-16));
#3593 = ADVANCED_FACE('',(#3594),#3621,.T.);
#3594 = FACE_BOUND('',#3595,.F.);
#3595 = EDGE_LOOP('',(#3596,#3606,#3613,#3614));
#3596 = ORIENTED_EDGE('',*,*,#3597,.T.);
#3597 = EDGE_CURVE('',#3598,#3600,#3602,.T.);
#3598 = VERTEX_POINT('',#3599);
#3599 = CARTESIAN_POINT('',(5.482797340563,-6.2,-0.233333333333));
#3600 = VERTEX_POINT('',#3601);
#3601 = CARTESIAN_POINT('',(5.482797340563,-6.6,-0.233333333333));
#3602 = LINE('',#3603,#3604);
#3603 = CARTESIAN_POINT('',(5.482797340563,-6.2,-0.233333333333));
#3604 = VECTOR('',#3605,1.);
#3605 = DIRECTION('',(0.,-1.,2.2E-16));
#3606 = ORIENTED_EDGE('',*,*,#3607,.T.);
#3607 = EDGE_CURVE('',#3600,#3568,#3608,.T.);
#3608 = CIRCLE('',#3609,0.4);
#3609 = AXIS2_PLACEMENT_3D('',#3610,#3611,#3612);
#3610 = CARTESIAN_POINT('',(5.08839202169,-6.6,-0.3));
#3611 = DIRECTION('',(0.,-1.,-2.2E-16));
#3612 = DIRECTION('',(1.,0.,0.));
#3613 = ORIENTED_EDGE('',*,*,#3575,.F.);
#3614 = ORIENTED_EDGE('',*,*,#3615,.F.);
#3615 = EDGE_CURVE('',#3598,#3576,#3616,.T.);
#3616 = CIRCLE('',#3617,0.4);
#3617 = AXIS2_PLACEMENT_3D('',#3618,#3619,#3620);
#3618 = CARTESIAN_POINT('',(5.08839202169,-6.2,-0.3));
#3619 = DIRECTION('',(0.,-1.,-2.2E-16));
#3620 = DIRECTION('',(1.,0.,0.));
#3621 = CYLINDRICAL_SURFACE('',#3622,0.4);
#3622 = AXIS2_PLACEMENT_3D('',#3623,#3624,#3625);
#3623 = CARTESIAN_POINT('',(5.08839202169,-6.2,-0.3));
#3624 = DIRECTION('',(0.,1.,-2.2E-16));
#3625 = DIRECTION('',(1.,0.,0.));
#3626 = ADVANCED_FACE('',(#3627),#3654,.F.);
#3627 = FACE_BOUND('',#3628,.T.);
#3628 = EDGE_LOOP('',(#3629,#3630,#3639,#3647));
#3629 = ORIENTED_EDGE('',*,*,#3597,.T.);
#3630 = ORIENTED_EDGE('',*,*,#3631,.T.);
#3631 = EDGE_CURVE('',#3600,#3632,#3634,.T.);
#3632 = VERTEX_POINT('',#3633);
#3633 = CARTESIAN_POINT('',(5.68,-6.6,-0.4));
#3634 = CIRCLE('',#3635,0.2);
#3635 = AXIS2_PLACEMENT_3D('',#3636,#3637,#3638);
#3636 = CARTESIAN_POINT('',(5.68,-6.6,-0.2));
#3637 = DIRECTION('',(0.,-1.,-2.2E-16));
#3638 = DIRECTION('',(1.,0.,0.));
#3639 = ORIENTED_EDGE('',*,*,#3640,.F.);
#3640 = EDGE_CURVE('',#3641,#3632,#3643,.T.);
#3641 = VERTEX_POINT('',#3642);
#3642 = CARTESIAN_POINT('',(5.68,-6.2,-0.4));
#3643 = LINE('',#3644,#3645);
#3644 = CARTESIAN_POINT('',(5.68,-6.2,-0.4));
#3645 = VECTOR('',#3646,1.);
#3646 = DIRECTION('',(0.,-1.,2.2E-16));
#3647 = ORIENTED_EDGE('',*,*,#3648,.F.);
#3648 = EDGE_CURVE('',#3598,#3641,#3649,.T.);
#3649 = CIRCLE('',#3650,0.2);
#3650 = AXIS2_PLACEMENT_3D('',#3651,#3652,#3653);
#3651 = CARTESIAN_POINT('',(5.68,-6.2,-0.2));
#3652 = DIRECTION('',(0.,-1.,-2.2E-16));
#3653 = DIRECTION('',(1.,0.,0.));
#3654 = CYLINDRICAL_SURFACE('',#3655,0.2);
#3655 = AXIS2_PLACEMENT_3D('',#3656,#3657,#3658);
#3656 = CARTESIAN_POINT('',(5.68,-6.2,-0.2));
#3657 = DIRECTION('',(0.,1.,-2.2E-16));
#3658 = DIRECTION('',(1.,0.,0.));
#3659 = ADVANCED_FACE('',(#3660),#3685,.T.);
#3660 = FACE_BOUND('',#3661,.T.);
#3661 = EDGE_LOOP('',(#3662,#3663,#3671,#3679));
#3662 = ORIENTED_EDGE('',*,*,#3640,.T.);
#3663 = ORIENTED_EDGE('',*,*,#3664,.T.);
#3664 = EDGE_CURVE('',#3632,#3665,#3667,.T.);
#3665 = VERTEX_POINT('',#3666);
#3666 = CARTESIAN_POINT('',(5.88,-6.6,-0.4));
#3667 = LINE('',#3668,#3669);
#3668 = CARTESIAN_POINT('',(5.68,-6.6,-0.4));
#3669 = VECTOR('',#3670,1.);
#3670 = DIRECTION('',(1.,0.,0.));
#3671 = ORIENTED_EDGE('',*,*,#3672,.F.);
#3672 = EDGE_CURVE('',#3673,#3665,#3675,.T.);
#3673 = VERTEX_POINT('',#3674);
#3674 = CARTESIAN_POINT('',(5.88,-6.2,-0.4));
#3675 = LINE('',#3676,#3677);
#3676 = CARTESIAN_POINT('',(5.88,-6.2,-0.4));
#3677 = VECTOR('',#3678,1.);
#3678 = DIRECTION('',(0.,-1.,2.2E-16));
#3679 = ORIENTED_EDGE('',*,*,#3680,.F.);
#3680 = EDGE_CURVE('',#3641,#3673,#3681,.T.);
#3681 = LINE('',#3682,#3683);
#3682 = CARTESIAN_POINT('',(5.68,-6.2,-0.4));
#3683 = VECTOR('',#3684,1.);
#3684 = DIRECTION('',(1.,0.,0.));
#3685 = PLANE('',#3686);
#3686 = AXIS2_PLACEMENT_3D('',#3687,#3688,#3689);
#3687 = CARTESIAN_POINT('',(5.68,-6.2,-0.4));
#3688 = DIRECTION('',(0.,2.2E-16,1.));
#3689 = DIRECTION('',(1.,0.,0.));
#3690 = ADVANCED_FACE('',(#3691),#3716,.T.);
#3691 = FACE_BOUND('',#3692,.T.);
#3692 = EDGE_LOOP('',(#3693,#3694,#3702,#3710));
#3693 = ORIENTED_EDGE('',*,*,#3672,.T.);
#3694 = ORIENTED_EDGE('',*,*,#3695,.T.);
#3695 = EDGE_CURVE('',#3665,#3696,#3698,.T.);
#3696 = VERTEX_POINT('',#3697);
#3697 = CARTESIAN_POINT('',(5.88,-6.6,-0.6));
#3698 = LINE('',#3699,#3700);
#3699 = CARTESIAN_POINT('',(5.88,-6.6,-0.4));
#3700 = VECTOR('',#3701,1.);
#3701 = DIRECTION('',(0.,2.2E-16,-1.));
#3702 = ORIENTED_EDGE('',*,*,#3703,.F.);
#3703 = EDGE_CURVE('',#3704,#3696,#3706,.T.);
#3704 = VERTEX_POINT('',#3705);
#3705 = CARTESIAN_POINT('',(5.88,-6.2,-0.6));
#3706 = LINE('',#3707,#3708);
#3707 = CARTESIAN_POINT('',(5.88,-6.2,-0.6));
#3708 = VECTOR('',#3709,1.);
#3709 = DIRECTION('',(0.,-1.,2.2E-16));
#3710 = ORIENTED_EDGE('',*,*,#3711,.F.);
#3711 = EDGE_CURVE('',#3673,#3704,#3712,.T.);
#3712 = LINE('',#3713,#3714);
#3713 = CARTESIAN_POINT('',(5.88,-6.2,-0.4));
#3714 = VECTOR('',#3715,1.);
#3715 = DIRECTION('',(0.,2.2E-16,-1.));
#3716 = PLANE('',#3717);
#3717 = AXIS2_PLACEMENT_3D('',#3718,#3719,#3720);
#3718 = CARTESIAN_POINT('',(5.88,-6.2,-0.4));
#3719 = DIRECTION('',(1.,0.,0.));
#3720 = DIRECTION('',(0.,-2.2E-16,-1.));
#3721 = ADVANCED_FACE('',(#3722),#3747,.T.);
#3722 = FACE_BOUND('',#3723,.T.);
#3723 = EDGE_LOOP('',(#3724,#3725,#3733,#3741));
#3724 = ORIENTED_EDGE('',*,*,#3703,.T.);
#3725 = ORIENTED_EDGE('',*,*,#3726,.T.);
#3726 = EDGE_CURVE('',#3696,#3727,#3729,.T.);
#3727 = VERTEX_POINT('',#3728);
#3728 = CARTESIAN_POINT('',(5.68,-6.6,-0.6));
#3729 = LINE('',#3730,#3731);
#3730 = CARTESIAN_POINT('',(5.88,-6.6,-0.6));
#3731 = VECTOR('',#3732,1.);
#3732 = DIRECTION('',(-1.,0.,0.));
#3733 = ORIENTED_EDGE('',*,*,#3734,.F.);
#3734 = EDGE_CURVE('',#3735,#3727,#3737,.T.);
#3735 = VERTEX_POINT('',#3736);
#3736 = CARTESIAN_POINT('',(5.68,-6.2,-0.6));
#3737 = LINE('',#3738,#3739);
#3738 = CARTESIAN_POINT('',(5.68,-6.2,-0.6));
#3739 = VECTOR('',#3740,1.);
#3740 = DIRECTION('',(0.,-1.,2.2E-16));
#3741 = ORIENTED_EDGE('',*,*,#3742,.F.);
#3742 = EDGE_CURVE('',#3704,#3735,#3743,.T.);
#3743 = LINE('',#3744,#3745);
#3744 = CARTESIAN_POINT('',(5.88,-6.2,-0.6));
#3745 = VECTOR('',#3746,1.);
#3746 = DIRECTION('',(-1.,0.,0.));
#3747 = PLANE('',#3748);
#3748 = AXIS2_PLACEMENT_3D('',#3749,#3750,#3751);
#3749 = CARTESIAN_POINT('',(5.88,-6.2,-0.6));
#3750 = DIRECTION('',(0.,-2.2E-16,-1.));
#3751 = DIRECTION('',(-1.,0.,0.));
#3752 = ADVANCED_FACE('',(#3753),#3780,.T.);
#3753 = FACE_BOUND('',#3754,.F.);
#3754 = EDGE_LOOP('',(#3755,#3765,#3772,#3773));
#3755 = ORIENTED_EDGE('',*,*,#3756,.T.);
#3756 = EDGE_CURVE('',#3757,#3759,#3761,.T.);
#3757 = VERTEX_POINT('',#3758);
#3758 = CARTESIAN_POINT('',(5.285594681127,-6.2,-0.266666666667));
#3759 = VERTEX_POINT('',#3760);
#3760 = CARTESIAN_POINT('',(5.285594681127,-6.6,-0.266666666667));
#3761 = LINE('',#3762,#3763);
#3762 = CARTESIAN_POINT('',(5.285594681127,-6.2,-0.266666666667));
#3763 = VECTOR('',#3764,1.);
#3764 = DIRECTION('',(0.,-1.,2.2E-16));
#3765 = ORIENTED_EDGE('',*,*,#3766,.T.);
#3766 = EDGE_CURVE('',#3759,#3727,#3767,.T.);
#3767 = CIRCLE('',#3768,0.4);
#3768 = AXIS2_PLACEMENT_3D('',#3769,#3770,#3771);
#3769 = CARTESIAN_POINT('',(5.68,-6.6,-0.2));
#3770 = DIRECTION('',(0.,-1.,-2.2E-16));
#3771 = DIRECTION('',(1.,0.,0.));
#3772 = ORIENTED_EDGE('',*,*,#3734,.F.);
#3773 = ORIENTED_EDGE('',*,*,#3774,.F.);
#3774 = EDGE_CURVE('',#3757,#3735,#3775,.T.);
#3775 = CIRCLE('',#3776,0.4);
#3776 = AXIS2_PLACEMENT_3D('',#3777,#3778,#3779);
#3777 = CARTESIAN_POINT('',(5.68,-6.2,-0.2));
#3778 = DIRECTION('',(0.,-1.,-2.2E-16));
#3779 = DIRECTION('',(1.,0.,0.));
#3780 = CYLINDRICAL_SURFACE('',#3781,0.4);
#3781 = AXIS2_PLACEMENT_3D('',#3782,#3783,#3784);
#3782 = CARTESIAN_POINT('',(5.68,-6.2,-0.2));
#3783 = DIRECTION('',(0.,1.,-2.2E-16));
#3784 = DIRECTION('',(1.,0.,0.));
#3785 = ADVANCED_FACE('',(#3786),#3813,.F.);
#3786 = FACE_BOUND('',#3787,.T.);
#3787 = EDGE_LOOP('',(#3788,#3789,#3798,#3806));
#3788 = ORIENTED_EDGE('',*,*,#3756,.T.);
#3789 = ORIENTED_EDGE('',*,*,#3790,.T.);
#3790 = EDGE_CURVE('',#3759,#3791,#3793,.T.);
#3791 = VERTEX_POINT('',#3792);
#3792 = CARTESIAN_POINT('',(5.08839202169,-6.6,-0.1));
#3793 = CIRCLE('',#3794,0.2);
#3794 = AXIS2_PLACEMENT_3D('',#3795,#3796,#3797);
#3795 = CARTESIAN_POINT('',(5.08839202169,-6.6,-0.3));
#3796 = DIRECTION('',(0.,-1.,-2.2E-16));
#3797 = DIRECTION('',(1.,0.,0.));
#3798 = ORIENTED_EDGE('',*,*,#3799,.F.);
#3799 = EDGE_CURVE('',#3800,#3791,#3802,.T.);
#3800 = VERTEX_POINT('',#3801);
#3801 = CARTESIAN_POINT('',(5.08839202169,-6.2,-0.1));
#3802 = LINE('',#3803,#3804);
#3803 = CARTESIAN_POINT('',(5.08839202169,-6.2,-0.1));
#3804 = VECTOR('',#3805,1.);
#3805 = DIRECTION('',(0.,-1.,2.2E-16));
#3806 = ORIENTED_EDGE('',*,*,#3807,.F.);
#3807 = EDGE_CURVE('',#3757,#3800,#3808,.T.);
#3808 = CIRCLE('',#3809,0.2);
#3809 = AXIS2_PLACEMENT_3D('',#3810,#3811,#3812);
#3810 = CARTESIAN_POINT('',(5.08839202169,-6.2,-0.3));
#3811 = DIRECTION('',(0.,-1.,-2.2E-16));
#3812 = DIRECTION('',(1.,0.,0.));
#3813 = CYLINDRICAL_SURFACE('',#3814,0.2);
#3814 = AXIS2_PLACEMENT_3D('',#3815,#3816,#3817);
#3815 = CARTESIAN_POINT('',(5.08839202169,-6.2,-0.3));
#3816 = DIRECTION('',(0.,1.,-2.2E-16));
#3817 = DIRECTION('',(1.,0.,0.));
#3818 = ADVANCED_FACE('',(#3819),#3835,.F.);
#3819 = FACE_BOUND('',#3820,.F.);
#3820 = EDGE_LOOP('',(#3821,#3822,#3828,#3829));
#3821 = ORIENTED_EDGE('',*,*,#3332,.T.);
#3822 = ORIENTED_EDGE('',*,*,#3823,.T.);
#3823 = EDGE_CURVE('',#3335,#3791,#3824,.T.);
#3824 = LINE('',#3825,#3826);
#3825 = CARTESIAN_POINT('',(-5.08839202169,-6.6,-0.1));
#3826 = VECTOR('',#3827,1.);
#3827 = DIRECTION('',(1.,0.,-1.3E-16));
#3828 = ORIENTED_EDGE('',*,*,#3799,.F.);
#3829 = ORIENTED_EDGE('',*,*,#3830,.F.);
#3830 = EDGE_CURVE('',#3333,#3800,#3831,.T.);
#3831 = LINE('',#3832,#3833);
#3832 = CARTESIAN_POINT('',(-5.08839202169,-6.2,-0.1));
#3833 = VECTOR('',#3834,1.);
#3834 = DIRECTION('',(1.,0.,-1.3E-16));
#3835 = PLANE('',#3836);
#3836 = AXIS2_PLACEMENT_3D('',#3837,#3838,#3839);
#3837 = CARTESIAN_POINT('',(-5.08839202169,-6.2,-0.1));
#3838 = DIRECTION('',(1.3E-16,2.2E-16,1.));
#3839 = DIRECTION('',(1.,0.,-1.3E-16));
#3840 = ADVANCED_FACE('',(#3841),#3859,.T.);
#3841 = FACE_BOUND('',#3842,.T.);
#3842 = EDGE_LOOP('',(#3843,#3844,#3845,#3846,#3847,#3848,#3849,#3850,
    #3851,#3852,#3853,#3854,#3855,#3856,#3857,#3858));
#3843 = ORIENTED_EDGE('',*,*,#3359,.T.);
#3844 = ORIENTED_EDGE('',*,*,#3392,.F.);
#3845 = ORIENTED_EDGE('',*,*,#3424,.T.);
#3846 = ORIENTED_EDGE('',*,*,#3455,.T.);
#3847 = ORIENTED_EDGE('',*,*,#3486,.T.);
#3848 = ORIENTED_EDGE('',*,*,#3518,.T.);
#3849 = ORIENTED_EDGE('',*,*,#3551,.F.);
#3850 = ORIENTED_EDGE('',*,*,#3583,.T.);
#3851 = ORIENTED_EDGE('',*,*,#3615,.F.);
#3852 = ORIENTED_EDGE('',*,*,#3648,.T.);
#3853 = ORIENTED_EDGE('',*,*,#3680,.T.);
#3854 = ORIENTED_EDGE('',*,*,#3711,.T.);
#3855 = ORIENTED_EDGE('',*,*,#3742,.T.);
#3856 = ORIENTED_EDGE('',*,*,#3774,.F.);
#3857 = ORIENTED_EDGE('',*,*,#3807,.T.);
#3858 = ORIENTED_EDGE('',*,*,#3830,.F.);
#3859 = PLANE('',#3860);
#3860 = AXIS2_PLACEMENT_3D('',#3861,#3862,#3863);
#3861 = CARTESIAN_POINT('',(-2.9E-16,-6.2,-5.76254089512E-02));
#3862 = DIRECTION('',(0.,1.,2.2E-16));
#3863 = DIRECTION('',(0.,-2.2E-16,1.));
#3864 = ADVANCED_FACE('',(#3865),#3883,.F.);
#3865 = FACE_BOUND('',#3866,.F.);
#3866 = EDGE_LOOP('',(#3867,#3868,#3869,#3870,#3871,#3872,#3873,#3874,
    #3875,#3876,#3877,#3878,#3879,#3880,#3881,#3882));
#3867 = ORIENTED_EDGE('',*,*,#3342,.T.);
#3868 = ORIENTED_EDGE('',*,*,#3384,.F.);
#3869 = ORIENTED_EDGE('',*,*,#3408,.T.);
#3870 = ORIENTED_EDGE('',*,*,#3439,.T.);
#3871 = ORIENTED_EDGE('',*,*,#3470,.T.);
#3872 = ORIENTED_EDGE('',*,*,#3501,.T.);
#3873 = ORIENTED_EDGE('',*,*,#3543,.F.);
#3874 = ORIENTED_EDGE('',*,*,#3567,.T.);
#3875 = ORIENTED_EDGE('',*,*,#3607,.F.);
#3876 = ORIENTED_EDGE('',*,*,#3631,.T.);
#3877 = ORIENTED_EDGE('',*,*,#3664,.T.);
#3878 = ORIENTED_EDGE('',*,*,#3695,.T.);
#3879 = ORIENTED_EDGE('',*,*,#3726,.T.);
#3880 = ORIENTED_EDGE('',*,*,#3766,.F.);
#3881 = ORIENTED_EDGE('',*,*,#3790,.T.);
#3882 = ORIENTED_EDGE('',*,*,#3823,.F.);
#3883 = PLANE('',#3884);
#3884 = AXIS2_PLACEMENT_3D('',#3885,#3886,#3887);
#3885 = CARTESIAN_POINT('',(-2.9E-16,-6.6,-5.76254089512E-02));
#3886 = DIRECTION('',(0.,1.,2.2E-16));
#3887 = DIRECTION('',(0.,-2.2E-16,1.));
#3888 = MANIFOLD_SOLID_BREP('',#3889);
#3889 = CLOSED_SHELL('',(#3890,#3932,#3965,#3996,#4027,#4058,#4091,#4124
    ,#4155,#4188,#4221,#4252,#4283,#4314,#4347,#4380,#4402,#4426));
#3890 = ADVANCED_FACE('',(#3891),#3927,.F.);
#3891 = FACE_BOUND('',#3892,.T.);
#3892 = EDGE_LOOP('',(#3893,#3903,#3912,#3920));
#3893 = ORIENTED_EDGE('',*,*,#3894,.T.);
#3894 = EDGE_CURVE('',#3895,#3897,#3899,.T.);
#3895 = VERTEX_POINT('',#3896);
#3896 = CARTESIAN_POINT('',(-5.08839202169,-5.4,-0.1));
#3897 = VERTEX_POINT('',#3898);
#3898 = CARTESIAN_POINT('',(-5.08839202169,-5.8,-0.1));
#3899 = LINE('',#3900,#3901);
#3900 = CARTESIAN_POINT('',(-5.08839202169,-5.4,-0.1));
#3901 = VECTOR('',#3902,1.);
#3902 = DIRECTION('',(0.,-1.,2.2E-16));
#3903 = ORIENTED_EDGE('',*,*,#3904,.T.);
#3904 = EDGE_CURVE('',#3897,#3905,#3907,.T.);
#3905 = VERTEX_POINT('',#3906);
#3906 = CARTESIAN_POINT('',(-5.285594681127,-5.8,-0.266666666667));
#3907 = CIRCLE('',#3908,0.2);
#3908 = AXIS2_PLACEMENT_3D('',#3909,#3910,#3911);
#3909 = CARTESIAN_POINT('',(-5.08839202169,-5.8,-0.3));
#3910 = DIRECTION('',(0.,-1.,-2.2E-16));
#3911 = DIRECTION('',(1.,0.,0.));
#3912 = ORIENTED_EDGE('',*,*,#3913,.F.);
#3913 = EDGE_CURVE('',#3914,#3905,#3916,.T.);
#3914 = VERTEX_POINT('',#3915);
#3915 = CARTESIAN_POINT('',(-5.285594681127,-5.4,-0.266666666667));
#3916 = LINE('',#3917,#3918);
#3917 = CARTESIAN_POINT('',(-5.285594681127,-5.4,-0.266666666667));
#3918 = VECTOR('',#3919,1.);
#3919 = DIRECTION('',(0.,-1.,2.2E-16));
#3920 = ORIENTED_EDGE('',*,*,#3921,.F.);
#3921 = EDGE_CURVE('',#3895,#3914,#3922,.T.);
#3922 = CIRCLE('',#3923,0.2);
#3923 = AXIS2_PLACEMENT_3D('',#3924,#3925,#3926);
#3924 = CARTESIAN_POINT('',(-5.08839202169,-5.4,-0.3));
#3925 = DIRECTION('',(0.,-1.,-2.2E-16));
#3926 = DIRECTION('',(1.,0.,0.));
#3927 = CYLINDRICAL_SURFACE('',#3928,0.2);
#3928 = AXIS2_PLACEMENT_3D('',#3929,#3930,#3931);
#3929 = CARTESIAN_POINT('',(-5.08839202169,-5.4,-0.3));
#3930 = DIRECTION('',(0.,1.,-2.2E-16));
#3931 = DIRECTION('',(1.,0.,0.));
#3932 = ADVANCED_FACE('',(#3933),#3960,.T.);
#3933 = FACE_BOUND('',#3934,.F.);
#3934 = EDGE_LOOP('',(#3935,#3945,#3952,#3953));
#3935 = ORIENTED_EDGE('',*,*,#3936,.T.);
#3936 = EDGE_CURVE('',#3937,#3939,#3941,.T.);
#3937 = VERTEX_POINT('',#3938);
#3938 = CARTESIAN_POINT('',(-5.68,-5.4,-0.6));
#3939 = VERTEX_POINT('',#3940);
#3940 = CARTESIAN_POINT('',(-5.68,-5.8,-0.6));
#3941 = LINE('',#3942,#3943);
#3942 = CARTESIAN_POINT('',(-5.68,-5.4,-0.6));
#3943 = VECTOR('',#3944,1.);
#3944 = DIRECTION('',(0.,-1.,2.2E-16));
#3945 = ORIENTED_EDGE('',*,*,#3946,.T.);
#3946 = EDGE_CURVE('',#3939,#3905,#3947,.T.);
#3947 = CIRCLE('',#3948,0.4);
#3948 = AXIS2_PLACEMENT_3D('',#3949,#3950,#3951);
#3949 = CARTESIAN_POINT('',(-5.68,-5.8,-0.2));
#3950 = DIRECTION('',(0.,-1.,-2.2E-16));
#3951 = DIRECTION('',(1.,0.,0.));
#3952 = ORIENTED_EDGE('',*,*,#3913,.F.);
#3953 = ORIENTED_EDGE('',*,*,#3954,.F.);
#3954 = EDGE_CURVE('',#3937,#3914,#3955,.T.);
#3955 = CIRCLE('',#3956,0.4);
#3956 = AXIS2_PLACEMENT_3D('',#3957,#3958,#3959);
#3957 = CARTESIAN_POINT('',(-5.68,-5.4,-0.2));
#3958 = DIRECTION('',(0.,-1.,-2.2E-16));
#3959 = DIRECTION('',(1.,0.,0.));
#3960 = CYLINDRICAL_SURFACE('',#3961,0.4);
#3961 = AXIS2_PLACEMENT_3D('',#3962,#3963,#3964);
#3962 = CARTESIAN_POINT('',(-5.68,-5.4,-0.2));
#3963 = DIRECTION('',(0.,1.,-2.2E-16));
#3964 = DIRECTION('',(1.,0.,0.));
#3965 = ADVANCED_FACE('',(#3966),#3991,.T.);
#3966 = FACE_BOUND('',#3967,.T.);
#3967 = EDGE_LOOP('',(#3968,#3969,#3977,#3985));
#3968 = ORIENTED_EDGE('',*,*,#3936,.T.);
#3969 = ORIENTED_EDGE('',*,*,#3970,.T.);
#3970 = EDGE_CURVE('',#3939,#3971,#3973,.T.);
#3971 = VERTEX_POINT('',#3972);
#3972 = CARTESIAN_POINT('',(-5.88,-5.8,-0.6));
#3973 = LINE('',#3974,#3975);
#3974 = CARTESIAN_POINT('',(-5.68,-5.8,-0.6));
#3975 = VECTOR('',#3976,1.);
#3976 = DIRECTION('',(-1.,0.,0.));
#3977 = ORIENTED_EDGE('',*,*,#3978,.F.);
#3978 = EDGE_CURVE('',#3979,#3971,#3981,.T.);
#3979 = VERTEX_POINT('',#3980);
#3980 = CARTESIAN_POINT('',(-5.88,-5.4,-0.6));
#3981 = LINE('',#3982,#3983);
#3982 = CARTESIAN_POINT('',(-5.88,-5.4,-0.6));
#3983 = VECTOR('',#3984,1.);
#3984 = DIRECTION('',(0.,-1.,2.2E-16));
#3985 = ORIENTED_EDGE('',*,*,#3986,.F.);
#3986 = EDGE_CURVE('',#3937,#3979,#3987,.T.);
#3987 = LINE('',#3988,#3989);
#3988 = CARTESIAN_POINT('',(-5.68,-5.4,-0.6));
#3989 = VECTOR('',#3990,1.);
#3990 = DIRECTION('',(-1.,0.,0.));
#3991 = PLANE('',#3992);
#3992 = AXIS2_PLACEMENT_3D('',#3993,#3994,#3995);
#3993 = CARTESIAN_POINT('',(-5.68,-5.4,-0.6));
#3994 = DIRECTION('',(0.,-2.2E-16,-1.));
#3995 = DIRECTION('',(-1.,0.,0.));
#3996 = ADVANCED_FACE('',(#3997),#4022,.T.);
#3997 = FACE_BOUND('',#3998,.T.);
#3998 = EDGE_LOOP('',(#3999,#4000,#4008,#4016));
#3999 = ORIENTED_EDGE('',*,*,#3978,.T.);
#4000 = ORIENTED_EDGE('',*,*,#4001,.T.);
#4001 = EDGE_CURVE('',#3971,#4002,#4004,.T.);
#4002 = VERTEX_POINT('',#4003);
#4003 = CARTESIAN_POINT('',(-5.88,-5.8,-0.4));
#4004 = LINE('',#4005,#4006);
#4005 = CARTESIAN_POINT('',(-5.88,-5.8,-0.6));
#4006 = VECTOR('',#4007,1.);
#4007 = DIRECTION('',(0.,-2.2E-16,1.));
#4008 = ORIENTED_EDGE('',*,*,#4009,.F.);
#4009 = EDGE_CURVE('',#4010,#4002,#4012,.T.);
#4010 = VERTEX_POINT('',#4011);
#4011 = CARTESIAN_POINT('',(-5.88,-5.4,-0.4));
#4012 = LINE('',#4013,#4014);
#4013 = CARTESIAN_POINT('',(-5.88,-5.4,-0.4));
#4014 = VECTOR('',#4015,1.);
#4015 = DIRECTION('',(0.,-1.,2.2E-16));
#4016 = ORIENTED_EDGE('',*,*,#4017,.F.);
#4017 = EDGE_CURVE('',#3979,#4010,#4018,.T.);
#4018 = LINE('',#4019,#4020);
#4019 = CARTESIAN_POINT('',(-5.88,-5.4,-0.6));
#4020 = VECTOR('',#4021,1.);
#4021 = DIRECTION('',(0.,-2.2E-16,1.));
#4022 = PLANE('',#4023);
#4023 = AXIS2_PLACEMENT_3D('',#4024,#4025,#4026);
#4024 = CARTESIAN_POINT('',(-5.88,-5.4,-0.6));
#4025 = DIRECTION('',(-1.,0.,0.));
#4026 = DIRECTION('',(0.,2.2E-16,1.));
#4027 = ADVANCED_FACE('',(#4028),#4053,.T.);
#4028 = FACE_BOUND('',#4029,.T.);
#4029 = EDGE_LOOP('',(#4030,#4031,#4039,#4047));
#4030 = ORIENTED_EDGE('',*,*,#4009,.T.);
#4031 = ORIENTED_EDGE('',*,*,#4032,.T.);
#4032 = EDGE_CURVE('',#4002,#4033,#4035,.T.);
#4033 = VERTEX_POINT('',#4034);
#4034 = CARTESIAN_POINT('',(-5.68,-5.8,-0.4));
#4035 = LINE('',#4036,#4037);
#4036 = CARTESIAN_POINT('',(-5.88,-5.8,-0.4));
#4037 = VECTOR('',#4038,1.);
#4038 = DIRECTION('',(1.,0.,0.));
#4039 = ORIENTED_EDGE('',*,*,#4040,.F.);
#4040 = EDGE_CURVE('',#4041,#4033,#4043,.T.);
#4041 = VERTEX_POINT('',#4042);
#4042 = CARTESIAN_POINT('',(-5.68,-5.4,-0.4));
#4043 = LINE('',#4044,#4045);
#4044 = CARTESIAN_POINT('',(-5.68,-5.4,-0.4));
#4045 = VECTOR('',#4046,1.);
#4046 = DIRECTION('',(0.,-1.,2.2E-16));
#4047 = ORIENTED_EDGE('',*,*,#4048,.F.);
#4048 = EDGE_CURVE('',#4010,#4041,#4049,.T.);
#4049 = LINE('',#4050,#4051);
#4050 = CARTESIAN_POINT('',(-5.88,-5.4,-0.4));
#4051 = VECTOR('',#4052,1.);
#4052 = DIRECTION('',(1.,0.,0.));
#4053 = PLANE('',#4054);
#4054 = AXIS2_PLACEMENT_3D('',#4055,#4056,#4057);
#4055 = CARTESIAN_POINT('',(-5.88,-5.4,-0.4));
#4056 = DIRECTION('',(0.,2.2E-16,1.));
#4057 = DIRECTION('',(1.,0.,0.));
#4058 = ADVANCED_FACE('',(#4059),#4086,.F.);
#4059 = FACE_BOUND('',#4060,.T.);
#4060 = EDGE_LOOP('',(#4061,#4062,#4071,#4079));
#4061 = ORIENTED_EDGE('',*,*,#4040,.T.);
#4062 = ORIENTED_EDGE('',*,*,#4063,.T.);
#4063 = EDGE_CURVE('',#4033,#4064,#4066,.T.);
#4064 = VERTEX_POINT('',#4065);
#4065 = CARTESIAN_POINT('',(-5.482797340563,-5.8,-0.233333333333));
#4066 = CIRCLE('',#4067,0.2);
#4067 = AXIS2_PLACEMENT_3D('',#4068,#4069,#4070);
#4068 = CARTESIAN_POINT('',(-5.68,-5.8,-0.2));
#4069 = DIRECTION('',(0.,-1.,-2.2E-16));
#4070 = DIRECTION('',(1.,0.,0.));
#4071 = ORIENTED_EDGE('',*,*,#4072,.F.);
#4072 = EDGE_CURVE('',#4073,#4064,#4075,.T.);
#4073 = VERTEX_POINT('',#4074);
#4074 = CARTESIAN_POINT('',(-5.482797340563,-5.4,-0.233333333333));
#4075 = LINE('',#4076,#4077);
#4076 = CARTESIAN_POINT('',(-5.482797340563,-5.4,-0.233333333333));
#4077 = VECTOR('',#4078,1.);
#4078 = DIRECTION('',(0.,-1.,2.2E-16));
#4079 = ORIENTED_EDGE('',*,*,#4080,.F.);
#4080 = EDGE_CURVE('',#4041,#4073,#4081,.T.);
#4081 = CIRCLE('',#4082,0.2);
#4082 = AXIS2_PLACEMENT_3D('',#4083,#4084,#4085);
#4083 = CARTESIAN_POINT('',(-5.68,-5.4,-0.2));
#4084 = DIRECTION('',(0.,-1.,-2.2E-16));
#4085 = DIRECTION('',(1.,0.,0.));
#4086 = CYLINDRICAL_SURFACE('',#4087,0.2);
#4087 = AXIS2_PLACEMENT_3D('',#4088,#4089,#4090);
#4088 = CARTESIAN_POINT('',(-5.68,-5.4,-0.2));
#4089 = DIRECTION('',(0.,1.,-2.2E-16));
#4090 = DIRECTION('',(1.,0.,0.));
#4091 = ADVANCED_FACE('',(#4092),#4119,.T.);
#4092 = FACE_BOUND('',#4093,.F.);
#4093 = EDGE_LOOP('',(#4094,#4104,#4111,#4112));
#4094 = ORIENTED_EDGE('',*,*,#4095,.T.);
#4095 = EDGE_CURVE('',#4096,#4098,#4100,.T.);
#4096 = VERTEX_POINT('',#4097);
#4097 = CARTESIAN_POINT('',(-5.08839202169,-5.4,0.1));
#4098 = VERTEX_POINT('',#4099);
#4099 = CARTESIAN_POINT('',(-5.08839202169,-5.8,0.1));
#4100 = LINE('',#4101,#4102);
#4101 = CARTESIAN_POINT('',(-5.08839202169,-5.4,0.1));
#4102 = VECTOR('',#4103,1.);
#4103 = DIRECTION('',(0.,-1.,2.2E-16));
#4104 = ORIENTED_EDGE('',*,*,#4105,.T.);
#4105 = EDGE_CURVE('',#4098,#4064,#4106,.T.);
#4106 = CIRCLE('',#4107,0.4);
#4107 = AXIS2_PLACEMENT_3D('',#4108,#4109,#4110);
#4108 = CARTESIAN_POINT('',(-5.08839202169,-5.8,-0.3));
#4109 = DIRECTION('',(0.,-1.,-2.2E-16));
#4110 = DIRECTION('',(1.,0.,0.));
#4111 = ORIENTED_EDGE('',*,*,#4072,.F.);
#4112 = ORIENTED_EDGE('',*,*,#4113,.F.);
#4113 = EDGE_CURVE('',#4096,#4073,#4114,.T.);
#4114 = CIRCLE('',#4115,0.4);
#4115 = AXIS2_PLACEMENT_3D('',#4116,#4117,#4118);
#4116 = CARTESIAN_POINT('',(-5.08839202169,-5.4,-0.3));
#4117 = DIRECTION('',(0.,-1.,-2.2E-16));
#4118 = DIRECTION('',(1.,0.,0.));
#4119 = CYLINDRICAL_SURFACE('',#4120,0.4);
#4120 = AXIS2_PLACEMENT_3D('',#4121,#4122,#4123);
#4121 = CARTESIAN_POINT('',(-5.08839202169,-5.4,-0.3));
#4122 = DIRECTION('',(0.,1.,-2.2E-16));
#4123 = DIRECTION('',(1.,0.,0.));
#4124 = ADVANCED_FACE('',(#4125),#4150,.T.);
#4125 = FACE_BOUND('',#4126,.T.);
#4126 = EDGE_LOOP('',(#4127,#4128,#4136,#4144));
#4127 = ORIENTED_EDGE('',*,*,#4095,.T.);
#4128 = ORIENTED_EDGE('',*,*,#4129,.T.);
#4129 = EDGE_CURVE('',#4098,#4130,#4132,.T.);
#4130 = VERTEX_POINT('',#4131);
#4131 = CARTESIAN_POINT('',(5.08839202169,-5.8,1.E-01));
#4132 = LINE('',#4133,#4134);
#4133 = CARTESIAN_POINT('',(-5.08839202169,-5.8,0.1));
#4134 = VECTOR('',#4135,1.);
#4135 = DIRECTION('',(1.,0.,-1.2E-16));
#4136 = ORIENTED_EDGE('',*,*,#4137,.F.);
#4137 = EDGE_CURVE('',#4138,#4130,#4140,.T.);
#4138 = VERTEX_POINT('',#4139);
#4139 = CARTESIAN_POINT('',(5.08839202169,-5.4,1.E-01));
#4140 = LINE('',#4141,#4142);
#4141 = CARTESIAN_POINT('',(5.08839202169,-5.4,1.E-01));
#4142 = VECTOR('',#4143,1.);
#4143 = DIRECTION('',(0.,-1.,2.2E-16));
#4144 = ORIENTED_EDGE('',*,*,#4145,.F.);
#4145 = EDGE_CURVE('',#4096,#4138,#4146,.T.);
#4146 = LINE('',#4147,#4148);
#4147 = CARTESIAN_POINT('',(-5.08839202169,-5.4,0.1));
#4148 = VECTOR('',#4149,1.);
#4149 = DIRECTION('',(1.,0.,-1.2E-16));
#4150 = PLANE('',#4151);
#4151 = AXIS2_PLACEMENT_3D('',#4152,#4153,#4154);
#4152 = CARTESIAN_POINT('',(-5.08839202169,-5.4,0.1));
#4153 = DIRECTION('',(1.2E-16,2.2E-16,1.));
#4154 = DIRECTION('',(1.,0.,-1.2E-16));
#4155 = ADVANCED_FACE('',(#4156),#4183,.T.);
#4156 = FACE_BOUND('',#4157,.F.);
#4157 = EDGE_LOOP('',(#4158,#4168,#4175,#4176));
#4158 = ORIENTED_EDGE('',*,*,#4159,.T.);
#4159 = EDGE_CURVE('',#4160,#4162,#4164,.T.);
#4160 = VERTEX_POINT('',#4161);
#4161 = CARTESIAN_POINT('',(5.482797340563,-5.4,-0.233333333333));
#4162 = VERTEX_POINT('',#4163);
#4163 = CARTESIAN_POINT('',(5.482797340563,-5.8,-0.233333333333));
#4164 = LINE('',#4165,#4166);
#4165 = CARTESIAN_POINT('',(5.482797340563,-5.4,-0.233333333333));
#4166 = VECTOR('',#4167,1.);
#4167 = DIRECTION('',(0.,-1.,2.2E-16));
#4168 = ORIENTED_EDGE('',*,*,#4169,.T.);
#4169 = EDGE_CURVE('',#4162,#4130,#4170,.T.);
#4170 = CIRCLE('',#4171,0.4);
#4171 = AXIS2_PLACEMENT_3D('',#4172,#4173,#4174);
#4172 = CARTESIAN_POINT('',(5.08839202169,-5.8,-0.3));
#4173 = DIRECTION('',(0.,-1.,-2.2E-16));
#4174 = DIRECTION('',(1.,0.,0.));
#4175 = ORIENTED_EDGE('',*,*,#4137,.F.);
#4176 = ORIENTED_EDGE('',*,*,#4177,.F.);
#4177 = EDGE_CURVE('',#4160,#4138,#4178,.T.);
#4178 = CIRCLE('',#4179,0.4);
#4179 = AXIS2_PLACEMENT_3D('',#4180,#4181,#4182);
#4180 = CARTESIAN_POINT('',(5.08839202169,-5.4,-0.3));
#4181 = DIRECTION('',(0.,-1.,-2.2E-16));
#4182 = DIRECTION('',(1.,0.,0.));
#4183 = CYLINDRICAL_SURFACE('',#4184,0.4);
#4184 = AXIS2_PLACEMENT_3D('',#4185,#4186,#4187);
#4185 = CARTESIAN_POINT('',(5.08839202169,-5.4,-0.3));
#4186 = DIRECTION('',(0.,1.,-2.2E-16));
#4187 = DIRECTION('',(1.,0.,0.));
#4188 = ADVANCED_FACE('',(#4189),#4216,.F.);
#4189 = FACE_BOUND('',#4190,.T.);
#4190 = EDGE_LOOP('',(#4191,#4192,#4201,#4209));
#4191 = ORIENTED_EDGE('',*,*,#4159,.T.);
#4192 = ORIENTED_EDGE('',*,*,#4193,.T.);
#4193 = EDGE_CURVE('',#4162,#4194,#4196,.T.);
#4194 = VERTEX_POINT('',#4195);
#4195 = CARTESIAN_POINT('',(5.68,-5.8,-0.4));
#4196 = CIRCLE('',#4197,0.2);
#4197 = AXIS2_PLACEMENT_3D('',#4198,#4199,#4200);
#4198 = CARTESIAN_POINT('',(5.68,-5.8,-0.2));
#4199 = DIRECTION('',(0.,-1.,-2.2E-16));
#4200 = DIRECTION('',(1.,0.,0.));
#4201 = ORIENTED_EDGE('',*,*,#4202,.F.);
#4202 = EDGE_CURVE('',#4203,#4194,#4205,.T.);
#4203 = VERTEX_POINT('',#4204);
#4204 = CARTESIAN_POINT('',(5.68,-5.4,-0.4));
#4205 = LINE('',#4206,#4207);
#4206 = CARTESIAN_POINT('',(5.68,-5.4,-0.4));
#4207 = VECTOR('',#4208,1.);
#4208 = DIRECTION('',(0.,-1.,2.2E-16));
#4209 = ORIENTED_EDGE('',*,*,#4210,.F.);
#4210 = EDGE_CURVE('',#4160,#4203,#4211,.T.);
#4211 = CIRCLE('',#4212,0.2);
#4212 = AXIS2_PLACEMENT_3D('',#4213,#4214,#4215);
#4213 = CARTESIAN_POINT('',(5.68,-5.4,-0.2));
#4214 = DIRECTION('',(0.,-1.,-2.2E-16));
#4215 = DIRECTION('',(1.,0.,0.));
#4216 = CYLINDRICAL_SURFACE('',#4217,0.2);
#4217 = AXIS2_PLACEMENT_3D('',#4218,#4219,#4220);
#4218 = CARTESIAN_POINT('',(5.68,-5.4,-0.2));
#4219 = DIRECTION('',(0.,1.,-2.2E-16));
#4220 = DIRECTION('',(1.,0.,0.));
#4221 = ADVANCED_FACE('',(#4222),#4247,.T.);
#4222 = FACE_BOUND('',#4223,.T.);
#4223 = EDGE_LOOP('',(#4224,#4225,#4233,#4241));
#4224 = ORIENTED_EDGE('',*,*,#4202,.T.);
#4225 = ORIENTED_EDGE('',*,*,#4226,.T.);
#4226 = EDGE_CURVE('',#4194,#4227,#4229,.T.);
#4227 = VERTEX_POINT('',#4228);
#4228 = CARTESIAN_POINT('',(5.88,-5.8,-0.4));
#4229 = LINE('',#4230,#4231);
#4230 = CARTESIAN_POINT('',(5.68,-5.8,-0.4));
#4231 = VECTOR('',#4232,1.);
#4232 = DIRECTION('',(1.,0.,0.));
#4233 = ORIENTED_EDGE('',*,*,#4234,.F.);
#4234 = EDGE_CURVE('',#4235,#4227,#4237,.T.);
#4235 = VERTEX_POINT('',#4236);
#4236 = CARTESIAN_POINT('',(5.88,-5.4,-0.4));
#4237 = LINE('',#4238,#4239);
#4238 = CARTESIAN_POINT('',(5.88,-5.4,-0.4));
#4239 = VECTOR('',#4240,1.);
#4240 = DIRECTION('',(0.,-1.,2.2E-16));
#4241 = ORIENTED_EDGE('',*,*,#4242,.F.);
#4242 = EDGE_CURVE('',#4203,#4235,#4243,.T.);
#4243 = LINE('',#4244,#4245);
#4244 = CARTESIAN_POINT('',(5.68,-5.4,-0.4));
#4245 = VECTOR('',#4246,1.);
#4246 = DIRECTION('',(1.,0.,0.));
#4247 = PLANE('',#4248);
#4248 = AXIS2_PLACEMENT_3D('',#4249,#4250,#4251);
#4249 = CARTESIAN_POINT('',(5.68,-5.4,-0.4));
#4250 = DIRECTION('',(0.,2.2E-16,1.));
#4251 = DIRECTION('',(1.,0.,0.));
#4252 = ADVANCED_FACE('',(#4253),#4278,.T.);
#4253 = FACE_BOUND('',#4254,.T.);
#4254 = EDGE_LOOP('',(#4255,#4256,#4264,#4272));
#4255 = ORIENTED_EDGE('',*,*,#4234,.T.);
#4256 = ORIENTED_EDGE('',*,*,#4257,.T.);
#4257 = EDGE_CURVE('',#4227,#4258,#4260,.T.);
#4258 = VERTEX_POINT('',#4259);
#4259 = CARTESIAN_POINT('',(5.88,-5.8,-0.6));
#4260 = LINE('',#4261,#4262);
#4261 = CARTESIAN_POINT('',(5.88,-5.8,-0.4));
#4262 = VECTOR('',#4263,1.);
#4263 = DIRECTION('',(0.,2.2E-16,-1.));
#4264 = ORIENTED_EDGE('',*,*,#4265,.F.);
#4265 = EDGE_CURVE('',#4266,#4258,#4268,.T.);
#4266 = VERTEX_POINT('',#4267);
#4267 = CARTESIAN_POINT('',(5.88,-5.4,-0.6));
#4268 = LINE('',#4269,#4270);
#4269 = CARTESIAN_POINT('',(5.88,-5.4,-0.6));
#4270 = VECTOR('',#4271,1.);
#4271 = DIRECTION('',(0.,-1.,2.2E-16));
#4272 = ORIENTED_EDGE('',*,*,#4273,.F.);
#4273 = EDGE_CURVE('',#4235,#4266,#4274,.T.);
#4274 = LINE('',#4275,#4276);
#4275 = CARTESIAN_POINT('',(5.88,-5.4,-0.4));
#4276 = VECTOR('',#4277,1.);
#4277 = DIRECTION('',(0.,2.2E-16,-1.));
#4278 = PLANE('',#4279);
#4279 = AXIS2_PLACEMENT_3D('',#4280,#4281,#4282);
#4280 = CARTESIAN_POINT('',(5.88,-5.4,-0.4));
#4281 = DIRECTION('',(1.,0.,0.));
#4282 = DIRECTION('',(0.,-2.2E-16,-1.));
#4283 = ADVANCED_FACE('',(#4284),#4309,.T.);
#4284 = FACE_BOUND('',#4285,.T.);
#4285 = EDGE_LOOP('',(#4286,#4287,#4295,#4303));
#4286 = ORIENTED_EDGE('',*,*,#4265,.T.);
#4287 = ORIENTED_EDGE('',*,*,#4288,.T.);
#4288 = EDGE_CURVE('',#4258,#4289,#4291,.T.);
#4289 = VERTEX_POINT('',#4290);
#4290 = CARTESIAN_POINT('',(5.68,-5.8,-0.6));
#4291 = LINE('',#4292,#4293);
#4292 = CARTESIAN_POINT('',(5.88,-5.8,-0.6));
#4293 = VECTOR('',#4294,1.);
#4294 = DIRECTION('',(-1.,0.,0.));
#4295 = ORIENTED_EDGE('',*,*,#4296,.F.);
#4296 = EDGE_CURVE('',#4297,#4289,#4299,.T.);
#4297 = VERTEX_POINT('',#4298);
#4298 = CARTESIAN_POINT('',(5.68,-5.4,-0.6));
#4299 = LINE('',#4300,#4301);
#4300 = CARTESIAN_POINT('',(5.68,-5.4,-0.6));
#4301 = VECTOR('',#4302,1.);
#4302 = DIRECTION('',(0.,-1.,2.2E-16));
#4303 = ORIENTED_EDGE('',*,*,#4304,.F.);
#4304 = EDGE_CURVE('',#4266,#4297,#4305,.T.);
#4305 = LINE('',#4306,#4307);
#4306 = CARTESIAN_POINT('',(5.88,-5.4,-0.6));
#4307 = VECTOR('',#4308,1.);
#4308 = DIRECTION('',(-1.,0.,0.));
#4309 = PLANE('',#4310);
#4310 = AXIS2_PLACEMENT_3D('',#4311,#4312,#4313);
#4311 = CARTESIAN_POINT('',(5.88,-5.4,-0.6));
#4312 = DIRECTION('',(0.,-2.2E-16,-1.));
#4313 = DIRECTION('',(-1.,0.,0.));
#4314 = ADVANCED_FACE('',(#4315),#4342,.T.);
#4315 = FACE_BOUND('',#4316,.F.);
#4316 = EDGE_LOOP('',(#4317,#4327,#4334,#4335));
#4317 = ORIENTED_EDGE('',*,*,#4318,.T.);
#4318 = EDGE_CURVE('',#4319,#4321,#4323,.T.);
#4319 = VERTEX_POINT('',#4320);
#4320 = CARTESIAN_POINT('',(5.285594681127,-5.4,-0.266666666667));
#4321 = VERTEX_POINT('',#4322);
#4322 = CARTESIAN_POINT('',(5.285594681127,-5.8,-0.266666666667));
#4323 = LINE('',#4324,#4325);
#4324 = CARTESIAN_POINT('',(5.285594681127,-5.4,-0.266666666667));
#4325 = VECTOR('',#4326,1.);
#4326 = DIRECTION('',(0.,-1.,2.2E-16));
#4327 = ORIENTED_EDGE('',*,*,#4328,.T.);
#4328 = EDGE_CURVE('',#4321,#4289,#4329,.T.);
#4329 = CIRCLE('',#4330,0.4);
#4330 = AXIS2_PLACEMENT_3D('',#4331,#4332,#4333);
#4331 = CARTESIAN_POINT('',(5.68,-5.8,-0.2));
#4332 = DIRECTION('',(0.,-1.,-2.2E-16));
#4333 = DIRECTION('',(1.,0.,0.));
#4334 = ORIENTED_EDGE('',*,*,#4296,.F.);
#4335 = ORIENTED_EDGE('',*,*,#4336,.F.);
#4336 = EDGE_CURVE('',#4319,#4297,#4337,.T.);
#4337 = CIRCLE('',#4338,0.4);
#4338 = AXIS2_PLACEMENT_3D('',#4339,#4340,#4341);
#4339 = CARTESIAN_POINT('',(5.68,-5.4,-0.2));
#4340 = DIRECTION('',(0.,-1.,-2.2E-16));
#4341 = DIRECTION('',(1.,0.,0.));
#4342 = CYLINDRICAL_SURFACE('',#4343,0.4);
#4343 = AXIS2_PLACEMENT_3D('',#4344,#4345,#4346);
#4344 = CARTESIAN_POINT('',(5.68,-5.4,-0.2));
#4345 = DIRECTION('',(0.,1.,-2.2E-16));
#4346 = DIRECTION('',(1.,0.,0.));
#4347 = ADVANCED_FACE('',(#4348),#4375,.F.);
#4348 = FACE_BOUND('',#4349,.T.);
#4349 = EDGE_LOOP('',(#4350,#4351,#4360,#4368));
#4350 = ORIENTED_EDGE('',*,*,#4318,.T.);
#4351 = ORIENTED_EDGE('',*,*,#4352,.T.);
#4352 = EDGE_CURVE('',#4321,#4353,#4355,.T.);
#4353 = VERTEX_POINT('',#4354);
#4354 = CARTESIAN_POINT('',(5.08839202169,-5.8,-0.1));
#4355 = CIRCLE('',#4356,0.2);
#4356 = AXIS2_PLACEMENT_3D('',#4357,#4358,#4359);
#4357 = CARTESIAN_POINT('',(5.08839202169,-5.8,-0.3));
#4358 = DIRECTION('',(0.,-1.,-2.2E-16));
#4359 = DIRECTION('',(1.,0.,0.));
#4360 = ORIENTED_EDGE('',*,*,#4361,.F.);
#4361 = EDGE_CURVE('',#4362,#4353,#4364,.T.);
#4362 = VERTEX_POINT('',#4363);
#4363 = CARTESIAN_POINT('',(5.08839202169,-5.4,-0.1));
#4364 = LINE('',#4365,#4366);
#4365 = CARTESIAN_POINT('',(5.08839202169,-5.4,-0.1));
#4366 = VECTOR('',#4367,1.);
#4367 = DIRECTION('',(0.,-1.,2.2E-16));
#4368 = ORIENTED_EDGE('',*,*,#4369,.F.);
#4369 = EDGE_CURVE('',#4319,#4362,#4370,.T.);
#4370 = CIRCLE('',#4371,0.2);
#4371 = AXIS2_PLACEMENT_3D('',#4372,#4373,#4374);
#4372 = CARTESIAN_POINT('',(5.08839202169,-5.4,-0.3));
#4373 = DIRECTION('',(0.,-1.,-2.2E-16));
#4374 = DIRECTION('',(1.,0.,0.));
#4375 = CYLINDRICAL_SURFACE('',#4376,0.2);
#4376 = AXIS2_PLACEMENT_3D('',#4377,#4378,#4379);
#4377 = CARTESIAN_POINT('',(5.08839202169,-5.4,-0.3));
#4378 = DIRECTION('',(0.,1.,-2.2E-16));
#4379 = DIRECTION('',(1.,0.,0.));
#4380 = ADVANCED_FACE('',(#4381),#4397,.F.);
#4381 = FACE_BOUND('',#4382,.F.);
#4382 = EDGE_LOOP('',(#4383,#4384,#4390,#4391));
#4383 = ORIENTED_EDGE('',*,*,#3894,.T.);
#4384 = ORIENTED_EDGE('',*,*,#4385,.T.);
#4385 = EDGE_CURVE('',#3897,#4353,#4386,.T.);
#4386 = LINE('',#4387,#4388);
#4387 = CARTESIAN_POINT('',(-5.08839202169,-5.8,-0.1));
#4388 = VECTOR('',#4389,1.);
#4389 = DIRECTION('',(1.,0.,-1.3E-16));
#4390 = ORIENTED_EDGE('',*,*,#4361,.F.);
#4391 = ORIENTED_EDGE('',*,*,#4392,.F.);
#4392 = EDGE_CURVE('',#3895,#4362,#4393,.T.);
#4393 = LINE('',#4394,#4395);
#4394 = CARTESIAN_POINT('',(-5.08839202169,-5.4,-0.1));
#4395 = VECTOR('',#4396,1.);
#4396 = DIRECTION('',(1.,0.,-1.3E-16));
#4397 = PLANE('',#4398);
#4398 = AXIS2_PLACEMENT_3D('',#4399,#4400,#4401);
#4399 = CARTESIAN_POINT('',(-5.08839202169,-5.4,-0.1));
#4400 = DIRECTION('',(1.3E-16,2.2E-16,1.));
#4401 = DIRECTION('',(1.,0.,-1.3E-16));
#4402 = ADVANCED_FACE('',(#4403),#4421,.T.);
#4403 = FACE_BOUND('',#4404,.T.);
#4404 = EDGE_LOOP('',(#4405,#4406,#4407,#4408,#4409,#4410,#4411,#4412,
    #4413,#4414,#4415,#4416,#4417,#4418,#4419,#4420));
#4405 = ORIENTED_EDGE('',*,*,#3921,.T.);
#4406 = ORIENTED_EDGE('',*,*,#3954,.F.);
#4407 = ORIENTED_EDGE('',*,*,#3986,.T.);
#4408 = ORIENTED_EDGE('',*,*,#4017,.T.);
#4409 = ORIENTED_EDGE('',*,*,#4048,.T.);
#4410 = ORIENTED_EDGE('',*,*,#4080,.T.);
#4411 = ORIENTED_EDGE('',*,*,#4113,.F.);
#4412 = ORIENTED_EDGE('',*,*,#4145,.T.);
#4413 = ORIENTED_EDGE('',*,*,#4177,.F.);
#4414 = ORIENTED_EDGE('',*,*,#4210,.T.);
#4415 = ORIENTED_EDGE('',*,*,#4242,.T.);
#4416 = ORIENTED_EDGE('',*,*,#4273,.T.);
#4417 = ORIENTED_EDGE('',*,*,#4304,.T.);
#4418 = ORIENTED_EDGE('',*,*,#4336,.F.);
#4419 = ORIENTED_EDGE('',*,*,#4369,.T.);
#4420 = ORIENTED_EDGE('',*,*,#4392,.F.);
#4421 = PLANE('',#4422);
#4422 = AXIS2_PLACEMENT_3D('',#4423,#4424,#4425);
#4423 = CARTESIAN_POINT('',(-2.9E-16,-5.4,-5.76254089512E-02));
#4424 = DIRECTION('',(0.,1.,2.2E-16));
#4425 = DIRECTION('',(0.,-2.2E-16,1.));
#4426 = ADVANCED_FACE('',(#4427),#4445,.F.);
#4427 = FACE_BOUND('',#4428,.F.);
#4428 = EDGE_LOOP('',(#4429,#4430,#4431,#4432,#4433,#4434,#4435,#4436,
    #4437,#4438,#4439,#4440,#4441,#4442,#4443,#4444));
#4429 = ORIENTED_EDGE('',*,*,#3904,.T.);
#4430 = ORIENTED_EDGE('',*,*,#3946,.F.);
#4431 = ORIENTED_EDGE('',*,*,#3970,.T.);
#4432 = ORIENTED_EDGE('',*,*,#4001,.T.);
#4433 = ORIENTED_EDGE('',*,*,#4032,.T.);
#4434 = ORIENTED_EDGE('',*,*,#4063,.T.);
#4435 = ORIENTED_EDGE('',*,*,#4105,.F.);
#4436 = ORIENTED_EDGE('',*,*,#4129,.T.);
#4437 = ORIENTED_EDGE('',*,*,#4169,.F.);
#4438 = ORIENTED_EDGE('',*,*,#4193,.T.);
#4439 = ORIENTED_EDGE('',*,*,#4226,.T.);
#4440 = ORIENTED_EDGE('',*,*,#4257,.T.);
#4441 = ORIENTED_EDGE('',*,*,#4288,.T.);
#4442 = ORIENTED_EDGE('',*,*,#4328,.F.);
#4443 = ORIENTED_EDGE('',*,*,#4352,.T.);
#4444 = ORIENTED_EDGE('',*,*,#4385,.F.);
#4445 = PLANE('',#4446);
#4446 = AXIS2_PLACEMENT_3D('',#4447,#4448,#4449);
#4447 = CARTESIAN_POINT('',(-2.9E-16,-5.8,-5.76254089512E-02));
#4448 = DIRECTION('',(0.,1.,2.2E-16));
#4449 = DIRECTION('',(0.,-2.2E-16,1.));
#4450 = MANIFOLD_SOLID_BREP('',#4451);
#4451 = CLOSED_SHELL('',(#4452,#4494,#4527,#4558,#4589,#4620,#4653,#4686
    ,#4717,#4750,#4783,#4814,#4845,#4876,#4909,#4942,#4964,#4988));
#4452 = ADVANCED_FACE('',(#4453),#4489,.F.);
#4453 = FACE_BOUND('',#4454,.T.);
#4454 = EDGE_LOOP('',(#4455,#4465,#4474,#4482));
#4455 = ORIENTED_EDGE('',*,*,#4456,.T.);
#4456 = EDGE_CURVE('',#4457,#4459,#4461,.T.);
#4457 = VERTEX_POINT('',#4458);
#4458 = CARTESIAN_POINT('',(-5.08839202169,-4.6,-0.1));
#4459 = VERTEX_POINT('',#4460);
#4460 = CARTESIAN_POINT('',(-5.08839202169,-5.,-0.1));
#4461 = LINE('',#4462,#4463);
#4462 = CARTESIAN_POINT('',(-5.08839202169,-4.6,-0.1));
#4463 = VECTOR('',#4464,1.);
#4464 = DIRECTION('',(0.,-1.,2.2E-16));
#4465 = ORIENTED_EDGE('',*,*,#4466,.T.);
#4466 = EDGE_CURVE('',#4459,#4467,#4469,.T.);
#4467 = VERTEX_POINT('',#4468);
#4468 = CARTESIAN_POINT('',(-5.285594681127,-5.,-0.266666666667));
#4469 = CIRCLE('',#4470,0.2);
#4470 = AXIS2_PLACEMENT_3D('',#4471,#4472,#4473);
#4471 = CARTESIAN_POINT('',(-5.08839202169,-5.,-0.3));
#4472 = DIRECTION('',(0.,-1.,-2.2E-16));
#4473 = DIRECTION('',(1.,0.,0.));
#4474 = ORIENTED_EDGE('',*,*,#4475,.F.);
#4475 = EDGE_CURVE('',#4476,#4467,#4478,.T.);
#4476 = VERTEX_POINT('',#4477);
#4477 = CARTESIAN_POINT('',(-5.285594681127,-4.6,-0.266666666667));
#4478 = LINE('',#4479,#4480);
#4479 = CARTESIAN_POINT('',(-5.285594681127,-4.6,-0.266666666667));
#4480 = VECTOR('',#4481,1.);
#4481 = DIRECTION('',(0.,-1.,2.2E-16));
#4482 = ORIENTED_EDGE('',*,*,#4483,.F.);
#4483 = EDGE_CURVE('',#4457,#4476,#4484,.T.);
#4484 = CIRCLE('',#4485,0.2);
#4485 = AXIS2_PLACEMENT_3D('',#4486,#4487,#4488);
#4486 = CARTESIAN_POINT('',(-5.08839202169,-4.6,-0.3));
#4487 = DIRECTION('',(0.,-1.,-2.2E-16));
#4488 = DIRECTION('',(1.,0.,0.));
#4489 = CYLINDRICAL_SURFACE('',#4490,0.2);
#4490 = AXIS2_PLACEMENT_3D('',#4491,#4492,#4493);
#4491 = CARTESIAN_POINT('',(-5.08839202169,-4.6,-0.3));
#4492 = DIRECTION('',(0.,1.,-2.2E-16));
#4493 = DIRECTION('',(1.,0.,0.));
#4494 = ADVANCED_FACE('',(#4495),#4522,.T.);
#4495 = FACE_BOUND('',#4496,.F.);
#4496 = EDGE_LOOP('',(#4497,#4507,#4514,#4515));
#4497 = ORIENTED_EDGE('',*,*,#4498,.T.);
#4498 = EDGE_CURVE('',#4499,#4501,#4503,.T.);
#4499 = VERTEX_POINT('',#4500);
#4500 = CARTESIAN_POINT('',(-5.68,-4.6,-0.6));
#4501 = VERTEX_POINT('',#4502);
#4502 = CARTESIAN_POINT('',(-5.68,-5.,-0.6));
#4503 = LINE('',#4504,#4505);
#4504 = CARTESIAN_POINT('',(-5.68,-4.6,-0.6));
#4505 = VECTOR('',#4506,1.);
#4506 = DIRECTION('',(0.,-1.,2.2E-16));
#4507 = ORIENTED_EDGE('',*,*,#4508,.T.);
#4508 = EDGE_CURVE('',#4501,#4467,#4509,.T.);
#4509 = CIRCLE('',#4510,0.4);
#4510 = AXIS2_PLACEMENT_3D('',#4511,#4512,#4513);
#4511 = CARTESIAN_POINT('',(-5.68,-5.,-0.2));
#4512 = DIRECTION('',(0.,-1.,-2.2E-16));
#4513 = DIRECTION('',(1.,0.,0.));
#4514 = ORIENTED_EDGE('',*,*,#4475,.F.);
#4515 = ORIENTED_EDGE('',*,*,#4516,.F.);
#4516 = EDGE_CURVE('',#4499,#4476,#4517,.T.);
#4517 = CIRCLE('',#4518,0.4);
#4518 = AXIS2_PLACEMENT_3D('',#4519,#4520,#4521);
#4519 = CARTESIAN_POINT('',(-5.68,-4.6,-0.2));
#4520 = DIRECTION('',(0.,-1.,-2.2E-16));
#4521 = DIRECTION('',(1.,0.,0.));
#4522 = CYLINDRICAL_SURFACE('',#4523,0.4);
#4523 = AXIS2_PLACEMENT_3D('',#4524,#4525,#4526);
#4524 = CARTESIAN_POINT('',(-5.68,-4.6,-0.2));
#4525 = DIRECTION('',(0.,1.,-2.2E-16));
#4526 = DIRECTION('',(1.,0.,0.));
#4527 = ADVANCED_FACE('',(#4528),#4553,.T.);
#4528 = FACE_BOUND('',#4529,.T.);
#4529 = EDGE_LOOP('',(#4530,#4531,#4539,#4547));
#4530 = ORIENTED_EDGE('',*,*,#4498,.T.);
#4531 = ORIENTED_EDGE('',*,*,#4532,.T.);
#4532 = EDGE_CURVE('',#4501,#4533,#4535,.T.);
#4533 = VERTEX_POINT('',#4534);
#4534 = CARTESIAN_POINT('',(-5.88,-5.,-0.6));
#4535 = LINE('',#4536,#4537);
#4536 = CARTESIAN_POINT('',(-5.68,-5.,-0.6));
#4537 = VECTOR('',#4538,1.);
#4538 = DIRECTION('',(-1.,0.,0.));
#4539 = ORIENTED_EDGE('',*,*,#4540,.F.);
#4540 = EDGE_CURVE('',#4541,#4533,#4543,.T.);
#4541 = VERTEX_POINT('',#4542);
#4542 = CARTESIAN_POINT('',(-5.88,-4.6,-0.6));
#4543 = LINE('',#4544,#4545);
#4544 = CARTESIAN_POINT('',(-5.88,-4.6,-0.6));
#4545 = VECTOR('',#4546,1.);
#4546 = DIRECTION('',(0.,-1.,2.2E-16));
#4547 = ORIENTED_EDGE('',*,*,#4548,.F.);
#4548 = EDGE_CURVE('',#4499,#4541,#4549,.T.);
#4549 = LINE('',#4550,#4551);
#4550 = CARTESIAN_POINT('',(-5.68,-4.6,-0.6));
#4551 = VECTOR('',#4552,1.);
#4552 = DIRECTION('',(-1.,0.,0.));
#4553 = PLANE('',#4554);
#4554 = AXIS2_PLACEMENT_3D('',#4555,#4556,#4557);
#4555 = CARTESIAN_POINT('',(-5.68,-4.6,-0.6));
#4556 = DIRECTION('',(0.,-2.2E-16,-1.));
#4557 = DIRECTION('',(-1.,0.,0.));
#4558 = ADVANCED_FACE('',(#4559),#4584,.T.);
#4559 = FACE_BOUND('',#4560,.T.);
#4560 = EDGE_LOOP('',(#4561,#4562,#4570,#4578));
#4561 = ORIENTED_EDGE('',*,*,#4540,.T.);
#4562 = ORIENTED_EDGE('',*,*,#4563,.T.);
#4563 = EDGE_CURVE('',#4533,#4564,#4566,.T.);
#4564 = VERTEX_POINT('',#4565);
#4565 = CARTESIAN_POINT('',(-5.88,-5.,-0.4));
#4566 = LINE('',#4567,#4568);
#4567 = CARTESIAN_POINT('',(-5.88,-5.,-0.6));
#4568 = VECTOR('',#4569,1.);
#4569 = DIRECTION('',(0.,-2.2E-16,1.));
#4570 = ORIENTED_EDGE('',*,*,#4571,.F.);
#4571 = EDGE_CURVE('',#4572,#4564,#4574,.T.);
#4572 = VERTEX_POINT('',#4573);
#4573 = CARTESIAN_POINT('',(-5.88,-4.6,-0.4));
#4574 = LINE('',#4575,#4576);
#4575 = CARTESIAN_POINT('',(-5.88,-4.6,-0.4));
#4576 = VECTOR('',#4577,1.);
#4577 = DIRECTION('',(0.,-1.,2.2E-16));
#4578 = ORIENTED_EDGE('',*,*,#4579,.F.);
#4579 = EDGE_CURVE('',#4541,#4572,#4580,.T.);
#4580 = LINE('',#4581,#4582);
#4581 = CARTESIAN_POINT('',(-5.88,-4.6,-0.6));
#4582 = VECTOR('',#4583,1.);
#4583 = DIRECTION('',(0.,-2.2E-16,1.));
#4584 = PLANE('',#4585);
#4585 = AXIS2_PLACEMENT_3D('',#4586,#4587,#4588);
#4586 = CARTESIAN_POINT('',(-5.88,-4.6,-0.6));
#4587 = DIRECTION('',(-1.,0.,0.));
#4588 = DIRECTION('',(0.,2.2E-16,1.));
#4589 = ADVANCED_FACE('',(#4590),#4615,.T.);
#4590 = FACE_BOUND('',#4591,.T.);
#4591 = EDGE_LOOP('',(#4592,#4593,#4601,#4609));
#4592 = ORIENTED_EDGE('',*,*,#4571,.T.);
#4593 = ORIENTED_EDGE('',*,*,#4594,.T.);
#4594 = EDGE_CURVE('',#4564,#4595,#4597,.T.);
#4595 = VERTEX_POINT('',#4596);
#4596 = CARTESIAN_POINT('',(-5.68,-5.,-0.4));
#4597 = LINE('',#4598,#4599);
#4598 = CARTESIAN_POINT('',(-5.88,-5.,-0.4));
#4599 = VECTOR('',#4600,1.);
#4600 = DIRECTION('',(1.,0.,0.));
#4601 = ORIENTED_EDGE('',*,*,#4602,.F.);
#4602 = EDGE_CURVE('',#4603,#4595,#4605,.T.);
#4603 = VERTEX_POINT('',#4604);
#4604 = CARTESIAN_POINT('',(-5.68,-4.6,-0.4));
#4605 = LINE('',#4606,#4607);
#4606 = CARTESIAN_POINT('',(-5.68,-4.6,-0.4));
#4607 = VECTOR('',#4608,1.);
#4608 = DIRECTION('',(0.,-1.,2.2E-16));
#4609 = ORIENTED_EDGE('',*,*,#4610,.F.);
#4610 = EDGE_CURVE('',#4572,#4603,#4611,.T.);
#4611 = LINE('',#4612,#4613);
#4612 = CARTESIAN_POINT('',(-5.88,-4.6,-0.4));
#4613 = VECTOR('',#4614,1.);
#4614 = DIRECTION('',(1.,0.,0.));
#4615 = PLANE('',#4616);
#4616 = AXIS2_PLACEMENT_3D('',#4617,#4618,#4619);
#4617 = CARTESIAN_POINT('',(-5.88,-4.6,-0.4));
#4618 = DIRECTION('',(0.,2.2E-16,1.));
#4619 = DIRECTION('',(1.,0.,0.));
#4620 = ADVANCED_FACE('',(#4621),#4648,.F.);
#4621 = FACE_BOUND('',#4622,.T.);
#4622 = EDGE_LOOP('',(#4623,#4624,#4633,#4641));
#4623 = ORIENTED_EDGE('',*,*,#4602,.T.);
#4624 = ORIENTED_EDGE('',*,*,#4625,.T.);
#4625 = EDGE_CURVE('',#4595,#4626,#4628,.T.);
#4626 = VERTEX_POINT('',#4627);
#4627 = CARTESIAN_POINT('',(-5.482797340563,-5.,-0.233333333333));
#4628 = CIRCLE('',#4629,0.2);
#4629 = AXIS2_PLACEMENT_3D('',#4630,#4631,#4632);
#4630 = CARTESIAN_POINT('',(-5.68,-5.,-0.2));
#4631 = DIRECTION('',(0.,-1.,-2.2E-16));
#4632 = DIRECTION('',(1.,0.,0.));
#4633 = ORIENTED_EDGE('',*,*,#4634,.F.);
#4634 = EDGE_CURVE('',#4635,#4626,#4637,.T.);
#4635 = VERTEX_POINT('',#4636);
#4636 = CARTESIAN_POINT('',(-5.482797340563,-4.6,-0.233333333333));
#4637 = LINE('',#4638,#4639);
#4638 = CARTESIAN_POINT('',(-5.482797340563,-4.6,-0.233333333333));
#4639 = VECTOR('',#4640,1.);
#4640 = DIRECTION('',(0.,-1.,2.2E-16));
#4641 = ORIENTED_EDGE('',*,*,#4642,.F.);
#4642 = EDGE_CURVE('',#4603,#4635,#4643,.T.);
#4643 = CIRCLE('',#4644,0.2);
#4644 = AXIS2_PLACEMENT_3D('',#4645,#4646,#4647);
#4645 = CARTESIAN_POINT('',(-5.68,-4.6,-0.2));
#4646 = DIRECTION('',(0.,-1.,-2.2E-16));
#4647 = DIRECTION('',(1.,0.,0.));
#4648 = CYLINDRICAL_SURFACE('',#4649,0.2);
#4649 = AXIS2_PLACEMENT_3D('',#4650,#4651,#4652);
#4650 = CARTESIAN_POINT('',(-5.68,-4.6,-0.2));
#4651 = DIRECTION('',(0.,1.,-2.2E-16));
#4652 = DIRECTION('',(1.,0.,0.));
#4653 = ADVANCED_FACE('',(#4654),#4681,.T.);
#4654 = FACE_BOUND('',#4655,.F.);
#4655 = EDGE_LOOP('',(#4656,#4666,#4673,#4674));
#4656 = ORIENTED_EDGE('',*,*,#4657,.T.);
#4657 = EDGE_CURVE('',#4658,#4660,#4662,.T.);
#4658 = VERTEX_POINT('',#4659);
#4659 = CARTESIAN_POINT('',(-5.08839202169,-4.6,0.1));
#4660 = VERTEX_POINT('',#4661);
#4661 = CARTESIAN_POINT('',(-5.08839202169,-5.,0.1));
#4662 = LINE('',#4663,#4664);
#4663 = CARTESIAN_POINT('',(-5.08839202169,-4.6,0.1));
#4664 = VECTOR('',#4665,1.);
#4665 = DIRECTION('',(0.,-1.,2.2E-16));
#4666 = ORIENTED_EDGE('',*,*,#4667,.T.);
#4667 = EDGE_CURVE('',#4660,#4626,#4668,.T.);
#4668 = CIRCLE('',#4669,0.4);
#4669 = AXIS2_PLACEMENT_3D('',#4670,#4671,#4672);
#4670 = CARTESIAN_POINT('',(-5.08839202169,-5.,-0.3));
#4671 = DIRECTION('',(0.,-1.,-2.2E-16));
#4672 = DIRECTION('',(1.,0.,0.));
#4673 = ORIENTED_EDGE('',*,*,#4634,.F.);
#4674 = ORIENTED_EDGE('',*,*,#4675,.F.);
#4675 = EDGE_CURVE('',#4658,#4635,#4676,.T.);
#4676 = CIRCLE('',#4677,0.4);
#4677 = AXIS2_PLACEMENT_3D('',#4678,#4679,#4680);
#4678 = CARTESIAN_POINT('',(-5.08839202169,-4.6,-0.3));
#4679 = DIRECTION('',(0.,-1.,-2.2E-16));
#4680 = DIRECTION('',(1.,0.,0.));
#4681 = CYLINDRICAL_SURFACE('',#4682,0.4);
#4682 = AXIS2_PLACEMENT_3D('',#4683,#4684,#4685);
#4683 = CARTESIAN_POINT('',(-5.08839202169,-4.6,-0.3));
#4684 = DIRECTION('',(0.,1.,-2.2E-16));
#4685 = DIRECTION('',(1.,0.,0.));
#4686 = ADVANCED_FACE('',(#4687),#4712,.T.);
#4687 = FACE_BOUND('',#4688,.T.);
#4688 = EDGE_LOOP('',(#4689,#4690,#4698,#4706));
#4689 = ORIENTED_EDGE('',*,*,#4657,.T.);
#4690 = ORIENTED_EDGE('',*,*,#4691,.T.);
#4691 = EDGE_CURVE('',#4660,#4692,#4694,.T.);
#4692 = VERTEX_POINT('',#4693);
#4693 = CARTESIAN_POINT('',(5.08839202169,-5.,1.E-01));
#4694 = LINE('',#4695,#4696);
#4695 = CARTESIAN_POINT('',(-5.08839202169,-5.,0.1));
#4696 = VECTOR('',#4697,1.);
#4697 = DIRECTION('',(1.,0.,-1.2E-16));
#4698 = ORIENTED_EDGE('',*,*,#4699,.F.);
#4699 = EDGE_CURVE('',#4700,#4692,#4702,.T.);
#4700 = VERTEX_POINT('',#4701);
#4701 = CARTESIAN_POINT('',(5.08839202169,-4.6,1.E-01));
#4702 = LINE('',#4703,#4704);
#4703 = CARTESIAN_POINT('',(5.08839202169,-4.6,1.E-01));
#4704 = VECTOR('',#4705,1.);
#4705 = DIRECTION('',(0.,-1.,2.2E-16));
#4706 = ORIENTED_EDGE('',*,*,#4707,.F.);
#4707 = EDGE_CURVE('',#4658,#4700,#4708,.T.);
#4708 = LINE('',#4709,#4710);
#4709 = CARTESIAN_POINT('',(-5.08839202169,-4.6,0.1));
#4710 = VECTOR('',#4711,1.);
#4711 = DIRECTION('',(1.,0.,-1.2E-16));
#4712 = PLANE('',#4713);
#4713 = AXIS2_PLACEMENT_3D('',#4714,#4715,#4716);
#4714 = CARTESIAN_POINT('',(-5.08839202169,-4.6,0.1));
#4715 = DIRECTION('',(1.2E-16,2.2E-16,1.));
#4716 = DIRECTION('',(1.,0.,-1.2E-16));
#4717 = ADVANCED_FACE('',(#4718),#4745,.T.);
#4718 = FACE_BOUND('',#4719,.F.);
#4719 = EDGE_LOOP('',(#4720,#4730,#4737,#4738));
#4720 = ORIENTED_EDGE('',*,*,#4721,.T.);
#4721 = EDGE_CURVE('',#4722,#4724,#4726,.T.);
#4722 = VERTEX_POINT('',#4723);
#4723 = CARTESIAN_POINT('',(5.482797340563,-4.6,-0.233333333333));
#4724 = VERTEX_POINT('',#4725);
#4725 = CARTESIAN_POINT('',(5.482797340563,-5.,-0.233333333333));
#4726 = LINE('',#4727,#4728);
#4727 = CARTESIAN_POINT('',(5.482797340563,-4.6,-0.233333333333));
#4728 = VECTOR('',#4729,1.);
#4729 = DIRECTION('',(0.,-1.,2.2E-16));
#4730 = ORIENTED_EDGE('',*,*,#4731,.T.);
#4731 = EDGE_CURVE('',#4724,#4692,#4732,.T.);
#4732 = CIRCLE('',#4733,0.4);
#4733 = AXIS2_PLACEMENT_3D('',#4734,#4735,#4736);
#4734 = CARTESIAN_POINT('',(5.08839202169,-5.,-0.3));
#4735 = DIRECTION('',(0.,-1.,-2.2E-16));
#4736 = DIRECTION('',(1.,0.,0.));
#4737 = ORIENTED_EDGE('',*,*,#4699,.F.);
#4738 = ORIENTED_EDGE('',*,*,#4739,.F.);
#4739 = EDGE_CURVE('',#4722,#4700,#4740,.T.);
#4740 = CIRCLE('',#4741,0.4);
#4741 = AXIS2_PLACEMENT_3D('',#4742,#4743,#4744);
#4742 = CARTESIAN_POINT('',(5.08839202169,-4.6,-0.3));
#4743 = DIRECTION('',(0.,-1.,-2.2E-16));
#4744 = DIRECTION('',(1.,0.,0.));
#4745 = CYLINDRICAL_SURFACE('',#4746,0.4);
#4746 = AXIS2_PLACEMENT_3D('',#4747,#4748,#4749);
#4747 = CARTESIAN_POINT('',(5.08839202169,-4.6,-0.3));
#4748 = DIRECTION('',(0.,1.,-2.2E-16));
#4749 = DIRECTION('',(1.,0.,0.));
#4750 = ADVANCED_FACE('',(#4751),#4778,.F.);
#4751 = FACE_BOUND('',#4752,.T.);
#4752 = EDGE_LOOP('',(#4753,#4754,#4763,#4771));
#4753 = ORIENTED_EDGE('',*,*,#4721,.T.);
#4754 = ORIENTED_EDGE('',*,*,#4755,.T.);
#4755 = EDGE_CURVE('',#4724,#4756,#4758,.T.);
#4756 = VERTEX_POINT('',#4757);
#4757 = CARTESIAN_POINT('',(5.68,-5.,-0.4));
#4758 = CIRCLE('',#4759,0.2);
#4759 = AXIS2_PLACEMENT_3D('',#4760,#4761,#4762);
#4760 = CARTESIAN_POINT('',(5.68,-5.,-0.2));
#4761 = DIRECTION('',(0.,-1.,-2.2E-16));
#4762 = DIRECTION('',(1.,0.,0.));
#4763 = ORIENTED_EDGE('',*,*,#4764,.F.);
#4764 = EDGE_CURVE('',#4765,#4756,#4767,.T.);
#4765 = VERTEX_POINT('',#4766);
#4766 = CARTESIAN_POINT('',(5.68,-4.6,-0.4));
#4767 = LINE('',#4768,#4769);
#4768 = CARTESIAN_POINT('',(5.68,-4.6,-0.4));
#4769 = VECTOR('',#4770,1.);
#4770 = DIRECTION('',(0.,-1.,2.2E-16));
#4771 = ORIENTED_EDGE('',*,*,#4772,.F.);
#4772 = EDGE_CURVE('',#4722,#4765,#4773,.T.);
#4773 = CIRCLE('',#4774,0.2);
#4774 = AXIS2_PLACEMENT_3D('',#4775,#4776,#4777);
#4775 = CARTESIAN_POINT('',(5.68,-4.6,-0.2));
#4776 = DIRECTION('',(0.,-1.,-2.2E-16));
#4777 = DIRECTION('',(1.,0.,0.));
#4778 = CYLINDRICAL_SURFACE('',#4779,0.2);
#4779 = AXIS2_PLACEMENT_3D('',#4780,#4781,#4782);
#4780 = CARTESIAN_POINT('',(5.68,-4.6,-0.2));
#4781 = DIRECTION('',(0.,1.,-2.2E-16));
#4782 = DIRECTION('',(1.,0.,0.));
#4783 = ADVANCED_FACE('',(#4784),#4809,.T.);
#4784 = FACE_BOUND('',#4785,.T.);
#4785 = EDGE_LOOP('',(#4786,#4787,#4795,#4803));
#4786 = ORIENTED_EDGE('',*,*,#4764,.T.);
#4787 = ORIENTED_EDGE('',*,*,#4788,.T.);
#4788 = EDGE_CURVE('',#4756,#4789,#4791,.T.);
#4789 = VERTEX_POINT('',#4790);
#4790 = CARTESIAN_POINT('',(5.88,-5.,-0.4));
#4791 = LINE('',#4792,#4793);
#4792 = CARTESIAN_POINT('',(5.68,-5.,-0.4));
#4793 = VECTOR('',#4794,1.);
#4794 = DIRECTION('',(1.,0.,0.));
#4795 = ORIENTED_EDGE('',*,*,#4796,.F.);
#4796 = EDGE_CURVE('',#4797,#4789,#4799,.T.);
#4797 = VERTEX_POINT('',#4798);
#4798 = CARTESIAN_POINT('',(5.88,-4.6,-0.4));
#4799 = LINE('',#4800,#4801);
#4800 = CARTESIAN_POINT('',(5.88,-4.6,-0.4));
#4801 = VECTOR('',#4802,1.);
#4802 = DIRECTION('',(0.,-1.,2.2E-16));
#4803 = ORIENTED_EDGE('',*,*,#4804,.F.);
#4804 = EDGE_CURVE('',#4765,#4797,#4805,.T.);
#4805 = LINE('',#4806,#4807);
#4806 = CARTESIAN_POINT('',(5.68,-4.6,-0.4));
#4807 = VECTOR('',#4808,1.);
#4808 = DIRECTION('',(1.,0.,0.));
#4809 = PLANE('',#4810);
#4810 = AXIS2_PLACEMENT_3D('',#4811,#4812,#4813);
#4811 = CARTESIAN_POINT('',(5.68,-4.6,-0.4));
#4812 = DIRECTION('',(0.,2.2E-16,1.));
#4813 = DIRECTION('',(1.,0.,0.));
#4814 = ADVANCED_FACE('',(#4815),#4840,.T.);
#4815 = FACE_BOUND('',#4816,.T.);
#4816 = EDGE_LOOP('',(#4817,#4818,#4826,#4834));
#4817 = ORIENTED_EDGE('',*,*,#4796,.T.);
#4818 = ORIENTED_EDGE('',*,*,#4819,.T.);
#4819 = EDGE_CURVE('',#4789,#4820,#4822,.T.);
#4820 = VERTEX_POINT('',#4821);
#4821 = CARTESIAN_POINT('',(5.88,-5.,-0.6));
#4822 = LINE('',#4823,#4824);
#4823 = CARTESIAN_POINT('',(5.88,-5.,-0.4));
#4824 = VECTOR('',#4825,1.);
#4825 = DIRECTION('',(0.,2.2E-16,-1.));
#4826 = ORIENTED_EDGE('',*,*,#4827,.F.);
#4827 = EDGE_CURVE('',#4828,#4820,#4830,.T.);
#4828 = VERTEX_POINT('',#4829);
#4829 = CARTESIAN_POINT('',(5.88,-4.6,-0.6));
#4830 = LINE('',#4831,#4832);
#4831 = CARTESIAN_POINT('',(5.88,-4.6,-0.6));
#4832 = VECTOR('',#4833,1.);
#4833 = DIRECTION('',(0.,-1.,2.2E-16));
#4834 = ORIENTED_EDGE('',*,*,#4835,.F.);
#4835 = EDGE_CURVE('',#4797,#4828,#4836,.T.);
#4836 = LINE('',#4837,#4838);
#4837 = CARTESIAN_POINT('',(5.88,-4.6,-0.4));
#4838 = VECTOR('',#4839,1.);
#4839 = DIRECTION('',(0.,2.2E-16,-1.));
#4840 = PLANE('',#4841);
#4841 = AXIS2_PLACEMENT_3D('',#4842,#4843,#4844);
#4842 = CARTESIAN_POINT('',(5.88,-4.6,-0.4));
#4843 = DIRECTION('',(1.,0.,0.));
#4844 = DIRECTION('',(0.,-2.2E-16,-1.));
#4845 = ADVANCED_FACE('',(#4846),#4871,.T.);
#4846 = FACE_BOUND('',#4847,.T.);
#4847 = EDGE_LOOP('',(#4848,#4849,#4857,#4865));
#4848 = ORIENTED_EDGE('',*,*,#4827,.T.);
#4849 = ORIENTED_EDGE('',*,*,#4850,.T.);
#4850 = EDGE_CURVE('',#4820,#4851,#4853,.T.);
#4851 = VERTEX_POINT('',#4852);
#4852 = CARTESIAN_POINT('',(5.68,-5.,-0.6));
#4853 = LINE('',#4854,#4855);
#4854 = CARTESIAN_POINT('',(5.88,-5.,-0.6));
#4855 = VECTOR('',#4856,1.);
#4856 = DIRECTION('',(-1.,0.,0.));
#4857 = ORIENTED_EDGE('',*,*,#4858,.F.);
#4858 = EDGE_CURVE('',#4859,#4851,#4861,.T.);
#4859 = VERTEX_POINT('',#4860);
#4860 = CARTESIAN_POINT('',(5.68,-4.6,-0.6));
#4861 = LINE('',#4862,#4863);
#4862 = CARTESIAN_POINT('',(5.68,-4.6,-0.6));
#4863 = VECTOR('',#4864,1.);
#4864 = DIRECTION('',(0.,-1.,2.2E-16));
#4865 = ORIENTED_EDGE('',*,*,#4866,.F.);
#4866 = EDGE_CURVE('',#4828,#4859,#4867,.T.);
#4867 = LINE('',#4868,#4869);
#4868 = CARTESIAN_POINT('',(5.88,-4.6,-0.6));
#4869 = VECTOR('',#4870,1.);
#4870 = DIRECTION('',(-1.,0.,0.));
#4871 = PLANE('',#4872);
#4872 = AXIS2_PLACEMENT_3D('',#4873,#4874,#4875);
#4873 = CARTESIAN_POINT('',(5.88,-4.6,-0.6));
#4874 = DIRECTION('',(0.,-2.2E-16,-1.));
#4875 = DIRECTION('',(-1.,0.,0.));
#4876 = ADVANCED_FACE('',(#4877),#4904,.T.);
#4877 = FACE_BOUND('',#4878,.F.);
#4878 = EDGE_LOOP('',(#4879,#4889,#4896,#4897));
#4879 = ORIENTED_EDGE('',*,*,#4880,.T.);
#4880 = EDGE_CURVE('',#4881,#4883,#4885,.T.);
#4881 = VERTEX_POINT('',#4882);
#4882 = CARTESIAN_POINT('',(5.285594681127,-4.6,-0.266666666667));
#4883 = VERTEX_POINT('',#4884);
#4884 = CARTESIAN_POINT('',(5.285594681127,-5.,-0.266666666667));
#4885 = LINE('',#4886,#4887);
#4886 = CARTESIAN_POINT('',(5.285594681127,-4.6,-0.266666666667));
#4887 = VECTOR('',#4888,1.);
#4888 = DIRECTION('',(0.,-1.,2.2E-16));
#4889 = ORIENTED_EDGE('',*,*,#4890,.T.);
#4890 = EDGE_CURVE('',#4883,#4851,#4891,.T.);
#4891 = CIRCLE('',#4892,0.4);
#4892 = AXIS2_PLACEMENT_3D('',#4893,#4894,#4895);
#4893 = CARTESIAN_POINT('',(5.68,-5.,-0.2));
#4894 = DIRECTION('',(0.,-1.,-2.2E-16));
#4895 = DIRECTION('',(1.,0.,0.));
#4896 = ORIENTED_EDGE('',*,*,#4858,.F.);
#4897 = ORIENTED_EDGE('',*,*,#4898,.F.);
#4898 = EDGE_CURVE('',#4881,#4859,#4899,.T.);
#4899 = CIRCLE('',#4900,0.4);
#4900 = AXIS2_PLACEMENT_3D('',#4901,#4902,#4903);
#4901 = CARTESIAN_POINT('',(5.68,-4.6,-0.2));
#4902 = DIRECTION('',(0.,-1.,-2.2E-16));
#4903 = DIRECTION('',(1.,0.,0.));
#4904 = CYLINDRICAL_SURFACE('',#4905,0.4);
#4905 = AXIS2_PLACEMENT_3D('',#4906,#4907,#4908);
#4906 = CARTESIAN_POINT('',(5.68,-4.6,-0.2));
#4907 = DIRECTION('',(0.,1.,-2.2E-16));
#4908 = DIRECTION('',(1.,0.,0.));
#4909 = ADVANCED_FACE('',(#4910),#4937,.F.);
#4910 = FACE_BOUND('',#4911,.T.);
#4911 = EDGE_LOOP('',(#4912,#4913,#4922,#4930));
#4912 = ORIENTED_EDGE('',*,*,#4880,.T.);
#4913 = ORIENTED_EDGE('',*,*,#4914,.T.);
#4914 = EDGE_CURVE('',#4883,#4915,#4917,.T.);
#4915 = VERTEX_POINT('',#4916);
#4916 = CARTESIAN_POINT('',(5.08839202169,-5.,-0.1));
#4917 = CIRCLE('',#4918,0.2);
#4918 = AXIS2_PLACEMENT_3D('',#4919,#4920,#4921);
#4919 = CARTESIAN_POINT('',(5.08839202169,-5.,-0.3));
#4920 = DIRECTION('',(0.,-1.,-2.2E-16));
#4921 = DIRECTION('',(1.,0.,0.));
#4922 = ORIENTED_EDGE('',*,*,#4923,.F.);
#4923 = EDGE_CURVE('',#4924,#4915,#4926,.T.);
#4924 = VERTEX_POINT('',#4925);
#4925 = CARTESIAN_POINT('',(5.08839202169,-4.6,-0.1));
#4926 = LINE('',#4927,#4928);
#4927 = CARTESIAN_POINT('',(5.08839202169,-4.6,-0.1));
#4928 = VECTOR('',#4929,1.);
#4929 = DIRECTION('',(0.,-1.,2.2E-16));
#4930 = ORIENTED_EDGE('',*,*,#4931,.F.);
#4931 = EDGE_CURVE('',#4881,#4924,#4932,.T.);
#4932 = CIRCLE('',#4933,0.2);
#4933 = AXIS2_PLACEMENT_3D('',#4934,#4935,#4936);
#4934 = CARTESIAN_POINT('',(5.08839202169,-4.6,-0.3));
#4935 = DIRECTION('',(0.,-1.,-2.2E-16));
#4936 = DIRECTION('',(1.,0.,0.));
#4937 = CYLINDRICAL_SURFACE('',#4938,0.2);
#4938 = AXIS2_PLACEMENT_3D('',#4939,#4940,#4941);
#4939 = CARTESIAN_POINT('',(5.08839202169,-4.6,-0.3));
#4940 = DIRECTION('',(0.,1.,-2.2E-16));
#4941 = DIRECTION('',(1.,0.,0.));
#4942 = ADVANCED_FACE('',(#4943),#4959,.F.);
#4943 = FACE_BOUND('',#4944,.F.);
#4944 = EDGE_LOOP('',(#4945,#4946,#4952,#4953));
#4945 = ORIENTED_EDGE('',*,*,#4456,.T.);
#4946 = ORIENTED_EDGE('',*,*,#4947,.T.);
#4947 = EDGE_CURVE('',#4459,#4915,#4948,.T.);
#4948 = LINE('',#4949,#4950);
#4949 = CARTESIAN_POINT('',(-5.08839202169,-5.,-0.1));
#4950 = VECTOR('',#4951,1.);
#4951 = DIRECTION('',(1.,0.,-1.3E-16));
#4952 = ORIENTED_EDGE('',*,*,#4923,.F.);
#4953 = ORIENTED_EDGE('',*,*,#4954,.F.);
#4954 = EDGE_CURVE('',#4457,#4924,#4955,.T.);
#4955 = LINE('',#4956,#4957);
#4956 = CARTESIAN_POINT('',(-5.08839202169,-4.6,-0.1));
#4957 = VECTOR('',#4958,1.);
#4958 = DIRECTION('',(1.,0.,-1.3E-16));
#4959 = PLANE('',#4960);
#4960 = AXIS2_PLACEMENT_3D('',#4961,#4962,#4963);
#4961 = CARTESIAN_POINT('',(-5.08839202169,-4.6,-0.1));
#4962 = DIRECTION('',(1.3E-16,2.2E-16,1.));
#4963 = DIRECTION('',(1.,0.,-1.3E-16));
#4964 = ADVANCED_FACE('',(#4965),#4983,.T.);
#4965 = FACE_BOUND('',#4966,.T.);
#4966 = EDGE_LOOP('',(#4967,#4968,#4969,#4970,#4971,#4972,#4973,#4974,
    #4975,#4976,#4977,#4978,#4979,#4980,#4981,#4982));
#4967 = ORIENTED_EDGE('',*,*,#4483,.T.);
#4968 = ORIENTED_EDGE('',*,*,#4516,.F.);
#4969 = ORIENTED_EDGE('',*,*,#4548,.T.);
#4970 = ORIENTED_EDGE('',*,*,#4579,.T.);
#4971 = ORIENTED_EDGE('',*,*,#4610,.T.);
#4972 = ORIENTED_EDGE('',*,*,#4642,.T.);
#4973 = ORIENTED_EDGE('',*,*,#4675,.F.);
#4974 = ORIENTED_EDGE('',*,*,#4707,.T.);
#4975 = ORIENTED_EDGE('',*,*,#4739,.F.);
#4976 = ORIENTED_EDGE('',*,*,#4772,.T.);
#4977 = ORIENTED_EDGE('',*,*,#4804,.T.);
#4978 = ORIENTED_EDGE('',*,*,#4835,.T.);
#4979 = ORIENTED_EDGE('',*,*,#4866,.T.);
#4980 = ORIENTED_EDGE('',*,*,#4898,.F.);
#4981 = ORIENTED_EDGE('',*,*,#4931,.T.);
#4982 = ORIENTED_EDGE('',*,*,#4954,.F.);
#4983 = PLANE('',#4984);
#4984 = AXIS2_PLACEMENT_3D('',#4985,#4986,#4987);
#4985 = CARTESIAN_POINT('',(-2.9E-16,-4.6,-5.76254089512E-02));
#4986 = DIRECTION('',(0.,1.,2.2E-16));
#4987 = DIRECTION('',(0.,-2.2E-16,1.));
#4988 = ADVANCED_FACE('',(#4989),#5007,.F.);
#4989 = FACE_BOUND('',#4990,.F.);
#4990 = EDGE_LOOP('',(#4991,#4992,#4993,#4994,#4995,#4996,#4997,#4998,
    #4999,#5000,#5001,#5002,#5003,#5004,#5005,#5006));
#4991 = ORIENTED_EDGE('',*,*,#4466,.T.);
#4992 = ORIENTED_EDGE('',*,*,#4508,.F.);
#4993 = ORIENTED_EDGE('',*,*,#4532,.T.);
#4994 = ORIENTED_EDGE('',*,*,#4563,.T.);
#4995 = ORIENTED_EDGE('',*,*,#4594,.T.);
#4996 = ORIENTED_EDGE('',*,*,#4625,.T.);
#4997 = ORIENTED_EDGE('',*,*,#4667,.F.);
#4998 = ORIENTED_EDGE('',*,*,#4691,.T.);
#4999 = ORIENTED_EDGE('',*,*,#4731,.F.);
#5000 = ORIENTED_EDGE('',*,*,#4755,.T.);
#5001 = ORIENTED_EDGE('',*,*,#4788,.T.);
#5002 = ORIENTED_EDGE('',*,*,#4819,.T.);
#5003 = ORIENTED_EDGE('',*,*,#4850,.T.);
#5004 = ORIENTED_EDGE('',*,*,#4890,.F.);
#5005 = ORIENTED_EDGE('',*,*,#4914,.T.);
#5006 = ORIENTED_EDGE('',*,*,#4947,.F.);
#5007 = PLANE('',#5008);
#5008 = AXIS2_PLACEMENT_3D('',#5009,#5010,#5011);
#5009 = CARTESIAN_POINT('',(-2.9E-16,-5.,-5.76254089512E-02));
#5010 = DIRECTION('',(0.,1.,2.2E-16));
#5011 = DIRECTION('',(0.,-2.2E-16,1.));
#5012 = MANIFOLD_SOLID_BREP('',#5013);
#5013 = CLOSED_SHELL('',(#5014,#5056,#5089,#5120,#5151,#5182,#5215,#5248
    ,#5279,#5312,#5345,#5376,#5407,#5438,#5471,#5504,#5526,#5550));
#5014 = ADVANCED_FACE('',(#5015),#5051,.F.);
#5015 = FACE_BOUND('',#5016,.T.);
#5016 = EDGE_LOOP('',(#5017,#5027,#5036,#5044));
#5017 = ORIENTED_EDGE('',*,*,#5018,.T.);
#5018 = EDGE_CURVE('',#5019,#5021,#5023,.T.);
#5019 = VERTEX_POINT('',#5020);
#5020 = CARTESIAN_POINT('',(-5.08839202169,-3.8,-0.1));
#5021 = VERTEX_POINT('',#5022);
#5022 = CARTESIAN_POINT('',(-5.08839202169,-4.2,-0.1));
#5023 = LINE('',#5024,#5025);
#5024 = CARTESIAN_POINT('',(-5.08839202169,-3.8,-0.1));
#5025 = VECTOR('',#5026,1.);
#5026 = DIRECTION('',(0.,-1.,2.2E-16));
#5027 = ORIENTED_EDGE('',*,*,#5028,.T.);
#5028 = EDGE_CURVE('',#5021,#5029,#5031,.T.);
#5029 = VERTEX_POINT('',#5030);
#5030 = CARTESIAN_POINT('',(-5.285594681127,-4.2,-0.266666666667));
#5031 = CIRCLE('',#5032,0.2);
#5032 = AXIS2_PLACEMENT_3D('',#5033,#5034,#5035);
#5033 = CARTESIAN_POINT('',(-5.08839202169,-4.2,-0.3));
#5034 = DIRECTION('',(0.,-1.,-2.2E-16));
#5035 = DIRECTION('',(1.,0.,0.));
#5036 = ORIENTED_EDGE('',*,*,#5037,.F.);
#5037 = EDGE_CURVE('',#5038,#5029,#5040,.T.);
#5038 = VERTEX_POINT('',#5039);
#5039 = CARTESIAN_POINT('',(-5.285594681127,-3.8,-0.266666666667));
#5040 = LINE('',#5041,#5042);
#5041 = CARTESIAN_POINT('',(-5.285594681127,-3.8,-0.266666666667));
#5042 = VECTOR('',#5043,1.);
#5043 = DIRECTION('',(0.,-1.,2.2E-16));
#5044 = ORIENTED_EDGE('',*,*,#5045,.F.);
#5045 = EDGE_CURVE('',#5019,#5038,#5046,.T.);
#5046 = CIRCLE('',#5047,0.2);
#5047 = AXIS2_PLACEMENT_3D('',#5048,#5049,#5050);
#5048 = CARTESIAN_POINT('',(-5.08839202169,-3.8,-0.3));
#5049 = DIRECTION('',(0.,-1.,-2.2E-16));
#5050 = DIRECTION('',(1.,0.,0.));
#5051 = CYLINDRICAL_SURFACE('',#5052,0.2);
#5052 = AXIS2_PLACEMENT_3D('',#5053,#5054,#5055);
#5053 = CARTESIAN_POINT('',(-5.08839202169,-3.8,-0.3));
#5054 = DIRECTION('',(0.,1.,-2.2E-16));
#5055 = DIRECTION('',(1.,0.,0.));
#5056 = ADVANCED_FACE('',(#5057),#5084,.T.);
#5057 = FACE_BOUND('',#5058,.F.);
#5058 = EDGE_LOOP('',(#5059,#5069,#5076,#5077));
#5059 = ORIENTED_EDGE('',*,*,#5060,.T.);
#5060 = EDGE_CURVE('',#5061,#5063,#5065,.T.);
#5061 = VERTEX_POINT('',#5062);
#5062 = CARTESIAN_POINT('',(-5.68,-3.8,-0.6));
#5063 = VERTEX_POINT('',#5064);
#5064 = CARTESIAN_POINT('',(-5.68,-4.2,-0.6));
#5065 = LINE('',#5066,#5067);
#5066 = CARTESIAN_POINT('',(-5.68,-3.8,-0.6));
#5067 = VECTOR('',#5068,1.);
#5068 = DIRECTION('',(0.,-1.,2.2E-16));
#5069 = ORIENTED_EDGE('',*,*,#5070,.T.);
#5070 = EDGE_CURVE('',#5063,#5029,#5071,.T.);
#5071 = CIRCLE('',#5072,0.4);
#5072 = AXIS2_PLACEMENT_3D('',#5073,#5074,#5075);
#5073 = CARTESIAN_POINT('',(-5.68,-4.2,-0.2));
#5074 = DIRECTION('',(0.,-1.,-2.2E-16));
#5075 = DIRECTION('',(1.,0.,0.));
#5076 = ORIENTED_EDGE('',*,*,#5037,.F.);
#5077 = ORIENTED_EDGE('',*,*,#5078,.F.);
#5078 = EDGE_CURVE('',#5061,#5038,#5079,.T.);
#5079 = CIRCLE('',#5080,0.4);
#5080 = AXIS2_PLACEMENT_3D('',#5081,#5082,#5083);
#5081 = CARTESIAN_POINT('',(-5.68,-3.8,-0.2));
#5082 = DIRECTION('',(0.,-1.,-2.2E-16));
#5083 = DIRECTION('',(1.,0.,0.));
#5084 = CYLINDRICAL_SURFACE('',#5085,0.4);
#5085 = AXIS2_PLACEMENT_3D('',#5086,#5087,#5088);
#5086 = CARTESIAN_POINT('',(-5.68,-3.8,-0.2));
#5087 = DIRECTION('',(0.,1.,-2.2E-16));
#5088 = DIRECTION('',(1.,0.,0.));
#5089 = ADVANCED_FACE('',(#5090),#5115,.T.);
#5090 = FACE_BOUND('',#5091,.T.);
#5091 = EDGE_LOOP('',(#5092,#5093,#5101,#5109));
#5092 = ORIENTED_EDGE('',*,*,#5060,.T.);
#5093 = ORIENTED_EDGE('',*,*,#5094,.T.);
#5094 = EDGE_CURVE('',#5063,#5095,#5097,.T.);
#5095 = VERTEX_POINT('',#5096);
#5096 = CARTESIAN_POINT('',(-5.88,-4.2,-0.6));
#5097 = LINE('',#5098,#5099);
#5098 = CARTESIAN_POINT('',(-5.68,-4.2,-0.6));
#5099 = VECTOR('',#5100,1.);
#5100 = DIRECTION('',(-1.,0.,0.));
#5101 = ORIENTED_EDGE('',*,*,#5102,.F.);
#5102 = EDGE_CURVE('',#5103,#5095,#5105,.T.);
#5103 = VERTEX_POINT('',#5104);
#5104 = CARTESIAN_POINT('',(-5.88,-3.8,-0.6));
#5105 = LINE('',#5106,#5107);
#5106 = CARTESIAN_POINT('',(-5.88,-3.8,-0.6));
#5107 = VECTOR('',#5108,1.);
#5108 = DIRECTION('',(0.,-1.,2.2E-16));
#5109 = ORIENTED_EDGE('',*,*,#5110,.F.);
#5110 = EDGE_CURVE('',#5061,#5103,#5111,.T.);
#5111 = LINE('',#5112,#5113);
#5112 = CARTESIAN_POINT('',(-5.68,-3.8,-0.6));
#5113 = VECTOR('',#5114,1.);
#5114 = DIRECTION('',(-1.,0.,0.));
#5115 = PLANE('',#5116);
#5116 = AXIS2_PLACEMENT_3D('',#5117,#5118,#5119);
#5117 = CARTESIAN_POINT('',(-5.68,-3.8,-0.6));
#5118 = DIRECTION('',(0.,-2.2E-16,-1.));
#5119 = DIRECTION('',(-1.,0.,0.));
#5120 = ADVANCED_FACE('',(#5121),#5146,.T.);
#5121 = FACE_BOUND('',#5122,.T.);
#5122 = EDGE_LOOP('',(#5123,#5124,#5132,#5140));
#5123 = ORIENTED_EDGE('',*,*,#5102,.T.);
#5124 = ORIENTED_EDGE('',*,*,#5125,.T.);
#5125 = EDGE_CURVE('',#5095,#5126,#5128,.T.);
#5126 = VERTEX_POINT('',#5127);
#5127 = CARTESIAN_POINT('',(-5.88,-4.2,-0.4));
#5128 = LINE('',#5129,#5130);
#5129 = CARTESIAN_POINT('',(-5.88,-4.2,-0.6));
#5130 = VECTOR('',#5131,1.);
#5131 = DIRECTION('',(0.,-2.2E-16,1.));
#5132 = ORIENTED_EDGE('',*,*,#5133,.F.);
#5133 = EDGE_CURVE('',#5134,#5126,#5136,.T.);
#5134 = VERTEX_POINT('',#5135);
#5135 = CARTESIAN_POINT('',(-5.88,-3.8,-0.4));
#5136 = LINE('',#5137,#5138);
#5137 = CARTESIAN_POINT('',(-5.88,-3.8,-0.4));
#5138 = VECTOR('',#5139,1.);
#5139 = DIRECTION('',(0.,-1.,2.2E-16));
#5140 = ORIENTED_EDGE('',*,*,#5141,.F.);
#5141 = EDGE_CURVE('',#5103,#5134,#5142,.T.);
#5142 = LINE('',#5143,#5144);
#5143 = CARTESIAN_POINT('',(-5.88,-3.8,-0.6));
#5144 = VECTOR('',#5145,1.);
#5145 = DIRECTION('',(0.,-2.2E-16,1.));
#5146 = PLANE('',#5147);
#5147 = AXIS2_PLACEMENT_3D('',#5148,#5149,#5150);
#5148 = CARTESIAN_POINT('',(-5.88,-3.8,-0.6));
#5149 = DIRECTION('',(-1.,0.,0.));
#5150 = DIRECTION('',(0.,2.2E-16,1.));
#5151 = ADVANCED_FACE('',(#5152),#5177,.T.);
#5152 = FACE_BOUND('',#5153,.T.);
#5153 = EDGE_LOOP('',(#5154,#5155,#5163,#5171));
#5154 = ORIENTED_EDGE('',*,*,#5133,.T.);
#5155 = ORIENTED_EDGE('',*,*,#5156,.T.);
#5156 = EDGE_CURVE('',#5126,#5157,#5159,.T.);
#5157 = VERTEX_POINT('',#5158);
#5158 = CARTESIAN_POINT('',(-5.68,-4.2,-0.4));
#5159 = LINE('',#5160,#5161);
#5160 = CARTESIAN_POINT('',(-5.88,-4.2,-0.4));
#5161 = VECTOR('',#5162,1.);
#5162 = DIRECTION('',(1.,0.,0.));
#5163 = ORIENTED_EDGE('',*,*,#5164,.F.);
#5164 = EDGE_CURVE('',#5165,#5157,#5167,.T.);
#5165 = VERTEX_POINT('',#5166);
#5166 = CARTESIAN_POINT('',(-5.68,-3.8,-0.4));
#5167 = LINE('',#5168,#5169);
#5168 = CARTESIAN_POINT('',(-5.68,-3.8,-0.4));
#5169 = VECTOR('',#5170,1.);
#5170 = DIRECTION('',(0.,-1.,2.2E-16));
#5171 = ORIENTED_EDGE('',*,*,#5172,.F.);
#5172 = EDGE_CURVE('',#5134,#5165,#5173,.T.);
#5173 = LINE('',#5174,#5175);
#5174 = CARTESIAN_POINT('',(-5.88,-3.8,-0.4));
#5175 = VECTOR('',#5176,1.);
#5176 = DIRECTION('',(1.,0.,0.));
#5177 = PLANE('',#5178);
#5178 = AXIS2_PLACEMENT_3D('',#5179,#5180,#5181);
#5179 = CARTESIAN_POINT('',(-5.88,-3.8,-0.4));
#5180 = DIRECTION('',(0.,2.2E-16,1.));
#5181 = DIRECTION('',(1.,0.,0.));
#5182 = ADVANCED_FACE('',(#5183),#5210,.F.);
#5183 = FACE_BOUND('',#5184,.T.);
#5184 = EDGE_LOOP('',(#5185,#5186,#5195,#5203));
#5185 = ORIENTED_EDGE('',*,*,#5164,.T.);
#5186 = ORIENTED_EDGE('',*,*,#5187,.T.);
#5187 = EDGE_CURVE('',#5157,#5188,#5190,.T.);
#5188 = VERTEX_POINT('',#5189);
#5189 = CARTESIAN_POINT('',(-5.482797340563,-4.2,-0.233333333333));
#5190 = CIRCLE('',#5191,0.2);
#5191 = AXIS2_PLACEMENT_3D('',#5192,#5193,#5194);
#5192 = CARTESIAN_POINT('',(-5.68,-4.2,-0.2));
#5193 = DIRECTION('',(0.,-1.,-2.2E-16));
#5194 = DIRECTION('',(1.,0.,0.));
#5195 = ORIENTED_EDGE('',*,*,#5196,.F.);
#5196 = EDGE_CURVE('',#5197,#5188,#5199,.T.);
#5197 = VERTEX_POINT('',#5198);
#5198 = CARTESIAN_POINT('',(-5.482797340563,-3.8,-0.233333333333));
#5199 = LINE('',#5200,#5201);
#5200 = CARTESIAN_POINT('',(-5.482797340563,-3.8,-0.233333333333));
#5201 = VECTOR('',#5202,1.);
#5202 = DIRECTION('',(0.,-1.,2.2E-16));
#5203 = ORIENTED_EDGE('',*,*,#5204,.F.);
#5204 = EDGE_CURVE('',#5165,#5197,#5205,.T.);
#5205 = CIRCLE('',#5206,0.2);
#5206 = AXIS2_PLACEMENT_3D('',#5207,#5208,#5209);
#5207 = CARTESIAN_POINT('',(-5.68,-3.8,-0.2));
#5208 = DIRECTION('',(0.,-1.,-2.2E-16));
#5209 = DIRECTION('',(1.,0.,0.));
#5210 = CYLINDRICAL_SURFACE('',#5211,0.2);
#5211 = AXIS2_PLACEMENT_3D('',#5212,#5213,#5214);
#5212 = CARTESIAN_POINT('',(-5.68,-3.8,-0.2));
#5213 = DIRECTION('',(0.,1.,-2.2E-16));
#5214 = DIRECTION('',(1.,0.,0.));
#5215 = ADVANCED_FACE('',(#5216),#5243,.T.);
#5216 = FACE_BOUND('',#5217,.F.);
#5217 = EDGE_LOOP('',(#5218,#5228,#5235,#5236));
#5218 = ORIENTED_EDGE('',*,*,#5219,.T.);
#5219 = EDGE_CURVE('',#5220,#5222,#5224,.T.);
#5220 = VERTEX_POINT('',#5221);
#5221 = CARTESIAN_POINT('',(-5.08839202169,-3.8,0.1));
#5222 = VERTEX_POINT('',#5223);
#5223 = CARTESIAN_POINT('',(-5.08839202169,-4.2,0.1));
#5224 = LINE('',#5225,#5226);
#5225 = CARTESIAN_POINT('',(-5.08839202169,-3.8,0.1));
#5226 = VECTOR('',#5227,1.);
#5227 = DIRECTION('',(0.,-1.,2.2E-16));
#5228 = ORIENTED_EDGE('',*,*,#5229,.T.);
#5229 = EDGE_CURVE('',#5222,#5188,#5230,.T.);
#5230 = CIRCLE('',#5231,0.4);
#5231 = AXIS2_PLACEMENT_3D('',#5232,#5233,#5234);
#5232 = CARTESIAN_POINT('',(-5.08839202169,-4.2,-0.3));
#5233 = DIRECTION('',(0.,-1.,-2.2E-16));
#5234 = DIRECTION('',(1.,0.,0.));
#5235 = ORIENTED_EDGE('',*,*,#5196,.F.);
#5236 = ORIENTED_EDGE('',*,*,#5237,.F.);
#5237 = EDGE_CURVE('',#5220,#5197,#5238,.T.);
#5238 = CIRCLE('',#5239,0.4);
#5239 = AXIS2_PLACEMENT_3D('',#5240,#5241,#5242);
#5240 = CARTESIAN_POINT('',(-5.08839202169,-3.8,-0.3));
#5241 = DIRECTION('',(0.,-1.,-2.2E-16));
#5242 = DIRECTION('',(1.,0.,0.));
#5243 = CYLINDRICAL_SURFACE('',#5244,0.4);
#5244 = AXIS2_PLACEMENT_3D('',#5245,#5246,#5247);
#5245 = CARTESIAN_POINT('',(-5.08839202169,-3.8,-0.3));
#5246 = DIRECTION('',(0.,1.,-2.2E-16));
#5247 = DIRECTION('',(1.,0.,0.));
#5248 = ADVANCED_FACE('',(#5249),#5274,.T.);
#5249 = FACE_BOUND('',#5250,.T.);
#5250 = EDGE_LOOP('',(#5251,#5252,#5260,#5268));
#5251 = ORIENTED_EDGE('',*,*,#5219,.T.);
#5252 = ORIENTED_EDGE('',*,*,#5253,.T.);
#5253 = EDGE_CURVE('',#5222,#5254,#5256,.T.);
#5254 = VERTEX_POINT('',#5255);
#5255 = CARTESIAN_POINT('',(5.08839202169,-4.2,1.E-01));
#5256 = LINE('',#5257,#5258);
#5257 = CARTESIAN_POINT('',(-5.08839202169,-4.2,0.1));
#5258 = VECTOR('',#5259,1.);
#5259 = DIRECTION('',(1.,0.,-1.2E-16));
#5260 = ORIENTED_EDGE('',*,*,#5261,.F.);
#5261 = EDGE_CURVE('',#5262,#5254,#5264,.T.);
#5262 = VERTEX_POINT('',#5263);
#5263 = CARTESIAN_POINT('',(5.08839202169,-3.8,1.E-01));
#5264 = LINE('',#5265,#5266);
#5265 = CARTESIAN_POINT('',(5.08839202169,-3.8,1.E-01));
#5266 = VECTOR('',#5267,1.);
#5267 = DIRECTION('',(0.,-1.,2.2E-16));
#5268 = ORIENTED_EDGE('',*,*,#5269,.F.);
#5269 = EDGE_CURVE('',#5220,#5262,#5270,.T.);
#5270 = LINE('',#5271,#5272);
#5271 = CARTESIAN_POINT('',(-5.08839202169,-3.8,0.1));
#5272 = VECTOR('',#5273,1.);
#5273 = DIRECTION('',(1.,0.,-1.2E-16));
#5274 = PLANE('',#5275);
#5275 = AXIS2_PLACEMENT_3D('',#5276,#5277,#5278);
#5276 = CARTESIAN_POINT('',(-5.08839202169,-3.8,0.1));
#5277 = DIRECTION('',(1.2E-16,2.2E-16,1.));
#5278 = DIRECTION('',(1.,0.,-1.2E-16));
#5279 = ADVANCED_FACE('',(#5280),#5307,.T.);
#5280 = FACE_BOUND('',#5281,.F.);
#5281 = EDGE_LOOP('',(#5282,#5292,#5299,#5300));
#5282 = ORIENTED_EDGE('',*,*,#5283,.T.);
#5283 = EDGE_CURVE('',#5284,#5286,#5288,.T.);
#5284 = VERTEX_POINT('',#5285);
#5285 = CARTESIAN_POINT('',(5.482797340563,-3.8,-0.233333333333));
#5286 = VERTEX_POINT('',#5287);
#5287 = CARTESIAN_POINT('',(5.482797340563,-4.2,-0.233333333333));
#5288 = LINE('',#5289,#5290);
#5289 = CARTESIAN_POINT('',(5.482797340563,-3.8,-0.233333333333));
#5290 = VECTOR('',#5291,1.);
#5291 = DIRECTION('',(0.,-1.,2.2E-16));
#5292 = ORIENTED_EDGE('',*,*,#5293,.T.);
#5293 = EDGE_CURVE('',#5286,#5254,#5294,.T.);
#5294 = CIRCLE('',#5295,0.4);
#5295 = AXIS2_PLACEMENT_3D('',#5296,#5297,#5298);
#5296 = CARTESIAN_POINT('',(5.08839202169,-4.2,-0.3));
#5297 = DIRECTION('',(0.,-1.,-2.2E-16));
#5298 = DIRECTION('',(1.,0.,0.));
#5299 = ORIENTED_EDGE('',*,*,#5261,.F.);
#5300 = ORIENTED_EDGE('',*,*,#5301,.F.);
#5301 = EDGE_CURVE('',#5284,#5262,#5302,.T.);
#5302 = CIRCLE('',#5303,0.4);
#5303 = AXIS2_PLACEMENT_3D('',#5304,#5305,#5306);
#5304 = CARTESIAN_POINT('',(5.08839202169,-3.8,-0.3));
#5305 = DIRECTION('',(0.,-1.,-2.2E-16));
#5306 = DIRECTION('',(1.,0.,0.));
#5307 = CYLINDRICAL_SURFACE('',#5308,0.4);
#5308 = AXIS2_PLACEMENT_3D('',#5309,#5310,#5311);
#5309 = CARTESIAN_POINT('',(5.08839202169,-3.8,-0.3));
#5310 = DIRECTION('',(0.,1.,-2.2E-16));
#5311 = DIRECTION('',(1.,0.,0.));
#5312 = ADVANCED_FACE('',(#5313),#5340,.F.);
#5313 = FACE_BOUND('',#5314,.T.);
#5314 = EDGE_LOOP('',(#5315,#5316,#5325,#5333));
#5315 = ORIENTED_EDGE('',*,*,#5283,.T.);
#5316 = ORIENTED_EDGE('',*,*,#5317,.T.);
#5317 = EDGE_CURVE('',#5286,#5318,#5320,.T.);
#5318 = VERTEX_POINT('',#5319);
#5319 = CARTESIAN_POINT('',(5.68,-4.2,-0.4));
#5320 = CIRCLE('',#5321,0.2);
#5321 = AXIS2_PLACEMENT_3D('',#5322,#5323,#5324);
#5322 = CARTESIAN_POINT('',(5.68,-4.2,-0.2));
#5323 = DIRECTION('',(0.,-1.,-2.2E-16));
#5324 = DIRECTION('',(1.,0.,0.));
#5325 = ORIENTED_EDGE('',*,*,#5326,.F.);
#5326 = EDGE_CURVE('',#5327,#5318,#5329,.T.);
#5327 = VERTEX_POINT('',#5328);
#5328 = CARTESIAN_POINT('',(5.68,-3.8,-0.4));
#5329 = LINE('',#5330,#5331);
#5330 = CARTESIAN_POINT('',(5.68,-3.8,-0.4));
#5331 = VECTOR('',#5332,1.);
#5332 = DIRECTION('',(0.,-1.,2.2E-16));
#5333 = ORIENTED_EDGE('',*,*,#5334,.F.);
#5334 = EDGE_CURVE('',#5284,#5327,#5335,.T.);
#5335 = CIRCLE('',#5336,0.2);
#5336 = AXIS2_PLACEMENT_3D('',#5337,#5338,#5339);
#5337 = CARTESIAN_POINT('',(5.68,-3.8,-0.2));
#5338 = DIRECTION('',(0.,-1.,-2.2E-16));
#5339 = DIRECTION('',(1.,0.,0.));
#5340 = CYLINDRICAL_SURFACE('',#5341,0.2);
#5341 = AXIS2_PLACEMENT_3D('',#5342,#5343,#5344);
#5342 = CARTESIAN_POINT('',(5.68,-3.8,-0.2));
#5343 = DIRECTION('',(0.,1.,-2.2E-16));
#5344 = DIRECTION('',(1.,0.,0.));
#5345 = ADVANCED_FACE('',(#5346),#5371,.T.);
#5346 = FACE_BOUND('',#5347,.T.);
#5347 = EDGE_LOOP('',(#5348,#5349,#5357,#5365));
#5348 = ORIENTED_EDGE('',*,*,#5326,.T.);
#5349 = ORIENTED_EDGE('',*,*,#5350,.T.);
#5350 = EDGE_CURVE('',#5318,#5351,#5353,.T.);
#5351 = VERTEX_POINT('',#5352);
#5352 = CARTESIAN_POINT('',(5.88,-4.2,-0.4));
#5353 = LINE('',#5354,#5355);
#5354 = CARTESIAN_POINT('',(5.68,-4.2,-0.4));
#5355 = VECTOR('',#5356,1.);
#5356 = DIRECTION('',(1.,0.,0.));
#5357 = ORIENTED_EDGE('',*,*,#5358,.F.);
#5358 = EDGE_CURVE('',#5359,#5351,#5361,.T.);
#5359 = VERTEX_POINT('',#5360);
#5360 = CARTESIAN_POINT('',(5.88,-3.8,-0.4));
#5361 = LINE('',#5362,#5363);
#5362 = CARTESIAN_POINT('',(5.88,-3.8,-0.4));
#5363 = VECTOR('',#5364,1.);
#5364 = DIRECTION('',(0.,-1.,2.2E-16));
#5365 = ORIENTED_EDGE('',*,*,#5366,.F.);
#5366 = EDGE_CURVE('',#5327,#5359,#5367,.T.);
#5367 = LINE('',#5368,#5369);
#5368 = CARTESIAN_POINT('',(5.68,-3.8,-0.4));
#5369 = VECTOR('',#5370,1.);
#5370 = DIRECTION('',(1.,0.,0.));
#5371 = PLANE('',#5372);
#5372 = AXIS2_PLACEMENT_3D('',#5373,#5374,#5375);
#5373 = CARTESIAN_POINT('',(5.68,-3.8,-0.4));
#5374 = DIRECTION('',(0.,2.2E-16,1.));
#5375 = DIRECTION('',(1.,0.,0.));
#5376 = ADVANCED_FACE('',(#5377),#5402,.T.);
#5377 = FACE_BOUND('',#5378,.T.);
#5378 = EDGE_LOOP('',(#5379,#5380,#5388,#5396));
#5379 = ORIENTED_EDGE('',*,*,#5358,.T.);
#5380 = ORIENTED_EDGE('',*,*,#5381,.T.);
#5381 = EDGE_CURVE('',#5351,#5382,#5384,.T.);
#5382 = VERTEX_POINT('',#5383);
#5383 = CARTESIAN_POINT('',(5.88,-4.2,-0.6));
#5384 = LINE('',#5385,#5386);
#5385 = CARTESIAN_POINT('',(5.88,-4.2,-0.4));
#5386 = VECTOR('',#5387,1.);
#5387 = DIRECTION('',(0.,2.2E-16,-1.));
#5388 = ORIENTED_EDGE('',*,*,#5389,.F.);
#5389 = EDGE_CURVE('',#5390,#5382,#5392,.T.);
#5390 = VERTEX_POINT('',#5391);
#5391 = CARTESIAN_POINT('',(5.88,-3.8,-0.6));
#5392 = LINE('',#5393,#5394);
#5393 = CARTESIAN_POINT('',(5.88,-3.8,-0.6));
#5394 = VECTOR('',#5395,1.);
#5395 = DIRECTION('',(0.,-1.,2.2E-16));
#5396 = ORIENTED_EDGE('',*,*,#5397,.F.);
#5397 = EDGE_CURVE('',#5359,#5390,#5398,.T.);
#5398 = LINE('',#5399,#5400);
#5399 = CARTESIAN_POINT('',(5.88,-3.8,-0.4));
#5400 = VECTOR('',#5401,1.);
#5401 = DIRECTION('',(0.,2.2E-16,-1.));
#5402 = PLANE('',#5403);
#5403 = AXIS2_PLACEMENT_3D('',#5404,#5405,#5406);
#5404 = CARTESIAN_POINT('',(5.88,-3.8,-0.4));
#5405 = DIRECTION('',(1.,0.,0.));
#5406 = DIRECTION('',(0.,-2.2E-16,-1.));
#5407 = ADVANCED_FACE('',(#5408),#5433,.T.);
#5408 = FACE_BOUND('',#5409,.T.);
#5409 = EDGE_LOOP('',(#5410,#5411,#5419,#5427));
#5410 = ORIENTED_EDGE('',*,*,#5389,.T.);
#5411 = ORIENTED_EDGE('',*,*,#5412,.T.);
#5412 = EDGE_CURVE('',#5382,#5413,#5415,.T.);
#5413 = VERTEX_POINT('',#5414);
#5414 = CARTESIAN_POINT('',(5.68,-4.2,-0.6));
#5415 = LINE('',#5416,#5417);
#5416 = CARTESIAN_POINT('',(5.88,-4.2,-0.6));
#5417 = VECTOR('',#5418,1.);
#5418 = DIRECTION('',(-1.,0.,0.));
#5419 = ORIENTED_EDGE('',*,*,#5420,.F.);
#5420 = EDGE_CURVE('',#5421,#5413,#5423,.T.);
#5421 = VERTEX_POINT('',#5422);
#5422 = CARTESIAN_POINT('',(5.68,-3.8,-0.6));
#5423 = LINE('',#5424,#5425);
#5424 = CARTESIAN_POINT('',(5.68,-3.8,-0.6));
#5425 = VECTOR('',#5426,1.);
#5426 = DIRECTION('',(0.,-1.,2.2E-16));
#5427 = ORIENTED_EDGE('',*,*,#5428,.F.);
#5428 = EDGE_CURVE('',#5390,#5421,#5429,.T.);
#5429 = LINE('',#5430,#5431);
#5430 = CARTESIAN_POINT('',(5.88,-3.8,-0.6));
#5431 = VECTOR('',#5432,1.);
#5432 = DIRECTION('',(-1.,0.,0.));
#5433 = PLANE('',#5434);
#5434 = AXIS2_PLACEMENT_3D('',#5435,#5436,#5437);
#5435 = CARTESIAN_POINT('',(5.88,-3.8,-0.6));
#5436 = DIRECTION('',(0.,-2.2E-16,-1.));
#5437 = DIRECTION('',(-1.,0.,0.));
#5438 = ADVANCED_FACE('',(#5439),#5466,.T.);
#5439 = FACE_BOUND('',#5440,.F.);
#5440 = EDGE_LOOP('',(#5441,#5451,#5458,#5459));
#5441 = ORIENTED_EDGE('',*,*,#5442,.T.);
#5442 = EDGE_CURVE('',#5443,#5445,#5447,.T.);
#5443 = VERTEX_POINT('',#5444);
#5444 = CARTESIAN_POINT('',(5.285594681127,-3.8,-0.266666666667));
#5445 = VERTEX_POINT('',#5446);
#5446 = CARTESIAN_POINT('',(5.285594681127,-4.2,-0.266666666667));
#5447 = LINE('',#5448,#5449);
#5448 = CARTESIAN_POINT('',(5.285594681127,-3.8,-0.266666666667));
#5449 = VECTOR('',#5450,1.);
#5450 = DIRECTION('',(0.,-1.,2.2E-16));
#5451 = ORIENTED_EDGE('',*,*,#5452,.T.);
#5452 = EDGE_CURVE('',#5445,#5413,#5453,.T.);
#5453 = CIRCLE('',#5454,0.4);
#5454 = AXIS2_PLACEMENT_3D('',#5455,#5456,#5457);
#5455 = CARTESIAN_POINT('',(5.68,-4.2,-0.2));
#5456 = DIRECTION('',(0.,-1.,-2.2E-16));
#5457 = DIRECTION('',(1.,0.,0.));
#5458 = ORIENTED_EDGE('',*,*,#5420,.F.);
#5459 = ORIENTED_EDGE('',*,*,#5460,.F.);
#5460 = EDGE_CURVE('',#5443,#5421,#5461,.T.);
#5461 = CIRCLE('',#5462,0.4);
#5462 = AXIS2_PLACEMENT_3D('',#5463,#5464,#5465);
#5463 = CARTESIAN_POINT('',(5.68,-3.8,-0.2));
#5464 = DIRECTION('',(0.,-1.,-2.2E-16));
#5465 = DIRECTION('',(1.,0.,0.));
#5466 = CYLINDRICAL_SURFACE('',#5467,0.4);
#5467 = AXIS2_PLACEMENT_3D('',#5468,#5469,#5470);
#5468 = CARTESIAN_POINT('',(5.68,-3.8,-0.2));
#5469 = DIRECTION('',(0.,1.,-2.2E-16));
#5470 = DIRECTION('',(1.,0.,0.));
#5471 = ADVANCED_FACE('',(#5472),#5499,.F.);
#5472 = FACE_BOUND('',#5473,.T.);
#5473 = EDGE_LOOP('',(#5474,#5475,#5484,#5492));
#5474 = ORIENTED_EDGE('',*,*,#5442,.T.);
#5475 = ORIENTED_EDGE('',*,*,#5476,.T.);
#5476 = EDGE_CURVE('',#5445,#5477,#5479,.T.);
#5477 = VERTEX_POINT('',#5478);
#5478 = CARTESIAN_POINT('',(5.08839202169,-4.2,-0.1));
#5479 = CIRCLE('',#5480,0.2);
#5480 = AXIS2_PLACEMENT_3D('',#5481,#5482,#5483);
#5481 = CARTESIAN_POINT('',(5.08839202169,-4.2,-0.3));
#5482 = DIRECTION('',(0.,-1.,-2.2E-16));
#5483 = DIRECTION('',(1.,0.,0.));
#5484 = ORIENTED_EDGE('',*,*,#5485,.F.);
#5485 = EDGE_CURVE('',#5486,#5477,#5488,.T.);
#5486 = VERTEX_POINT('',#5487);
#5487 = CARTESIAN_POINT('',(5.08839202169,-3.8,-0.1));
#5488 = LINE('',#5489,#5490);
#5489 = CARTESIAN_POINT('',(5.08839202169,-3.8,-0.1));
#5490 = VECTOR('',#5491,1.);
#5491 = DIRECTION('',(0.,-1.,2.2E-16));
#5492 = ORIENTED_EDGE('',*,*,#5493,.F.);
#5493 = EDGE_CURVE('',#5443,#5486,#5494,.T.);
#5494 = CIRCLE('',#5495,0.2);
#5495 = AXIS2_PLACEMENT_3D('',#5496,#5497,#5498);
#5496 = CARTESIAN_POINT('',(5.08839202169,-3.8,-0.3));
#5497 = DIRECTION('',(0.,-1.,-2.2E-16));
#5498 = DIRECTION('',(1.,0.,0.));
#5499 = CYLINDRICAL_SURFACE('',#5500,0.2);
#5500 = AXIS2_PLACEMENT_3D('',#5501,#5502,#5503);
#5501 = CARTESIAN_POINT('',(5.08839202169,-3.8,-0.3));
#5502 = DIRECTION('',(0.,1.,-2.2E-16));
#5503 = DIRECTION('',(1.,0.,0.));
#5504 = ADVANCED_FACE('',(#5505),#5521,.F.);
#5505 = FACE_BOUND('',#5506,.F.);
#5506 = EDGE_LOOP('',(#5507,#5508,#5514,#5515));
#5507 = ORIENTED_EDGE('',*,*,#5018,.T.);
#5508 = ORIENTED_EDGE('',*,*,#5509,.T.);
#5509 = EDGE_CURVE('',#5021,#5477,#5510,.T.);
#5510 = LINE('',#5511,#5512);
#5511 = CARTESIAN_POINT('',(-5.08839202169,-4.2,-0.1));
#5512 = VECTOR('',#5513,1.);
#5513 = DIRECTION('',(1.,0.,-1.3E-16));
#5514 = ORIENTED_EDGE('',*,*,#5485,.F.);
#5515 = ORIENTED_EDGE('',*,*,#5516,.F.);
#5516 = EDGE_CURVE('',#5019,#5486,#5517,.T.);
#5517 = LINE('',#5518,#5519);
#5518 = CARTESIAN_POINT('',(-5.08839202169,-3.8,-0.1));
#5519 = VECTOR('',#5520,1.);
#5520 = DIRECTION('',(1.,0.,-1.3E-16));
#5521 = PLANE('',#5522);
#5522 = AXIS2_PLACEMENT_3D('',#5523,#5524,#5525);
#5523 = CARTESIAN_POINT('',(-5.08839202169,-3.8,-0.1));
#5524 = DIRECTION('',(1.3E-16,2.2E-16,1.));
#5525 = DIRECTION('',(1.,0.,-1.3E-16));
#5526 = ADVANCED_FACE('',(#5527),#5545,.T.);
#5527 = FACE_BOUND('',#5528,.T.);
#5528 = EDGE_LOOP('',(#5529,#5530,#5531,#5532,#5533,#5534,#5535,#5536,
    #5537,#5538,#5539,#5540,#5541,#5542,#5543,#5544));
#5529 = ORIENTED_EDGE('',*,*,#5045,.T.);
#5530 = ORIENTED_EDGE('',*,*,#5078,.F.);
#5531 = ORIENTED_EDGE('',*,*,#5110,.T.);
#5532 = ORIENTED_EDGE('',*,*,#5141,.T.);
#5533 = ORIENTED_EDGE('',*,*,#5172,.T.);
#5534 = ORIENTED_EDGE('',*,*,#5204,.T.);
#5535 = ORIENTED_EDGE('',*,*,#5237,.F.);
#5536 = ORIENTED_EDGE('',*,*,#5269,.T.);
#5537 = ORIENTED_EDGE('',*,*,#5301,.F.);
#5538 = ORIENTED_EDGE('',*,*,#5334,.T.);
#5539 = ORIENTED_EDGE('',*,*,#5366,.T.);
#5540 = ORIENTED_EDGE('',*,*,#5397,.T.);
#5541 = ORIENTED_EDGE('',*,*,#5428,.T.);
#5542 = ORIENTED_EDGE('',*,*,#5460,.F.);
#5543 = ORIENTED_EDGE('',*,*,#5493,.T.);
#5544 = ORIENTED_EDGE('',*,*,#5516,.F.);
#5545 = PLANE('',#5546);
#5546 = AXIS2_PLACEMENT_3D('',#5547,#5548,#5549);
#5547 = CARTESIAN_POINT('',(-2.9E-16,-3.8,-5.76254089512E-02));
#5548 = DIRECTION('',(0.,1.,2.2E-16));
#5549 = DIRECTION('',(0.,-2.2E-16,1.));
#5550 = ADVANCED_FACE('',(#5551),#5569,.F.);
#5551 = FACE_BOUND('',#5552,.F.);
#5552 = EDGE_LOOP('',(#5553,#5554,#5555,#5556,#5557,#5558,#5559,#5560,
    #5561,#5562,#5563,#5564,#5565,#5566,#5567,#5568));
#5553 = ORIENTED_EDGE('',*,*,#5028,.T.);
#5554 = ORIENTED_EDGE('',*,*,#5070,.F.);
#5555 = ORIENTED_EDGE('',*,*,#5094,.T.);
#5556 = ORIENTED_EDGE('',*,*,#5125,.T.);
#5557 = ORIENTED_EDGE('',*,*,#5156,.T.);
#5558 = ORIENTED_EDGE('',*,*,#5187,.T.);
#5559 = ORIENTED_EDGE('',*,*,#5229,.F.);
#5560 = ORIENTED_EDGE('',*,*,#5253,.T.);
#5561 = ORIENTED_EDGE('',*,*,#5293,.F.);
#5562 = ORIENTED_EDGE('',*,*,#5317,.T.);
#5563 = ORIENTED_EDGE('',*,*,#5350,.T.);
#5564 = ORIENTED_EDGE('',*,*,#5381,.T.);
#5565 = ORIENTED_EDGE('',*,*,#5412,.T.);
#5566 = ORIENTED_EDGE('',*,*,#5452,.F.);
#5567 = ORIENTED_EDGE('',*,*,#5476,.T.);
#5568 = ORIENTED_EDGE('',*,*,#5509,.F.);
#5569 = PLANE('',#5570);
#5570 = AXIS2_PLACEMENT_3D('',#5571,#5572,#5573);
#5571 = CARTESIAN_POINT('',(-2.9E-16,-4.2,-5.76254089512E-02));
#5572 = DIRECTION('',(0.,1.,2.2E-16));
#5573 = DIRECTION('',(0.,-2.2E-16,1.));
#5574 = MANIFOLD_SOLID_BREP('',#5575);
#5575 = CLOSED_SHELL('',(#5576,#5618,#5651,#5682,#5713,#5744,#5777,#5810
    ,#5841,#5874,#5907,#5938,#5969,#6000,#6033,#6066,#6088,#6112));
#5576 = ADVANCED_FACE('',(#5577),#5613,.F.);
#5577 = FACE_BOUND('',#5578,.T.);
#5578 = EDGE_LOOP('',(#5579,#5589,#5598,#5606));
#5579 = ORIENTED_EDGE('',*,*,#5580,.T.);
#5580 = EDGE_CURVE('',#5581,#5583,#5585,.T.);
#5581 = VERTEX_POINT('',#5582);
#5582 = CARTESIAN_POINT('',(-5.08839202169,-3.,-0.1));
#5583 = VERTEX_POINT('',#5584);
#5584 = CARTESIAN_POINT('',(-5.08839202169,-3.4,-0.1));
#5585 = LINE('',#5586,#5587);
#5586 = CARTESIAN_POINT('',(-5.08839202169,-3.,-0.1));
#5587 = VECTOR('',#5588,1.);
#5588 = DIRECTION('',(0.,-1.,2.2E-16));
#5589 = ORIENTED_EDGE('',*,*,#5590,.T.);
#5590 = EDGE_CURVE('',#5583,#5591,#5593,.T.);
#5591 = VERTEX_POINT('',#5592);
#5592 = CARTESIAN_POINT('',(-5.285594681127,-3.4,-0.266666666667));
#5593 = CIRCLE('',#5594,0.2);
#5594 = AXIS2_PLACEMENT_3D('',#5595,#5596,#5597);
#5595 = CARTESIAN_POINT('',(-5.08839202169,-3.4,-0.3));
#5596 = DIRECTION('',(0.,-1.,-2.2E-16));
#5597 = DIRECTION('',(1.,0.,0.));
#5598 = ORIENTED_EDGE('',*,*,#5599,.F.);
#5599 = EDGE_CURVE('',#5600,#5591,#5602,.T.);
#5600 = VERTEX_POINT('',#5601);
#5601 = CARTESIAN_POINT('',(-5.285594681127,-3.,-0.266666666667));
#5602 = LINE('',#5603,#5604);
#5603 = CARTESIAN_POINT('',(-5.285594681127,-3.,-0.266666666667));
#5604 = VECTOR('',#5605,1.);
#5605 = DIRECTION('',(0.,-1.,2.2E-16));
#5606 = ORIENTED_EDGE('',*,*,#5607,.F.);
#5607 = EDGE_CURVE('',#5581,#5600,#5608,.T.);
#5608 = CIRCLE('',#5609,0.2);
#5609 = AXIS2_PLACEMENT_3D('',#5610,#5611,#5612);
#5610 = CARTESIAN_POINT('',(-5.08839202169,-3.,-0.3));
#5611 = DIRECTION('',(0.,-1.,-2.2E-16));
#5612 = DIRECTION('',(1.,0.,0.));
#5613 = CYLINDRICAL_SURFACE('',#5614,0.2);
#5614 = AXIS2_PLACEMENT_3D('',#5615,#5616,#5617);
#5615 = CARTESIAN_POINT('',(-5.08839202169,-3.,-0.3));
#5616 = DIRECTION('',(0.,1.,-2.2E-16));
#5617 = DIRECTION('',(1.,0.,0.));
#5618 = ADVANCED_FACE('',(#5619),#5646,.T.);
#5619 = FACE_BOUND('',#5620,.F.);
#5620 = EDGE_LOOP('',(#5621,#5631,#5638,#5639));
#5621 = ORIENTED_EDGE('',*,*,#5622,.T.);
#5622 = EDGE_CURVE('',#5623,#5625,#5627,.T.);
#5623 = VERTEX_POINT('',#5624);
#5624 = CARTESIAN_POINT('',(-5.68,-3.,-0.6));
#5625 = VERTEX_POINT('',#5626);
#5626 = CARTESIAN_POINT('',(-5.68,-3.4,-0.6));
#5627 = LINE('',#5628,#5629);
#5628 = CARTESIAN_POINT('',(-5.68,-3.,-0.6));
#5629 = VECTOR('',#5630,1.);
#5630 = DIRECTION('',(0.,-1.,2.2E-16));
#5631 = ORIENTED_EDGE('',*,*,#5632,.T.);
#5632 = EDGE_CURVE('',#5625,#5591,#5633,.T.);
#5633 = CIRCLE('',#5634,0.4);
#5634 = AXIS2_PLACEMENT_3D('',#5635,#5636,#5637);
#5635 = CARTESIAN_POINT('',(-5.68,-3.4,-0.2));
#5636 = DIRECTION('',(0.,-1.,-2.2E-16));
#5637 = DIRECTION('',(1.,0.,0.));
#5638 = ORIENTED_EDGE('',*,*,#5599,.F.);
#5639 = ORIENTED_EDGE('',*,*,#5640,.F.);
#5640 = EDGE_CURVE('',#5623,#5600,#5641,.T.);
#5641 = CIRCLE('',#5642,0.4);
#5642 = AXIS2_PLACEMENT_3D('',#5643,#5644,#5645);
#5643 = CARTESIAN_POINT('',(-5.68,-3.,-0.2));
#5644 = DIRECTION('',(0.,-1.,-2.2E-16));
#5645 = DIRECTION('',(1.,0.,0.));
#5646 = CYLINDRICAL_SURFACE('',#5647,0.4);
#5647 = AXIS2_PLACEMENT_3D('',#5648,#5649,#5650);
#5648 = CARTESIAN_POINT('',(-5.68,-3.,-0.2));
#5649 = DIRECTION('',(0.,1.,-2.2E-16));
#5650 = DIRECTION('',(1.,0.,0.));
#5651 = ADVANCED_FACE('',(#5652),#5677,.T.);
#5652 = FACE_BOUND('',#5653,.T.);
#5653 = EDGE_LOOP('',(#5654,#5655,#5663,#5671));
#5654 = ORIENTED_EDGE('',*,*,#5622,.T.);
#5655 = ORIENTED_EDGE('',*,*,#5656,.T.);
#5656 = EDGE_CURVE('',#5625,#5657,#5659,.T.);
#5657 = VERTEX_POINT('',#5658);
#5658 = CARTESIAN_POINT('',(-5.88,-3.4,-0.6));
#5659 = LINE('',#5660,#5661);
#5660 = CARTESIAN_POINT('',(-5.68,-3.4,-0.6));
#5661 = VECTOR('',#5662,1.);
#5662 = DIRECTION('',(-1.,0.,0.));
#5663 = ORIENTED_EDGE('',*,*,#5664,.F.);
#5664 = EDGE_CURVE('',#5665,#5657,#5667,.T.);
#5665 = VERTEX_POINT('',#5666);
#5666 = CARTESIAN_POINT('',(-5.88,-3.,-0.6));
#5667 = LINE('',#5668,#5669);
#5668 = CARTESIAN_POINT('',(-5.88,-3.,-0.6));
#5669 = VECTOR('',#5670,1.);
#5670 = DIRECTION('',(0.,-1.,2.2E-16));
#5671 = ORIENTED_EDGE('',*,*,#5672,.F.);
#5672 = EDGE_CURVE('',#5623,#5665,#5673,.T.);
#5673 = LINE('',#5674,#5675);
#5674 = CARTESIAN_POINT('',(-5.68,-3.,-0.6));
#5675 = VECTOR('',#5676,1.);
#5676 = DIRECTION('',(-1.,0.,0.));
#5677 = PLANE('',#5678);
#5678 = AXIS2_PLACEMENT_3D('',#5679,#5680,#5681);
#5679 = CARTESIAN_POINT('',(-5.68,-3.,-0.6));
#5680 = DIRECTION('',(0.,-2.2E-16,-1.));
#5681 = DIRECTION('',(-1.,0.,0.));
#5682 = ADVANCED_FACE('',(#5683),#5708,.T.);
#5683 = FACE_BOUND('',#5684,.T.);
#5684 = EDGE_LOOP('',(#5685,#5686,#5694,#5702));
#5685 = ORIENTED_EDGE('',*,*,#5664,.T.);
#5686 = ORIENTED_EDGE('',*,*,#5687,.T.);
#5687 = EDGE_CURVE('',#5657,#5688,#5690,.T.);
#5688 = VERTEX_POINT('',#5689);
#5689 = CARTESIAN_POINT('',(-5.88,-3.4,-0.4));
#5690 = LINE('',#5691,#5692);
#5691 = CARTESIAN_POINT('',(-5.88,-3.4,-0.6));
#5692 = VECTOR('',#5693,1.);
#5693 = DIRECTION('',(0.,-2.2E-16,1.));
#5694 = ORIENTED_EDGE('',*,*,#5695,.F.);
#5695 = EDGE_CURVE('',#5696,#5688,#5698,.T.);
#5696 = VERTEX_POINT('',#5697);
#5697 = CARTESIAN_POINT('',(-5.88,-3.,-0.4));
#5698 = LINE('',#5699,#5700);
#5699 = CARTESIAN_POINT('',(-5.88,-3.,-0.4));
#5700 = VECTOR('',#5701,1.);
#5701 = DIRECTION('',(0.,-1.,2.2E-16));
#5702 = ORIENTED_EDGE('',*,*,#5703,.F.);
#5703 = EDGE_CURVE('',#5665,#5696,#5704,.T.);
#5704 = LINE('',#5705,#5706);
#5705 = CARTESIAN_POINT('',(-5.88,-3.,-0.6));
#5706 = VECTOR('',#5707,1.);
#5707 = DIRECTION('',(0.,-2.2E-16,1.));
#5708 = PLANE('',#5709);
#5709 = AXIS2_PLACEMENT_3D('',#5710,#5711,#5712);
#5710 = CARTESIAN_POINT('',(-5.88,-3.,-0.6));
#5711 = DIRECTION('',(-1.,0.,0.));
#5712 = DIRECTION('',(0.,2.2E-16,1.));
#5713 = ADVANCED_FACE('',(#5714),#5739,.T.);
#5714 = FACE_BOUND('',#5715,.T.);
#5715 = EDGE_LOOP('',(#5716,#5717,#5725,#5733));
#5716 = ORIENTED_EDGE('',*,*,#5695,.T.);
#5717 = ORIENTED_EDGE('',*,*,#5718,.T.);
#5718 = EDGE_CURVE('',#5688,#5719,#5721,.T.);
#5719 = VERTEX_POINT('',#5720);
#5720 = CARTESIAN_POINT('',(-5.68,-3.4,-0.4));
#5721 = LINE('',#5722,#5723);
#5722 = CARTESIAN_POINT('',(-5.88,-3.4,-0.4));
#5723 = VECTOR('',#5724,1.);
#5724 = DIRECTION('',(1.,0.,0.));
#5725 = ORIENTED_EDGE('',*,*,#5726,.F.);
#5726 = EDGE_CURVE('',#5727,#5719,#5729,.T.);
#5727 = VERTEX_POINT('',#5728);
#5728 = CARTESIAN_POINT('',(-5.68,-3.,-0.4));
#5729 = LINE('',#5730,#5731);
#5730 = CARTESIAN_POINT('',(-5.68,-3.,-0.4));
#5731 = VECTOR('',#5732,1.);
#5732 = DIRECTION('',(0.,-1.,2.2E-16));
#5733 = ORIENTED_EDGE('',*,*,#5734,.F.);
#5734 = EDGE_CURVE('',#5696,#5727,#5735,.T.);
#5735 = LINE('',#5736,#5737);
#5736 = CARTESIAN_POINT('',(-5.88,-3.,-0.4));
#5737 = VECTOR('',#5738,1.);
#5738 = DIRECTION('',(1.,0.,0.));
#5739 = PLANE('',#5740);
#5740 = AXIS2_PLACEMENT_3D('',#5741,#5742,#5743);
#5741 = CARTESIAN_POINT('',(-5.88,-3.,-0.4));
#5742 = DIRECTION('',(0.,2.2E-16,1.));
#5743 = DIRECTION('',(1.,0.,0.));
#5744 = ADVANCED_FACE('',(#5745),#5772,.F.);
#5745 = FACE_BOUND('',#5746,.T.);
#5746 = EDGE_LOOP('',(#5747,#5748,#5757,#5765));
#5747 = ORIENTED_EDGE('',*,*,#5726,.T.);
#5748 = ORIENTED_EDGE('',*,*,#5749,.T.);
#5749 = EDGE_CURVE('',#5719,#5750,#5752,.T.);
#5750 = VERTEX_POINT('',#5751);
#5751 = CARTESIAN_POINT('',(-5.482797340563,-3.4,-0.233333333333));
#5752 = CIRCLE('',#5753,0.2);
#5753 = AXIS2_PLACEMENT_3D('',#5754,#5755,#5756);
#5754 = CARTESIAN_POINT('',(-5.68,-3.4,-0.2));
#5755 = DIRECTION('',(0.,-1.,-2.2E-16));
#5756 = DIRECTION('',(1.,0.,0.));
#5757 = ORIENTED_EDGE('',*,*,#5758,.F.);
#5758 = EDGE_CURVE('',#5759,#5750,#5761,.T.);
#5759 = VERTEX_POINT('',#5760);
#5760 = CARTESIAN_POINT('',(-5.482797340563,-3.,-0.233333333333));
#5761 = LINE('',#5762,#5763);
#5762 = CARTESIAN_POINT('',(-5.482797340563,-3.,-0.233333333333));
#5763 = VECTOR('',#5764,1.);
#5764 = DIRECTION('',(0.,-1.,2.2E-16));
#5765 = ORIENTED_EDGE('',*,*,#5766,.F.);
#5766 = EDGE_CURVE('',#5727,#5759,#5767,.T.);
#5767 = CIRCLE('',#5768,0.2);
#5768 = AXIS2_PLACEMENT_3D('',#5769,#5770,#5771);
#5769 = CARTESIAN_POINT('',(-5.68,-3.,-0.2));
#5770 = DIRECTION('',(0.,-1.,-2.2E-16));
#5771 = DIRECTION('',(1.,0.,0.));
#5772 = CYLINDRICAL_SURFACE('',#5773,0.2);
#5773 = AXIS2_PLACEMENT_3D('',#5774,#5775,#5776);
#5774 = CARTESIAN_POINT('',(-5.68,-3.,-0.2));
#5775 = DIRECTION('',(0.,1.,-2.2E-16));
#5776 = DIRECTION('',(1.,0.,0.));
#5777 = ADVANCED_FACE('',(#5778),#5805,.T.);
#5778 = FACE_BOUND('',#5779,.F.);
#5779 = EDGE_LOOP('',(#5780,#5790,#5797,#5798));
#5780 = ORIENTED_EDGE('',*,*,#5781,.T.);
#5781 = EDGE_CURVE('',#5782,#5784,#5786,.T.);
#5782 = VERTEX_POINT('',#5783);
#5783 = CARTESIAN_POINT('',(-5.08839202169,-3.,0.1));
#5784 = VERTEX_POINT('',#5785);
#5785 = CARTESIAN_POINT('',(-5.08839202169,-3.4,0.1));
#5786 = LINE('',#5787,#5788);
#5787 = CARTESIAN_POINT('',(-5.08839202169,-3.,0.1));
#5788 = VECTOR('',#5789,1.);
#5789 = DIRECTION('',(0.,-1.,2.2E-16));
#5790 = ORIENTED_EDGE('',*,*,#5791,.T.);
#5791 = EDGE_CURVE('',#5784,#5750,#5792,.T.);
#5792 = CIRCLE('',#5793,0.4);
#5793 = AXIS2_PLACEMENT_3D('',#5794,#5795,#5796);
#5794 = CARTESIAN_POINT('',(-5.08839202169,-3.4,-0.3));
#5795 = DIRECTION('',(0.,-1.,-2.2E-16));
#5796 = DIRECTION('',(1.,0.,0.));
#5797 = ORIENTED_EDGE('',*,*,#5758,.F.);
#5798 = ORIENTED_EDGE('',*,*,#5799,.F.);
#5799 = EDGE_CURVE('',#5782,#5759,#5800,.T.);
#5800 = CIRCLE('',#5801,0.4);
#5801 = AXIS2_PLACEMENT_3D('',#5802,#5803,#5804);
#5802 = CARTESIAN_POINT('',(-5.08839202169,-3.,-0.3));
#5803 = DIRECTION('',(0.,-1.,-2.2E-16));
#5804 = DIRECTION('',(1.,0.,0.));
#5805 = CYLINDRICAL_SURFACE('',#5806,0.4);
#5806 = AXIS2_PLACEMENT_3D('',#5807,#5808,#5809);
#5807 = CARTESIAN_POINT('',(-5.08839202169,-3.,-0.3));
#5808 = DIRECTION('',(0.,1.,-2.2E-16));
#5809 = DIRECTION('',(1.,0.,0.));
#5810 = ADVANCED_FACE('',(#5811),#5836,.T.);
#5811 = FACE_BOUND('',#5812,.T.);
#5812 = EDGE_LOOP('',(#5813,#5814,#5822,#5830));
#5813 = ORIENTED_EDGE('',*,*,#5781,.T.);
#5814 = ORIENTED_EDGE('',*,*,#5815,.T.);
#5815 = EDGE_CURVE('',#5784,#5816,#5818,.T.);
#5816 = VERTEX_POINT('',#5817);
#5817 = CARTESIAN_POINT('',(5.08839202169,-3.4,1.E-01));
#5818 = LINE('',#5819,#5820);
#5819 = CARTESIAN_POINT('',(-5.08839202169,-3.4,0.1));
#5820 = VECTOR('',#5821,1.);
#5821 = DIRECTION('',(1.,0.,-1.2E-16));
#5822 = ORIENTED_EDGE('',*,*,#5823,.F.);
#5823 = EDGE_CURVE('',#5824,#5816,#5826,.T.);
#5824 = VERTEX_POINT('',#5825);
#5825 = CARTESIAN_POINT('',(5.08839202169,-3.,1.E-01));
#5826 = LINE('',#5827,#5828);
#5827 = CARTESIAN_POINT('',(5.08839202169,-3.,1.E-01));
#5828 = VECTOR('',#5829,1.);
#5829 = DIRECTION('',(0.,-1.,2.2E-16));
#5830 = ORIENTED_EDGE('',*,*,#5831,.F.);
#5831 = EDGE_CURVE('',#5782,#5824,#5832,.T.);
#5832 = LINE('',#5833,#5834);
#5833 = CARTESIAN_POINT('',(-5.08839202169,-3.,0.1));
#5834 = VECTOR('',#5835,1.);
#5835 = DIRECTION('',(1.,0.,-1.2E-16));
#5836 = PLANE('',#5837);
#5837 = AXIS2_PLACEMENT_3D('',#5838,#5839,#5840);
#5838 = CARTESIAN_POINT('',(-5.08839202169,-3.,0.1));
#5839 = DIRECTION('',(1.2E-16,2.2E-16,1.));
#5840 = DIRECTION('',(1.,0.,-1.2E-16));
#5841 = ADVANCED_FACE('',(#5842),#5869,.T.);
#5842 = FACE_BOUND('',#5843,.F.);
#5843 = EDGE_LOOP('',(#5844,#5854,#5861,#5862));
#5844 = ORIENTED_EDGE('',*,*,#5845,.T.);
#5845 = EDGE_CURVE('',#5846,#5848,#5850,.T.);
#5846 = VERTEX_POINT('',#5847);
#5847 = CARTESIAN_POINT('',(5.482797340563,-3.,-0.233333333333));
#5848 = VERTEX_POINT('',#5849);
#5849 = CARTESIAN_POINT('',(5.482797340563,-3.4,-0.233333333333));
#5850 = LINE('',#5851,#5852);
#5851 = CARTESIAN_POINT('',(5.482797340563,-3.,-0.233333333333));
#5852 = VECTOR('',#5853,1.);
#5853 = DIRECTION('',(0.,-1.,2.2E-16));
#5854 = ORIENTED_EDGE('',*,*,#5855,.T.);
#5855 = EDGE_CURVE('',#5848,#5816,#5856,.T.);
#5856 = CIRCLE('',#5857,0.4);
#5857 = AXIS2_PLACEMENT_3D('',#5858,#5859,#5860);
#5858 = CARTESIAN_POINT('',(5.08839202169,-3.4,-0.3));
#5859 = DIRECTION('',(0.,-1.,-2.2E-16));
#5860 = DIRECTION('',(1.,0.,0.));
#5861 = ORIENTED_EDGE('',*,*,#5823,.F.);
#5862 = ORIENTED_EDGE('',*,*,#5863,.F.);
#5863 = EDGE_CURVE('',#5846,#5824,#5864,.T.);
#5864 = CIRCLE('',#5865,0.4);
#5865 = AXIS2_PLACEMENT_3D('',#5866,#5867,#5868);
#5866 = CARTESIAN_POINT('',(5.08839202169,-3.,-0.3));
#5867 = DIRECTION('',(0.,-1.,-2.2E-16));
#5868 = DIRECTION('',(1.,0.,0.));
#5869 = CYLINDRICAL_SURFACE('',#5870,0.4);
#5870 = AXIS2_PLACEMENT_3D('',#5871,#5872,#5873);
#5871 = CARTESIAN_POINT('',(5.08839202169,-3.,-0.3));
#5872 = DIRECTION('',(0.,1.,-2.2E-16));
#5873 = DIRECTION('',(1.,0.,0.));
#5874 = ADVANCED_FACE('',(#5875),#5902,.F.);
#5875 = FACE_BOUND('',#5876,.T.);
#5876 = EDGE_LOOP('',(#5877,#5878,#5887,#5895));
#5877 = ORIENTED_EDGE('',*,*,#5845,.T.);
#5878 = ORIENTED_EDGE('',*,*,#5879,.T.);
#5879 = EDGE_CURVE('',#5848,#5880,#5882,.T.);
#5880 = VERTEX_POINT('',#5881);
#5881 = CARTESIAN_POINT('',(5.68,-3.4,-0.4));
#5882 = CIRCLE('',#5883,0.2);
#5883 = AXIS2_PLACEMENT_3D('',#5884,#5885,#5886);
#5884 = CARTESIAN_POINT('',(5.68,-3.4,-0.2));
#5885 = DIRECTION('',(0.,-1.,-2.2E-16));
#5886 = DIRECTION('',(1.,0.,0.));
#5887 = ORIENTED_EDGE('',*,*,#5888,.F.);
#5888 = EDGE_CURVE('',#5889,#5880,#5891,.T.);
#5889 = VERTEX_POINT('',#5890);
#5890 = CARTESIAN_POINT('',(5.68,-3.,-0.4));
#5891 = LINE('',#5892,#5893);
#5892 = CARTESIAN_POINT('',(5.68,-3.,-0.4));
#5893 = VECTOR('',#5894,1.);
#5894 = DIRECTION('',(0.,-1.,2.2E-16));
#5895 = ORIENTED_EDGE('',*,*,#5896,.F.);
#5896 = EDGE_CURVE('',#5846,#5889,#5897,.T.);
#5897 = CIRCLE('',#5898,0.2);
#5898 = AXIS2_PLACEMENT_3D('',#5899,#5900,#5901);
#5899 = CARTESIAN_POINT('',(5.68,-3.,-0.2));
#5900 = DIRECTION('',(0.,-1.,-2.2E-16));
#5901 = DIRECTION('',(1.,0.,0.));
#5902 = CYLINDRICAL_SURFACE('',#5903,0.2);
#5903 = AXIS2_PLACEMENT_3D('',#5904,#5905,#5906);
#5904 = CARTESIAN_POINT('',(5.68,-3.,-0.2));
#5905 = DIRECTION('',(0.,1.,-2.2E-16));
#5906 = DIRECTION('',(1.,0.,0.));
#5907 = ADVANCED_FACE('',(#5908),#5933,.T.);
#5908 = FACE_BOUND('',#5909,.T.);
#5909 = EDGE_LOOP('',(#5910,#5911,#5919,#5927));
#5910 = ORIENTED_EDGE('',*,*,#5888,.T.);
#5911 = ORIENTED_EDGE('',*,*,#5912,.T.);
#5912 = EDGE_CURVE('',#5880,#5913,#5915,.T.);
#5913 = VERTEX_POINT('',#5914);
#5914 = CARTESIAN_POINT('',(5.88,-3.4,-0.4));
#5915 = LINE('',#5916,#5917);
#5916 = CARTESIAN_POINT('',(5.68,-3.4,-0.4));
#5917 = VECTOR('',#5918,1.);
#5918 = DIRECTION('',(1.,0.,0.));
#5919 = ORIENTED_EDGE('',*,*,#5920,.F.);
#5920 = EDGE_CURVE('',#5921,#5913,#5923,.T.);
#5921 = VERTEX_POINT('',#5922);
#5922 = CARTESIAN_POINT('',(5.88,-3.,-0.4));
#5923 = LINE('',#5924,#5925);
#5924 = CARTESIAN_POINT('',(5.88,-3.,-0.4));
#5925 = VECTOR('',#5926,1.);
#5926 = DIRECTION('',(0.,-1.,2.2E-16));
#5927 = ORIENTED_EDGE('',*,*,#5928,.F.);
#5928 = EDGE_CURVE('',#5889,#5921,#5929,.T.);
#5929 = LINE('',#5930,#5931);
#5930 = CARTESIAN_POINT('',(5.68,-3.,-0.4));
#5931 = VECTOR('',#5932,1.);
#5932 = DIRECTION('',(1.,0.,0.));
#5933 = PLANE('',#5934);
#5934 = AXIS2_PLACEMENT_3D('',#5935,#5936,#5937);
#5935 = CARTESIAN_POINT('',(5.68,-3.,-0.4));
#5936 = DIRECTION('',(0.,2.2E-16,1.));
#5937 = DIRECTION('',(1.,0.,0.));
#5938 = ADVANCED_FACE('',(#5939),#5964,.T.);
#5939 = FACE_BOUND('',#5940,.T.);
#5940 = EDGE_LOOP('',(#5941,#5942,#5950,#5958));
#5941 = ORIENTED_EDGE('',*,*,#5920,.T.);
#5942 = ORIENTED_EDGE('',*,*,#5943,.T.);
#5943 = EDGE_CURVE('',#5913,#5944,#5946,.T.);
#5944 = VERTEX_POINT('',#5945);
#5945 = CARTESIAN_POINT('',(5.88,-3.4,-0.6));
#5946 = LINE('',#5947,#5948);
#5947 = CARTESIAN_POINT('',(5.88,-3.4,-0.4));
#5948 = VECTOR('',#5949,1.);
#5949 = DIRECTION('',(0.,2.2E-16,-1.));
#5950 = ORIENTED_EDGE('',*,*,#5951,.F.);
#5951 = EDGE_CURVE('',#5952,#5944,#5954,.T.);
#5952 = VERTEX_POINT('',#5953);
#5953 = CARTESIAN_POINT('',(5.88,-3.,-0.6));
#5954 = LINE('',#5955,#5956);
#5955 = CARTESIAN_POINT('',(5.88,-3.,-0.6));
#5956 = VECTOR('',#5957,1.);
#5957 = DIRECTION('',(0.,-1.,2.2E-16));
#5958 = ORIENTED_EDGE('',*,*,#5959,.F.);
#5959 = EDGE_CURVE('',#5921,#5952,#5960,.T.);
#5960 = LINE('',#5961,#5962);
#5961 = CARTESIAN_POINT('',(5.88,-3.,-0.4));
#5962 = VECTOR('',#5963,1.);
#5963 = DIRECTION('',(0.,2.2E-16,-1.));
#5964 = PLANE('',#5965);
#5965 = AXIS2_PLACEMENT_3D('',#5966,#5967,#5968);
#5966 = CARTESIAN_POINT('',(5.88,-3.,-0.4));
#5967 = DIRECTION('',(1.,0.,0.));
#5968 = DIRECTION('',(0.,-2.2E-16,-1.));
#5969 = ADVANCED_FACE('',(#5970),#5995,.T.);
#5970 = FACE_BOUND('',#5971,.T.);
#5971 = EDGE_LOOP('',(#5972,#5973,#5981,#5989));
#5972 = ORIENTED_EDGE('',*,*,#5951,.T.);
#5973 = ORIENTED_EDGE('',*,*,#5974,.T.);
#5974 = EDGE_CURVE('',#5944,#5975,#5977,.T.);
#5975 = VERTEX_POINT('',#5976);
#5976 = CARTESIAN_POINT('',(5.68,-3.4,-0.6));
#5977 = LINE('',#5978,#5979);
#5978 = CARTESIAN_POINT('',(5.88,-3.4,-0.6));
#5979 = VECTOR('',#5980,1.);
#5980 = DIRECTION('',(-1.,0.,0.));
#5981 = ORIENTED_EDGE('',*,*,#5982,.F.);
#5982 = EDGE_CURVE('',#5983,#5975,#5985,.T.);
#5983 = VERTEX_POINT('',#5984);
#5984 = CARTESIAN_POINT('',(5.68,-3.,-0.6));
#5985 = LINE('',#5986,#5987);
#5986 = CARTESIAN_POINT('',(5.68,-3.,-0.6));
#5987 = VECTOR('',#5988,1.);
#5988 = DIRECTION('',(0.,-1.,2.2E-16));
#5989 = ORIENTED_EDGE('',*,*,#5990,.F.);
#5990 = EDGE_CURVE('',#5952,#5983,#5991,.T.);
#5991 = LINE('',#5992,#5993);
#5992 = CARTESIAN_POINT('',(5.88,-3.,-0.6));
#5993 = VECTOR('',#5994,1.);
#5994 = DIRECTION('',(-1.,0.,0.));
#5995 = PLANE('',#5996);
#5996 = AXIS2_PLACEMENT_3D('',#5997,#5998,#5999);
#5997 = CARTESIAN_POINT('',(5.88,-3.,-0.6));
#5998 = DIRECTION('',(0.,-2.2E-16,-1.));
#5999 = DIRECTION('',(-1.,0.,0.));
#6000 = ADVANCED_FACE('',(#6001),#6028,.T.);
#6001 = FACE_BOUND('',#6002,.F.);
#6002 = EDGE_LOOP('',(#6003,#6013,#6020,#6021));
#6003 = ORIENTED_EDGE('',*,*,#6004,.T.);
#6004 = EDGE_CURVE('',#6005,#6007,#6009,.T.);
#6005 = VERTEX_POINT('',#6006);
#6006 = CARTESIAN_POINT('',(5.285594681127,-3.,-0.266666666667));
#6007 = VERTEX_POINT('',#6008);
#6008 = CARTESIAN_POINT('',(5.285594681127,-3.4,-0.266666666667));
#6009 = LINE('',#6010,#6011);
#6010 = CARTESIAN_POINT('',(5.285594681127,-3.,-0.266666666667));
#6011 = VECTOR('',#6012,1.);
#6012 = DIRECTION('',(0.,-1.,2.2E-16));
#6013 = ORIENTED_EDGE('',*,*,#6014,.T.);
#6014 = EDGE_CURVE('',#6007,#5975,#6015,.T.);
#6015 = CIRCLE('',#6016,0.4);
#6016 = AXIS2_PLACEMENT_3D('',#6017,#6018,#6019);
#6017 = CARTESIAN_POINT('',(5.68,-3.4,-0.2));
#6018 = DIRECTION('',(0.,-1.,-2.2E-16));
#6019 = DIRECTION('',(1.,0.,0.));
#6020 = ORIENTED_EDGE('',*,*,#5982,.F.);
#6021 = ORIENTED_EDGE('',*,*,#6022,.F.);
#6022 = EDGE_CURVE('',#6005,#5983,#6023,.T.);
#6023 = CIRCLE('',#6024,0.4);
#6024 = AXIS2_PLACEMENT_3D('',#6025,#6026,#6027);
#6025 = CARTESIAN_POINT('',(5.68,-3.,-0.2));
#6026 = DIRECTION('',(0.,-1.,-2.2E-16));
#6027 = DIRECTION('',(1.,0.,0.));
#6028 = CYLINDRICAL_SURFACE('',#6029,0.4);
#6029 = AXIS2_PLACEMENT_3D('',#6030,#6031,#6032);
#6030 = CARTESIAN_POINT('',(5.68,-3.,-0.2));
#6031 = DIRECTION('',(0.,1.,-2.2E-16));
#6032 = DIRECTION('',(1.,0.,0.));
#6033 = ADVANCED_FACE('',(#6034),#6061,.F.);
#6034 = FACE_BOUND('',#6035,.T.);
#6035 = EDGE_LOOP('',(#6036,#6037,#6046,#6054));
#6036 = ORIENTED_EDGE('',*,*,#6004,.T.);
#6037 = ORIENTED_EDGE('',*,*,#6038,.T.);
#6038 = EDGE_CURVE('',#6007,#6039,#6041,.T.);
#6039 = VERTEX_POINT('',#6040);
#6040 = CARTESIAN_POINT('',(5.08839202169,-3.4,-0.1));
#6041 = CIRCLE('',#6042,0.2);
#6042 = AXIS2_PLACEMENT_3D('',#6043,#6044,#6045);
#6043 = CARTESIAN_POINT('',(5.08839202169,-3.4,-0.3));
#6044 = DIRECTION('',(0.,-1.,-2.2E-16));
#6045 = DIRECTION('',(1.,0.,0.));
#6046 = ORIENTED_EDGE('',*,*,#6047,.F.);
#6047 = EDGE_CURVE('',#6048,#6039,#6050,.T.);
#6048 = VERTEX_POINT('',#6049);
#6049 = CARTESIAN_POINT('',(5.08839202169,-3.,-0.1));
#6050 = LINE('',#6051,#6052);
#6051 = CARTESIAN_POINT('',(5.08839202169,-3.,-0.1));
#6052 = VECTOR('',#6053,1.);
#6053 = DIRECTION('',(0.,-1.,2.2E-16));
#6054 = ORIENTED_EDGE('',*,*,#6055,.F.);
#6055 = EDGE_CURVE('',#6005,#6048,#6056,.T.);
#6056 = CIRCLE('',#6057,0.2);
#6057 = AXIS2_PLACEMENT_3D('',#6058,#6059,#6060);
#6058 = CARTESIAN_POINT('',(5.08839202169,-3.,-0.3));
#6059 = DIRECTION('',(0.,-1.,-2.2E-16));
#6060 = DIRECTION('',(1.,0.,0.));
#6061 = CYLINDRICAL_SURFACE('',#6062,0.2);
#6062 = AXIS2_PLACEMENT_3D('',#6063,#6064,#6065);
#6063 = CARTESIAN_POINT('',(5.08839202169,-3.,-0.3));
#6064 = DIRECTION('',(0.,1.,-2.2E-16));
#6065 = DIRECTION('',(1.,0.,0.));
#6066 = ADVANCED_FACE('',(#6067),#6083,.F.);
#6067 = FACE_BOUND('',#6068,.F.);
#6068 = EDGE_LOOP('',(#6069,#6070,#6076,#6077));
#6069 = ORIENTED_EDGE('',*,*,#5580,.T.);
#6070 = ORIENTED_EDGE('',*,*,#6071,.T.);
#6071 = EDGE_CURVE('',#5583,#6039,#6072,.T.);
#6072 = LINE('',#6073,#6074);
#6073 = CARTESIAN_POINT('',(-5.08839202169,-3.4,-0.1));
#6074 = VECTOR('',#6075,1.);
#6075 = DIRECTION('',(1.,0.,-1.3E-16));
#6076 = ORIENTED_EDGE('',*,*,#6047,.F.);
#6077 = ORIENTED_EDGE('',*,*,#6078,.F.);
#6078 = EDGE_CURVE('',#5581,#6048,#6079,.T.);
#6079 = LINE('',#6080,#6081);
#6080 = CARTESIAN_POINT('',(-5.08839202169,-3.,-0.1));
#6081 = VECTOR('',#6082,1.);
#6082 = DIRECTION('',(1.,0.,-1.3E-16));
#6083 = PLANE('',#6084);
#6084 = AXIS2_PLACEMENT_3D('',#6085,#6086,#6087);
#6085 = CARTESIAN_POINT('',(-5.08839202169,-3.,-0.1));
#6086 = DIRECTION('',(1.3E-16,2.2E-16,1.));
#6087 = DIRECTION('',(1.,0.,-1.3E-16));
#6088 = ADVANCED_FACE('',(#6089),#6107,.T.);
#6089 = FACE_BOUND('',#6090,.T.);
#6090 = EDGE_LOOP('',(#6091,#6092,#6093,#6094,#6095,#6096,#6097,#6098,
    #6099,#6100,#6101,#6102,#6103,#6104,#6105,#6106));
#6091 = ORIENTED_EDGE('',*,*,#5607,.T.);
#6092 = ORIENTED_EDGE('',*,*,#5640,.F.);
#6093 = ORIENTED_EDGE('',*,*,#5672,.T.);
#6094 = ORIENTED_EDGE('',*,*,#5703,.T.);
#6095 = ORIENTED_EDGE('',*,*,#5734,.T.);
#6096 = ORIENTED_EDGE('',*,*,#5766,.T.);
#6097 = ORIENTED_EDGE('',*,*,#5799,.F.);
#6098 = ORIENTED_EDGE('',*,*,#5831,.T.);
#6099 = ORIENTED_EDGE('',*,*,#5863,.F.);
#6100 = ORIENTED_EDGE('',*,*,#5896,.T.);
#6101 = ORIENTED_EDGE('',*,*,#5928,.T.);
#6102 = ORIENTED_EDGE('',*,*,#5959,.T.);
#6103 = ORIENTED_EDGE('',*,*,#5990,.T.);
#6104 = ORIENTED_EDGE('',*,*,#6022,.F.);
#6105 = ORIENTED_EDGE('',*,*,#6055,.T.);
#6106 = ORIENTED_EDGE('',*,*,#6078,.F.);
#6107 = PLANE('',#6108);
#6108 = AXIS2_PLACEMENT_3D('',#6109,#6110,#6111);
#6109 = CARTESIAN_POINT('',(-2.9E-16,-3.,-5.76254089512E-02));
#6110 = DIRECTION('',(0.,1.,2.2E-16));
#6111 = DIRECTION('',(0.,-2.2E-16,1.));
#6112 = ADVANCED_FACE('',(#6113),#6131,.F.);
#6113 = FACE_BOUND('',#6114,.F.);
#6114 = EDGE_LOOP('',(#6115,#6116,#6117,#6118,#6119,#6120,#6121,#6122,
    #6123,#6124,#6125,#6126,#6127,#6128,#6129,#6130));
#6115 = ORIENTED_EDGE('',*,*,#5590,.T.);
#6116 = ORIENTED_EDGE('',*,*,#5632,.F.);
#6117 = ORIENTED_EDGE('',*,*,#5656,.T.);
#6118 = ORIENTED_EDGE('',*,*,#5687,.T.);
#6119 = ORIENTED_EDGE('',*,*,#5718,.T.);
#6120 = ORIENTED_EDGE('',*,*,#5749,.T.);
#6121 = ORIENTED_EDGE('',*,*,#5791,.F.);
#6122 = ORIENTED_EDGE('',*,*,#5815,.T.);
#6123 = ORIENTED_EDGE('',*,*,#5855,.F.);
#6124 = ORIENTED_EDGE('',*,*,#5879,.T.);
#6125 = ORIENTED_EDGE('',*,*,#5912,.T.);
#6126 = ORIENTED_EDGE('',*,*,#5943,.T.);
#6127 = ORIENTED_EDGE('',*,*,#5974,.T.);
#6128 = ORIENTED_EDGE('',*,*,#6014,.F.);
#6129 = ORIENTED_EDGE('',*,*,#6038,.T.);
#6130 = ORIENTED_EDGE('',*,*,#6071,.F.);
#6131 = PLANE('',#6132);
#6132 = AXIS2_PLACEMENT_3D('',#6133,#6134,#6135);
#6133 = CARTESIAN_POINT('',(-2.9E-16,-3.4,-5.76254089512E-02));
#6134 = DIRECTION('',(0.,1.,2.2E-16));
#6135 = DIRECTION('',(0.,-2.2E-16,1.));
#6136 = MANIFOLD_SOLID_BREP('',#6137);
#6137 = CLOSED_SHELL('',(#6138,#6180,#6213,#6244,#6275,#6306,#6339,#6372
    ,#6403,#6436,#6469,#6500,#6531,#6562,#6595,#6628,#6650,#6674));
#6138 = ADVANCED_FACE('',(#6139),#6175,.F.);
#6139 = FACE_BOUND('',#6140,.T.);
#6140 = EDGE_LOOP('',(#6141,#6151,#6160,#6168));
#6141 = ORIENTED_EDGE('',*,*,#6142,.T.);
#6142 = EDGE_CURVE('',#6143,#6145,#6147,.T.);
#6143 = VERTEX_POINT('',#6144);
#6144 = CARTESIAN_POINT('',(-5.08839202169,-2.2,-0.1));
#6145 = VERTEX_POINT('',#6146);
#6146 = CARTESIAN_POINT('',(-5.08839202169,-2.6,-0.1));
#6147 = LINE('',#6148,#6149);
#6148 = CARTESIAN_POINT('',(-5.08839202169,-2.2,-0.1));
#6149 = VECTOR('',#6150,1.);
#6150 = DIRECTION('',(0.,-1.,2.2E-16));
#6151 = ORIENTED_EDGE('',*,*,#6152,.T.);
#6152 = EDGE_CURVE('',#6145,#6153,#6155,.T.);
#6153 = VERTEX_POINT('',#6154);
#6154 = CARTESIAN_POINT('',(-5.285594681127,-2.6,-0.266666666667));
#6155 = CIRCLE('',#6156,0.2);
#6156 = AXIS2_PLACEMENT_3D('',#6157,#6158,#6159);
#6157 = CARTESIAN_POINT('',(-5.08839202169,-2.6,-0.3));
#6158 = DIRECTION('',(0.,-1.,-2.2E-16));
#6159 = DIRECTION('',(1.,0.,0.));
#6160 = ORIENTED_EDGE('',*,*,#6161,.F.);
#6161 = EDGE_CURVE('',#6162,#6153,#6164,.T.);
#6162 = VERTEX_POINT('',#6163);
#6163 = CARTESIAN_POINT('',(-5.285594681127,-2.2,-0.266666666667));
#6164 = LINE('',#6165,#6166);
#6165 = CARTESIAN_POINT('',(-5.285594681127,-2.2,-0.266666666667));
#6166 = VECTOR('',#6167,1.);
#6167 = DIRECTION('',(0.,-1.,2.2E-16));
#6168 = ORIENTED_EDGE('',*,*,#6169,.F.);
#6169 = EDGE_CURVE('',#6143,#6162,#6170,.T.);
#6170 = CIRCLE('',#6171,0.2);
#6171 = AXIS2_PLACEMENT_3D('',#6172,#6173,#6174);
#6172 = CARTESIAN_POINT('',(-5.08839202169,-2.2,-0.3));
#6173 = DIRECTION('',(0.,-1.,-2.2E-16));
#6174 = DIRECTION('',(1.,0.,0.));
#6175 = CYLINDRICAL_SURFACE('',#6176,0.2);
#6176 = AXIS2_PLACEMENT_3D('',#6177,#6178,#6179);
#6177 = CARTESIAN_POINT('',(-5.08839202169,-2.2,-0.3));
#6178 = DIRECTION('',(0.,1.,-2.2E-16));
#6179 = DIRECTION('',(1.,0.,0.));
#6180 = ADVANCED_FACE('',(#6181),#6208,.T.);
#6181 = FACE_BOUND('',#6182,.F.);
#6182 = EDGE_LOOP('',(#6183,#6193,#6200,#6201));
#6183 = ORIENTED_EDGE('',*,*,#6184,.T.);
#6184 = EDGE_CURVE('',#6185,#6187,#6189,.T.);
#6185 = VERTEX_POINT('',#6186);
#6186 = CARTESIAN_POINT('',(-5.68,-2.2,-0.6));
#6187 = VERTEX_POINT('',#6188);
#6188 = CARTESIAN_POINT('',(-5.68,-2.6,-0.6));
#6189 = LINE('',#6190,#6191);
#6190 = CARTESIAN_POINT('',(-5.68,-2.2,-0.6));
#6191 = VECTOR('',#6192,1.);
#6192 = DIRECTION('',(0.,-1.,2.2E-16));
#6193 = ORIENTED_EDGE('',*,*,#6194,.T.);
#6194 = EDGE_CURVE('',#6187,#6153,#6195,.T.);
#6195 = CIRCLE('',#6196,0.4);
#6196 = AXIS2_PLACEMENT_3D('',#6197,#6198,#6199);
#6197 = CARTESIAN_POINT('',(-5.68,-2.6,-0.2));
#6198 = DIRECTION('',(0.,-1.,-2.2E-16));
#6199 = DIRECTION('',(1.,0.,0.));
#6200 = ORIENTED_EDGE('',*,*,#6161,.F.);
#6201 = ORIENTED_EDGE('',*,*,#6202,.F.);
#6202 = EDGE_CURVE('',#6185,#6162,#6203,.T.);
#6203 = CIRCLE('',#6204,0.4);
#6204 = AXIS2_PLACEMENT_3D('',#6205,#6206,#6207);
#6205 = CARTESIAN_POINT('',(-5.68,-2.2,-0.2));
#6206 = DIRECTION('',(0.,-1.,-2.2E-16));
#6207 = DIRECTION('',(1.,0.,0.));
#6208 = CYLINDRICAL_SURFACE('',#6209,0.4);
#6209 = AXIS2_PLACEMENT_3D('',#6210,#6211,#6212);
#6210 = CARTESIAN_POINT('',(-5.68,-2.2,-0.2));
#6211 = DIRECTION('',(0.,1.,-2.2E-16));
#6212 = DIRECTION('',(1.,0.,0.));
#6213 = ADVANCED_FACE('',(#6214),#6239,.T.);
#6214 = FACE_BOUND('',#6215,.T.);
#6215 = EDGE_LOOP('',(#6216,#6217,#6225,#6233));
#6216 = ORIENTED_EDGE('',*,*,#6184,.T.);
#6217 = ORIENTED_EDGE('',*,*,#6218,.T.);
#6218 = EDGE_CURVE('',#6187,#6219,#6221,.T.);
#6219 = VERTEX_POINT('',#6220);
#6220 = CARTESIAN_POINT('',(-5.88,-2.6,-0.6));
#6221 = LINE('',#6222,#6223);
#6222 = CARTESIAN_POINT('',(-5.68,-2.6,-0.6));
#6223 = VECTOR('',#6224,1.);
#6224 = DIRECTION('',(-1.,0.,0.));
#6225 = ORIENTED_EDGE('',*,*,#6226,.F.);
#6226 = EDGE_CURVE('',#6227,#6219,#6229,.T.);
#6227 = VERTEX_POINT('',#6228);
#6228 = CARTESIAN_POINT('',(-5.88,-2.2,-0.6));
#6229 = LINE('',#6230,#6231);
#6230 = CARTESIAN_POINT('',(-5.88,-2.2,-0.6));
#6231 = VECTOR('',#6232,1.);
#6232 = DIRECTION('',(0.,-1.,2.2E-16));
#6233 = ORIENTED_EDGE('',*,*,#6234,.F.);
#6234 = EDGE_CURVE('',#6185,#6227,#6235,.T.);
#6235 = LINE('',#6236,#6237);
#6236 = CARTESIAN_POINT('',(-5.68,-2.2,-0.6));
#6237 = VECTOR('',#6238,1.);
#6238 = DIRECTION('',(-1.,0.,0.));
#6239 = PLANE('',#6240);
#6240 = AXIS2_PLACEMENT_3D('',#6241,#6242,#6243);
#6241 = CARTESIAN_POINT('',(-5.68,-2.2,-0.6));
#6242 = DIRECTION('',(0.,-2.2E-16,-1.));
#6243 = DIRECTION('',(-1.,0.,0.));
#6244 = ADVANCED_FACE('',(#6245),#6270,.T.);
#6245 = FACE_BOUND('',#6246,.T.);
#6246 = EDGE_LOOP('',(#6247,#6248,#6256,#6264));
#6247 = ORIENTED_EDGE('',*,*,#6226,.T.);
#6248 = ORIENTED_EDGE('',*,*,#6249,.T.);
#6249 = EDGE_CURVE('',#6219,#6250,#6252,.T.);
#6250 = VERTEX_POINT('',#6251);
#6251 = CARTESIAN_POINT('',(-5.88,-2.6,-0.4));
#6252 = LINE('',#6253,#6254);
#6253 = CARTESIAN_POINT('',(-5.88,-2.6,-0.6));
#6254 = VECTOR('',#6255,1.);
#6255 = DIRECTION('',(0.,-2.2E-16,1.));
#6256 = ORIENTED_EDGE('',*,*,#6257,.F.);
#6257 = EDGE_CURVE('',#6258,#6250,#6260,.T.);
#6258 = VERTEX_POINT('',#6259);
#6259 = CARTESIAN_POINT('',(-5.88,-2.2,-0.4));
#6260 = LINE('',#6261,#6262);
#6261 = CARTESIAN_POINT('',(-5.88,-2.2,-0.4));
#6262 = VECTOR('',#6263,1.);
#6263 = DIRECTION('',(0.,-1.,2.2E-16));
#6264 = ORIENTED_EDGE('',*,*,#6265,.F.);
#6265 = EDGE_CURVE('',#6227,#6258,#6266,.T.);
#6266 = LINE('',#6267,#6268);
#6267 = CARTESIAN_POINT('',(-5.88,-2.2,-0.6));
#6268 = VECTOR('',#6269,1.);
#6269 = DIRECTION('',(0.,-2.2E-16,1.));
#6270 = PLANE('',#6271);
#6271 = AXIS2_PLACEMENT_3D('',#6272,#6273,#6274);
#6272 = CARTESIAN_POINT('',(-5.88,-2.2,-0.6));
#6273 = DIRECTION('',(-1.,0.,0.));
#6274 = DIRECTION('',(0.,2.2E-16,1.));
#6275 = ADVANCED_FACE('',(#6276),#6301,.T.);
#6276 = FACE_BOUND('',#6277,.T.);
#6277 = EDGE_LOOP('',(#6278,#6279,#6287,#6295));
#6278 = ORIENTED_EDGE('',*,*,#6257,.T.);
#6279 = ORIENTED_EDGE('',*,*,#6280,.T.);
#6280 = EDGE_CURVE('',#6250,#6281,#6283,.T.);
#6281 = VERTEX_POINT('',#6282);
#6282 = CARTESIAN_POINT('',(-5.68,-2.6,-0.4));
#6283 = LINE('',#6284,#6285);
#6284 = CARTESIAN_POINT('',(-5.88,-2.6,-0.4));
#6285 = VECTOR('',#6286,1.);
#6286 = DIRECTION('',(1.,0.,0.));
#6287 = ORIENTED_EDGE('',*,*,#6288,.F.);
#6288 = EDGE_CURVE('',#6289,#6281,#6291,.T.);
#6289 = VERTEX_POINT('',#6290);
#6290 = CARTESIAN_POINT('',(-5.68,-2.2,-0.4));
#6291 = LINE('',#6292,#6293);
#6292 = CARTESIAN_POINT('',(-5.68,-2.2,-0.4));
#6293 = VECTOR('',#6294,1.);
#6294 = DIRECTION('',(0.,-1.,2.2E-16));
#6295 = ORIENTED_EDGE('',*,*,#6296,.F.);
#6296 = EDGE_CURVE('',#6258,#6289,#6297,.T.);
#6297 = LINE('',#6298,#6299);
#6298 = CARTESIAN_POINT('',(-5.88,-2.2,-0.4));
#6299 = VECTOR('',#6300,1.);
#6300 = DIRECTION('',(1.,0.,0.));
#6301 = PLANE('',#6302);
#6302 = AXIS2_PLACEMENT_3D('',#6303,#6304,#6305);
#6303 = CARTESIAN_POINT('',(-5.88,-2.2,-0.4));
#6304 = DIRECTION('',(0.,2.2E-16,1.));
#6305 = DIRECTION('',(1.,0.,0.));
#6306 = ADVANCED_FACE('',(#6307),#6334,.F.);
#6307 = FACE_BOUND('',#6308,.T.);
#6308 = EDGE_LOOP('',(#6309,#6310,#6319,#6327));
#6309 = ORIENTED_EDGE('',*,*,#6288,.T.);
#6310 = ORIENTED_EDGE('',*,*,#6311,.T.);
#6311 = EDGE_CURVE('',#6281,#6312,#6314,.T.);
#6312 = VERTEX_POINT('',#6313);
#6313 = CARTESIAN_POINT('',(-5.482797340563,-2.6,-0.233333333333));
#6314 = CIRCLE('',#6315,0.2);
#6315 = AXIS2_PLACEMENT_3D('',#6316,#6317,#6318);
#6316 = CARTESIAN_POINT('',(-5.68,-2.6,-0.2));
#6317 = DIRECTION('',(0.,-1.,-2.2E-16));
#6318 = DIRECTION('',(1.,0.,0.));
#6319 = ORIENTED_EDGE('',*,*,#6320,.F.);
#6320 = EDGE_CURVE('',#6321,#6312,#6323,.T.);
#6321 = VERTEX_POINT('',#6322);
#6322 = CARTESIAN_POINT('',(-5.482797340563,-2.2,-0.233333333333));
#6323 = LINE('',#6324,#6325);
#6324 = CARTESIAN_POINT('',(-5.482797340563,-2.2,-0.233333333333));
#6325 = VECTOR('',#6326,1.);
#6326 = DIRECTION('',(0.,-1.,2.2E-16));
#6327 = ORIENTED_EDGE('',*,*,#6328,.F.);
#6328 = EDGE_CURVE('',#6289,#6321,#6329,.T.);
#6329 = CIRCLE('',#6330,0.2);
#6330 = AXIS2_PLACEMENT_3D('',#6331,#6332,#6333);
#6331 = CARTESIAN_POINT('',(-5.68,-2.2,-0.2));
#6332 = DIRECTION('',(0.,-1.,-2.2E-16));
#6333 = DIRECTION('',(1.,0.,0.));
#6334 = CYLINDRICAL_SURFACE('',#6335,0.2);
#6335 = AXIS2_PLACEMENT_3D('',#6336,#6337,#6338);
#6336 = CARTESIAN_POINT('',(-5.68,-2.2,-0.2));
#6337 = DIRECTION('',(0.,1.,-2.2E-16));
#6338 = DIRECTION('',(1.,0.,0.));
#6339 = ADVANCED_FACE('',(#6340),#6367,.T.);
#6340 = FACE_BOUND('',#6341,.F.);
#6341 = EDGE_LOOP('',(#6342,#6352,#6359,#6360));
#6342 = ORIENTED_EDGE('',*,*,#6343,.T.);
#6343 = EDGE_CURVE('',#6344,#6346,#6348,.T.);
#6344 = VERTEX_POINT('',#6345);
#6345 = CARTESIAN_POINT('',(-5.08839202169,-2.2,0.1));
#6346 = VERTEX_POINT('',#6347);
#6347 = CARTESIAN_POINT('',(-5.08839202169,-2.6,0.1));
#6348 = LINE('',#6349,#6350);
#6349 = CARTESIAN_POINT('',(-5.08839202169,-2.2,0.1));
#6350 = VECTOR('',#6351,1.);
#6351 = DIRECTION('',(0.,-1.,2.2E-16));
#6352 = ORIENTED_EDGE('',*,*,#6353,.T.);
#6353 = EDGE_CURVE('',#6346,#6312,#6354,.T.);
#6354 = CIRCLE('',#6355,0.4);
#6355 = AXIS2_PLACEMENT_3D('',#6356,#6357,#6358);
#6356 = CARTESIAN_POINT('',(-5.08839202169,-2.6,-0.3));
#6357 = DIRECTION('',(0.,-1.,-2.2E-16));
#6358 = DIRECTION('',(1.,0.,0.));
#6359 = ORIENTED_EDGE('',*,*,#6320,.F.);
#6360 = ORIENTED_EDGE('',*,*,#6361,.F.);
#6361 = EDGE_CURVE('',#6344,#6321,#6362,.T.);
#6362 = CIRCLE('',#6363,0.4);
#6363 = AXIS2_PLACEMENT_3D('',#6364,#6365,#6366);
#6364 = CARTESIAN_POINT('',(-5.08839202169,-2.2,-0.3));
#6365 = DIRECTION('',(0.,-1.,-2.2E-16));
#6366 = DIRECTION('',(1.,0.,0.));
#6367 = CYLINDRICAL_SURFACE('',#6368,0.4);
#6368 = AXIS2_PLACEMENT_3D('',#6369,#6370,#6371);
#6369 = CARTESIAN_POINT('',(-5.08839202169,-2.2,-0.3));
#6370 = DIRECTION('',(0.,1.,-2.2E-16));
#6371 = DIRECTION('',(1.,0.,0.));
#6372 = ADVANCED_FACE('',(#6373),#6398,.T.);
#6373 = FACE_BOUND('',#6374,.T.);
#6374 = EDGE_LOOP('',(#6375,#6376,#6384,#6392));
#6375 = ORIENTED_EDGE('',*,*,#6343,.T.);
#6376 = ORIENTED_EDGE('',*,*,#6377,.T.);
#6377 = EDGE_CURVE('',#6346,#6378,#6380,.T.);
#6378 = VERTEX_POINT('',#6379);
#6379 = CARTESIAN_POINT('',(5.08839202169,-2.6,1.E-01));
#6380 = LINE('',#6381,#6382);
#6381 = CARTESIAN_POINT('',(-5.08839202169,-2.6,0.1));
#6382 = VECTOR('',#6383,1.);
#6383 = DIRECTION('',(1.,0.,-1.2E-16));
#6384 = ORIENTED_EDGE('',*,*,#6385,.F.);
#6385 = EDGE_CURVE('',#6386,#6378,#6388,.T.);
#6386 = VERTEX_POINT('',#6387);
#6387 = CARTESIAN_POINT('',(5.08839202169,-2.2,1.E-01));
#6388 = LINE('',#6389,#6390);
#6389 = CARTESIAN_POINT('',(5.08839202169,-2.2,1.E-01));
#6390 = VECTOR('',#6391,1.);
#6391 = DIRECTION('',(0.,-1.,2.2E-16));
#6392 = ORIENTED_EDGE('',*,*,#6393,.F.);
#6393 = EDGE_CURVE('',#6344,#6386,#6394,.T.);
#6394 = LINE('',#6395,#6396);
#6395 = CARTESIAN_POINT('',(-5.08839202169,-2.2,0.1));
#6396 = VECTOR('',#6397,1.);
#6397 = DIRECTION('',(1.,0.,-1.2E-16));
#6398 = PLANE('',#6399);
#6399 = AXIS2_PLACEMENT_3D('',#6400,#6401,#6402);
#6400 = CARTESIAN_POINT('',(-5.08839202169,-2.2,0.1));
#6401 = DIRECTION('',(1.2E-16,2.2E-16,1.));
#6402 = DIRECTION('',(1.,0.,-1.2E-16));
#6403 = ADVANCED_FACE('',(#6404),#6431,.T.);
#6404 = FACE_BOUND('',#6405,.F.);
#6405 = EDGE_LOOP('',(#6406,#6416,#6423,#6424));
#6406 = ORIENTED_EDGE('',*,*,#6407,.T.);
#6407 = EDGE_CURVE('',#6408,#6410,#6412,.T.);
#6408 = VERTEX_POINT('',#6409);
#6409 = CARTESIAN_POINT('',(5.482797340563,-2.2,-0.233333333333));
#6410 = VERTEX_POINT('',#6411);
#6411 = CARTESIAN_POINT('',(5.482797340563,-2.6,-0.233333333333));
#6412 = LINE('',#6413,#6414);
#6413 = CARTESIAN_POINT('',(5.482797340563,-2.2,-0.233333333333));
#6414 = VECTOR('',#6415,1.);
#6415 = DIRECTION('',(0.,-1.,2.2E-16));
#6416 = ORIENTED_EDGE('',*,*,#6417,.T.);
#6417 = EDGE_CURVE('',#6410,#6378,#6418,.T.);
#6418 = CIRCLE('',#6419,0.4);
#6419 = AXIS2_PLACEMENT_3D('',#6420,#6421,#6422);
#6420 = CARTESIAN_POINT('',(5.08839202169,-2.6,-0.3));
#6421 = DIRECTION('',(0.,-1.,-2.2E-16));
#6422 = DIRECTION('',(1.,0.,0.));
#6423 = ORIENTED_EDGE('',*,*,#6385,.F.);
#6424 = ORIENTED_EDGE('',*,*,#6425,.F.);
#6425 = EDGE_CURVE('',#6408,#6386,#6426,.T.);
#6426 = CIRCLE('',#6427,0.4);
#6427 = AXIS2_PLACEMENT_3D('',#6428,#6429,#6430);
#6428 = CARTESIAN_POINT('',(5.08839202169,-2.2,-0.3));
#6429 = DIRECTION('',(0.,-1.,-2.2E-16));
#6430 = DIRECTION('',(1.,0.,0.));
#6431 = CYLINDRICAL_SURFACE('',#6432,0.4);
#6432 = AXIS2_PLACEMENT_3D('',#6433,#6434,#6435);
#6433 = CARTESIAN_POINT('',(5.08839202169,-2.2,-0.3));
#6434 = DIRECTION('',(0.,1.,-2.2E-16));
#6435 = DIRECTION('',(1.,0.,0.));
#6436 = ADVANCED_FACE('',(#6437),#6464,.F.);
#6437 = FACE_BOUND('',#6438,.T.);
#6438 = EDGE_LOOP('',(#6439,#6440,#6449,#6457));
#6439 = ORIENTED_EDGE('',*,*,#6407,.T.);
#6440 = ORIENTED_EDGE('',*,*,#6441,.T.);
#6441 = EDGE_CURVE('',#6410,#6442,#6444,.T.);
#6442 = VERTEX_POINT('',#6443);
#6443 = CARTESIAN_POINT('',(5.68,-2.6,-0.4));
#6444 = CIRCLE('',#6445,0.2);
#6445 = AXIS2_PLACEMENT_3D('',#6446,#6447,#6448);
#6446 = CARTESIAN_POINT('',(5.68,-2.6,-0.2));
#6447 = DIRECTION('',(0.,-1.,-2.2E-16));
#6448 = DIRECTION('',(1.,0.,0.));
#6449 = ORIENTED_EDGE('',*,*,#6450,.F.);
#6450 = EDGE_CURVE('',#6451,#6442,#6453,.T.);
#6451 = VERTEX_POINT('',#6452);
#6452 = CARTESIAN_POINT('',(5.68,-2.2,-0.4));
#6453 = LINE('',#6454,#6455);
#6454 = CARTESIAN_POINT('',(5.68,-2.2,-0.4));
#6455 = VECTOR('',#6456,1.);
#6456 = DIRECTION('',(0.,-1.,2.2E-16));
#6457 = ORIENTED_EDGE('',*,*,#6458,.F.);
#6458 = EDGE_CURVE('',#6408,#6451,#6459,.T.);
#6459 = CIRCLE('',#6460,0.2);
#6460 = AXIS2_PLACEMENT_3D('',#6461,#6462,#6463);
#6461 = CARTESIAN_POINT('',(5.68,-2.2,-0.2));
#6462 = DIRECTION('',(0.,-1.,-2.2E-16));
#6463 = DIRECTION('',(1.,0.,0.));
#6464 = CYLINDRICAL_SURFACE('',#6465,0.2);
#6465 = AXIS2_PLACEMENT_3D('',#6466,#6467,#6468);
#6466 = CARTESIAN_POINT('',(5.68,-2.2,-0.2));
#6467 = DIRECTION('',(0.,1.,-2.2E-16));
#6468 = DIRECTION('',(1.,0.,0.));
#6469 = ADVANCED_FACE('',(#6470),#6495,.T.);
#6470 = FACE_BOUND('',#6471,.T.);
#6471 = EDGE_LOOP('',(#6472,#6473,#6481,#6489));
#6472 = ORIENTED_EDGE('',*,*,#6450,.T.);
#6473 = ORIENTED_EDGE('',*,*,#6474,.T.);
#6474 = EDGE_CURVE('',#6442,#6475,#6477,.T.);
#6475 = VERTEX_POINT('',#6476);
#6476 = CARTESIAN_POINT('',(5.88,-2.6,-0.4));
#6477 = LINE('',#6478,#6479);
#6478 = CARTESIAN_POINT('',(5.68,-2.6,-0.4));
#6479 = VECTOR('',#6480,1.);
#6480 = DIRECTION('',(1.,0.,0.));
#6481 = ORIENTED_EDGE('',*,*,#6482,.F.);
#6482 = EDGE_CURVE('',#6483,#6475,#6485,.T.);
#6483 = VERTEX_POINT('',#6484);
#6484 = CARTESIAN_POINT('',(5.88,-2.2,-0.4));
#6485 = LINE('',#6486,#6487);
#6486 = CARTESIAN_POINT('',(5.88,-2.2,-0.4));
#6487 = VECTOR('',#6488,1.);
#6488 = DIRECTION('',(0.,-1.,2.2E-16));
#6489 = ORIENTED_EDGE('',*,*,#6490,.F.);
#6490 = EDGE_CURVE('',#6451,#6483,#6491,.T.);
#6491 = LINE('',#6492,#6493);
#6492 = CARTESIAN_POINT('',(5.68,-2.2,-0.4));
#6493 = VECTOR('',#6494,1.);
#6494 = DIRECTION('',(1.,0.,0.));
#6495 = PLANE('',#6496);
#6496 = AXIS2_PLACEMENT_3D('',#6497,#6498,#6499);
#6497 = CARTESIAN_POINT('',(5.68,-2.2,-0.4));
#6498 = DIRECTION('',(0.,2.2E-16,1.));
#6499 = DIRECTION('',(1.,0.,0.));
#6500 = ADVANCED_FACE('',(#6501),#6526,.T.);
#6501 = FACE_BOUND('',#6502,.T.);
#6502 = EDGE_LOOP('',(#6503,#6504,#6512,#6520));
#6503 = ORIENTED_EDGE('',*,*,#6482,.T.);
#6504 = ORIENTED_EDGE('',*,*,#6505,.T.);
#6505 = EDGE_CURVE('',#6475,#6506,#6508,.T.);
#6506 = VERTEX_POINT('',#6507);
#6507 = CARTESIAN_POINT('',(5.88,-2.6,-0.6));
#6508 = LINE('',#6509,#6510);
#6509 = CARTESIAN_POINT('',(5.88,-2.6,-0.4));
#6510 = VECTOR('',#6511,1.);
#6511 = DIRECTION('',(0.,2.2E-16,-1.));
#6512 = ORIENTED_EDGE('',*,*,#6513,.F.);
#6513 = EDGE_CURVE('',#6514,#6506,#6516,.T.);
#6514 = VERTEX_POINT('',#6515);
#6515 = CARTESIAN_POINT('',(5.88,-2.2,-0.6));
#6516 = LINE('',#6517,#6518);
#6517 = CARTESIAN_POINT('',(5.88,-2.2,-0.6));
#6518 = VECTOR('',#6519,1.);
#6519 = DIRECTION('',(0.,-1.,2.2E-16));
#6520 = ORIENTED_EDGE('',*,*,#6521,.F.);
#6521 = EDGE_CURVE('',#6483,#6514,#6522,.T.);
#6522 = LINE('',#6523,#6524);
#6523 = CARTESIAN_POINT('',(5.88,-2.2,-0.4));
#6524 = VECTOR('',#6525,1.);
#6525 = DIRECTION('',(0.,2.2E-16,-1.));
#6526 = PLANE('',#6527);
#6527 = AXIS2_PLACEMENT_3D('',#6528,#6529,#6530);
#6528 = CARTESIAN_POINT('',(5.88,-2.2,-0.4));
#6529 = DIRECTION('',(1.,0.,0.));
#6530 = DIRECTION('',(0.,-2.2E-16,-1.));
#6531 = ADVANCED_FACE('',(#6532),#6557,.T.);
#6532 = FACE_BOUND('',#6533,.T.);
#6533 = EDGE_LOOP('',(#6534,#6535,#6543,#6551));
#6534 = ORIENTED_EDGE('',*,*,#6513,.T.);
#6535 = ORIENTED_EDGE('',*,*,#6536,.T.);
#6536 = EDGE_CURVE('',#6506,#6537,#6539,.T.);
#6537 = VERTEX_POINT('',#6538);
#6538 = CARTESIAN_POINT('',(5.68,-2.6,-0.6));
#6539 = LINE('',#6540,#6541);
#6540 = CARTESIAN_POINT('',(5.88,-2.6,-0.6));
#6541 = VECTOR('',#6542,1.);
#6542 = DIRECTION('',(-1.,0.,0.));
#6543 = ORIENTED_EDGE('',*,*,#6544,.F.);
#6544 = EDGE_CURVE('',#6545,#6537,#6547,.T.);
#6545 = VERTEX_POINT('',#6546);
#6546 = CARTESIAN_POINT('',(5.68,-2.2,-0.6));
#6547 = LINE('',#6548,#6549);
#6548 = CARTESIAN_POINT('',(5.68,-2.2,-0.6));
#6549 = VECTOR('',#6550,1.);
#6550 = DIRECTION('',(0.,-1.,2.2E-16));
#6551 = ORIENTED_EDGE('',*,*,#6552,.F.);
#6552 = EDGE_CURVE('',#6514,#6545,#6553,.T.);
#6553 = LINE('',#6554,#6555);
#6554 = CARTESIAN_POINT('',(5.88,-2.2,-0.6));
#6555 = VECTOR('',#6556,1.);
#6556 = DIRECTION('',(-1.,0.,0.));
#6557 = PLANE('',#6558);
#6558 = AXIS2_PLACEMENT_3D('',#6559,#6560,#6561);
#6559 = CARTESIAN_POINT('',(5.88,-2.2,-0.6));
#6560 = DIRECTION('',(0.,-2.2E-16,-1.));
#6561 = DIRECTION('',(-1.,0.,0.));
#6562 = ADVANCED_FACE('',(#6563),#6590,.T.);
#6563 = FACE_BOUND('',#6564,.F.);
#6564 = EDGE_LOOP('',(#6565,#6575,#6582,#6583));
#6565 = ORIENTED_EDGE('',*,*,#6566,.T.);
#6566 = EDGE_CURVE('',#6567,#6569,#6571,.T.);
#6567 = VERTEX_POINT('',#6568);
#6568 = CARTESIAN_POINT('',(5.285594681127,-2.2,-0.266666666667));
#6569 = VERTEX_POINT('',#6570);
#6570 = CARTESIAN_POINT('',(5.285594681127,-2.6,-0.266666666667));
#6571 = LINE('',#6572,#6573);
#6572 = CARTESIAN_POINT('',(5.285594681127,-2.2,-0.266666666667));
#6573 = VECTOR('',#6574,1.);
#6574 = DIRECTION('',(0.,-1.,2.2E-16));
#6575 = ORIENTED_EDGE('',*,*,#6576,.T.);
#6576 = EDGE_CURVE('',#6569,#6537,#6577,.T.);
#6577 = CIRCLE('',#6578,0.4);
#6578 = AXIS2_PLACEMENT_3D('',#6579,#6580,#6581);
#6579 = CARTESIAN_POINT('',(5.68,-2.6,-0.2));
#6580 = DIRECTION('',(0.,-1.,-2.2E-16));
#6581 = DIRECTION('',(1.,0.,0.));
#6582 = ORIENTED_EDGE('',*,*,#6544,.F.);
#6583 = ORIENTED_EDGE('',*,*,#6584,.F.);
#6584 = EDGE_CURVE('',#6567,#6545,#6585,.T.);
#6585 = CIRCLE('',#6586,0.4);
#6586 = AXIS2_PLACEMENT_3D('',#6587,#6588,#6589);
#6587 = CARTESIAN_POINT('',(5.68,-2.2,-0.2));
#6588 = DIRECTION('',(0.,-1.,-2.2E-16));
#6589 = DIRECTION('',(1.,0.,0.));
#6590 = CYLINDRICAL_SURFACE('',#6591,0.4);
#6591 = AXIS2_PLACEMENT_3D('',#6592,#6593,#6594);
#6592 = CARTESIAN_POINT('',(5.68,-2.2,-0.2));
#6593 = DIRECTION('',(0.,1.,-2.2E-16));
#6594 = DIRECTION('',(1.,0.,0.));
#6595 = ADVANCED_FACE('',(#6596),#6623,.F.);
#6596 = FACE_BOUND('',#6597,.T.);
#6597 = EDGE_LOOP('',(#6598,#6599,#6608,#6616));
#6598 = ORIENTED_EDGE('',*,*,#6566,.T.);
#6599 = ORIENTED_EDGE('',*,*,#6600,.T.);
#6600 = EDGE_CURVE('',#6569,#6601,#6603,.T.);
#6601 = VERTEX_POINT('',#6602);
#6602 = CARTESIAN_POINT('',(5.08839202169,-2.6,-0.1));
#6603 = CIRCLE('',#6604,0.2);
#6604 = AXIS2_PLACEMENT_3D('',#6605,#6606,#6607);
#6605 = CARTESIAN_POINT('',(5.08839202169,-2.6,-0.3));
#6606 = DIRECTION('',(0.,-1.,-2.2E-16));
#6607 = DIRECTION('',(1.,0.,0.));
#6608 = ORIENTED_EDGE('',*,*,#6609,.F.);
#6609 = EDGE_CURVE('',#6610,#6601,#6612,.T.);
#6610 = VERTEX_POINT('',#6611);
#6611 = CARTESIAN_POINT('',(5.08839202169,-2.2,-0.1));
#6612 = LINE('',#6613,#6614);
#6613 = CARTESIAN_POINT('',(5.08839202169,-2.2,-0.1));
#6614 = VECTOR('',#6615,1.);
#6615 = DIRECTION('',(0.,-1.,2.2E-16));
#6616 = ORIENTED_EDGE('',*,*,#6617,.F.);
#6617 = EDGE_CURVE('',#6567,#6610,#6618,.T.);
#6618 = CIRCLE('',#6619,0.2);
#6619 = AXIS2_PLACEMENT_3D('',#6620,#6621,#6622);
#6620 = CARTESIAN_POINT('',(5.08839202169,-2.2,-0.3));
#6621 = DIRECTION('',(0.,-1.,-2.2E-16));
#6622 = DIRECTION('',(1.,0.,0.));
#6623 = CYLINDRICAL_SURFACE('',#6624,0.2);
#6624 = AXIS2_PLACEMENT_3D('',#6625,#6626,#6627);
#6625 = CARTESIAN_POINT('',(5.08839202169,-2.2,-0.3));
#6626 = DIRECTION('',(0.,1.,-2.2E-16));
#6627 = DIRECTION('',(1.,0.,0.));
#6628 = ADVANCED_FACE('',(#6629),#6645,.F.);
#6629 = FACE_BOUND('',#6630,.F.);
#6630 = EDGE_LOOP('',(#6631,#6632,#6638,#6639));
#6631 = ORIENTED_EDGE('',*,*,#6142,.T.);
#6632 = ORIENTED_EDGE('',*,*,#6633,.T.);
#6633 = EDGE_CURVE('',#6145,#6601,#6634,.T.);
#6634 = LINE('',#6635,#6636);
#6635 = CARTESIAN_POINT('',(-5.08839202169,-2.6,-0.1));
#6636 = VECTOR('',#6637,1.);
#6637 = DIRECTION('',(1.,0.,-1.3E-16));
#6638 = ORIENTED_EDGE('',*,*,#6609,.F.);
#6639 = ORIENTED_EDGE('',*,*,#6640,.F.);
#6640 = EDGE_CURVE('',#6143,#6610,#6641,.T.);
#6641 = LINE('',#6642,#6643);
#6642 = CARTESIAN_POINT('',(-5.08839202169,-2.2,-0.1));
#6643 = VECTOR('',#6644,1.);
#6644 = DIRECTION('',(1.,0.,-1.3E-16));
#6645 = PLANE('',#6646);
#6646 = AXIS2_PLACEMENT_3D('',#6647,#6648,#6649);
#6647 = CARTESIAN_POINT('',(-5.08839202169,-2.2,-0.1));
#6648 = DIRECTION('',(1.3E-16,2.2E-16,1.));
#6649 = DIRECTION('',(1.,0.,-1.3E-16));
#6650 = ADVANCED_FACE('',(#6651),#6669,.T.);
#6651 = FACE_BOUND('',#6652,.T.);
#6652 = EDGE_LOOP('',(#6653,#6654,#6655,#6656,#6657,#6658,#6659,#6660,
    #6661,#6662,#6663,#6664,#6665,#6666,#6667,#6668));
#6653 = ORIENTED_EDGE('',*,*,#6169,.T.);
#6654 = ORIENTED_EDGE('',*,*,#6202,.F.);
#6655 = ORIENTED_EDGE('',*,*,#6234,.T.);
#6656 = ORIENTED_EDGE('',*,*,#6265,.T.);
#6657 = ORIENTED_EDGE('',*,*,#6296,.T.);
#6658 = ORIENTED_EDGE('',*,*,#6328,.T.);
#6659 = ORIENTED_EDGE('',*,*,#6361,.F.);
#6660 = ORIENTED_EDGE('',*,*,#6393,.T.);
#6661 = ORIENTED_EDGE('',*,*,#6425,.F.);
#6662 = ORIENTED_EDGE('',*,*,#6458,.T.);
#6663 = ORIENTED_EDGE('',*,*,#6490,.T.);
#6664 = ORIENTED_EDGE('',*,*,#6521,.T.);
#6665 = ORIENTED_EDGE('',*,*,#6552,.T.);
#6666 = ORIENTED_EDGE('',*,*,#6584,.F.);
#6667 = ORIENTED_EDGE('',*,*,#6617,.T.);
#6668 = ORIENTED_EDGE('',*,*,#6640,.F.);
#6669 = PLANE('',#6670);
#6670 = AXIS2_PLACEMENT_3D('',#6671,#6672,#6673);
#6671 = CARTESIAN_POINT('',(-2.9E-16,-2.2,-5.76254089512E-02));
#6672 = DIRECTION('',(0.,1.,2.2E-16));
#6673 = DIRECTION('',(0.,-2.2E-16,1.));
#6674 = ADVANCED_FACE('',(#6675),#6693,.F.);
#6675 = FACE_BOUND('',#6676,.F.);
#6676 = EDGE_LOOP('',(#6677,#6678,#6679,#6680,#6681,#6682,#6683,#6684,
    #6685,#6686,#6687,#6688,#6689,#6690,#6691,#6692));
#6677 = ORIENTED_EDGE('',*,*,#6152,.T.);
#6678 = ORIENTED_EDGE('',*,*,#6194,.F.);
#6679 = ORIENTED_EDGE('',*,*,#6218,.T.);
#6680 = ORIENTED_EDGE('',*,*,#6249,.T.);
#6681 = ORIENTED_EDGE('',*,*,#6280,.T.);
#6682 = ORIENTED_EDGE('',*,*,#6311,.T.);
#6683 = ORIENTED_EDGE('',*,*,#6353,.F.);
#6684 = ORIENTED_EDGE('',*,*,#6377,.T.);
#6685 = ORIENTED_EDGE('',*,*,#6417,.F.);
#6686 = ORIENTED_EDGE('',*,*,#6441,.T.);
#6687 = ORIENTED_EDGE('',*,*,#6474,.T.);
#6688 = ORIENTED_EDGE('',*,*,#6505,.T.);
#6689 = ORIENTED_EDGE('',*,*,#6536,.T.);
#6690 = ORIENTED_EDGE('',*,*,#6576,.F.);
#6691 = ORIENTED_EDGE('',*,*,#6600,.T.);
#6692 = ORIENTED_EDGE('',*,*,#6633,.F.);
#6693 = PLANE('',#6694);
#6694 = AXIS2_PLACEMENT_3D('',#6695,#6696,#6697);
#6695 = CARTESIAN_POINT('',(-2.9E-16,-2.6,-5.76254089512E-02));
#6696 = DIRECTION('',(0.,1.,2.2E-16));
#6697 = DIRECTION('',(0.,-2.2E-16,1.));
#6698 = MANIFOLD_SOLID_BREP('',#6699);
#6699 = CLOSED_SHELL('',(#6700,#6742,#6775,#6806,#6837,#6868,#6901,#6934
    ,#6965,#6998,#7031,#7062,#7093,#7124,#7157,#7190,#7212,#7236));
#6700 = ADVANCED_FACE('',(#6701),#6737,.F.);
#6701 = FACE_BOUND('',#6702,.T.);
#6702 = EDGE_LOOP('',(#6703,#6713,#6722,#6730));
#6703 = ORIENTED_EDGE('',*,*,#6704,.T.);
#6704 = EDGE_CURVE('',#6705,#6707,#6709,.T.);
#6705 = VERTEX_POINT('',#6706);
#6706 = CARTESIAN_POINT('',(-5.08839202169,-1.4,-0.1));
#6707 = VERTEX_POINT('',#6708);
#6708 = CARTESIAN_POINT('',(-5.08839202169,-1.8,-0.1));
#6709 = LINE('',#6710,#6711);
#6710 = CARTESIAN_POINT('',(-5.08839202169,-1.4,-0.1));
#6711 = VECTOR('',#6712,1.);
#6712 = DIRECTION('',(0.,-1.,2.2E-16));
#6713 = ORIENTED_EDGE('',*,*,#6714,.T.);
#6714 = EDGE_CURVE('',#6707,#6715,#6717,.T.);
#6715 = VERTEX_POINT('',#6716);
#6716 = CARTESIAN_POINT('',(-5.285594681127,-1.8,-0.266666666667));
#6717 = CIRCLE('',#6718,0.2);
#6718 = AXIS2_PLACEMENT_3D('',#6719,#6720,#6721);
#6719 = CARTESIAN_POINT('',(-5.08839202169,-1.8,-0.3));
#6720 = DIRECTION('',(0.,-1.,-2.2E-16));
#6721 = DIRECTION('',(1.,0.,0.));
#6722 = ORIENTED_EDGE('',*,*,#6723,.F.);
#6723 = EDGE_CURVE('',#6724,#6715,#6726,.T.);
#6724 = VERTEX_POINT('',#6725);
#6725 = CARTESIAN_POINT('',(-5.285594681127,-1.4,-0.266666666667));
#6726 = LINE('',#6727,#6728);
#6727 = CARTESIAN_POINT('',(-5.285594681127,-1.4,-0.266666666667));
#6728 = VECTOR('',#6729,1.);
#6729 = DIRECTION('',(0.,-1.,2.2E-16));
#6730 = ORIENTED_EDGE('',*,*,#6731,.F.);
#6731 = EDGE_CURVE('',#6705,#6724,#6732,.T.);
#6732 = CIRCLE('',#6733,0.2);
#6733 = AXIS2_PLACEMENT_3D('',#6734,#6735,#6736);
#6734 = CARTESIAN_POINT('',(-5.08839202169,-1.4,-0.3));
#6735 = DIRECTION('',(0.,-1.,-2.2E-16));
#6736 = DIRECTION('',(1.,0.,0.));
#6737 = CYLINDRICAL_SURFACE('',#6738,0.2);
#6738 = AXIS2_PLACEMENT_3D('',#6739,#6740,#6741);
#6739 = CARTESIAN_POINT('',(-5.08839202169,-1.4,-0.3));
#6740 = DIRECTION('',(0.,1.,-2.2E-16));
#6741 = DIRECTION('',(1.,0.,0.));
#6742 = ADVANCED_FACE('',(#6743),#6770,.T.);
#6743 = FACE_BOUND('',#6744,.F.);
#6744 = EDGE_LOOP('',(#6745,#6755,#6762,#6763));
#6745 = ORIENTED_EDGE('',*,*,#6746,.T.);
#6746 = EDGE_CURVE('',#6747,#6749,#6751,.T.);
#6747 = VERTEX_POINT('',#6748);
#6748 = CARTESIAN_POINT('',(-5.68,-1.4,-0.6));
#6749 = VERTEX_POINT('',#6750);
#6750 = CARTESIAN_POINT('',(-5.68,-1.8,-0.6));
#6751 = LINE('',#6752,#6753);
#6752 = CARTESIAN_POINT('',(-5.68,-1.4,-0.6));
#6753 = VECTOR('',#6754,1.);
#6754 = DIRECTION('',(0.,-1.,2.2E-16));
#6755 = ORIENTED_EDGE('',*,*,#6756,.T.);
#6756 = EDGE_CURVE('',#6749,#6715,#6757,.T.);
#6757 = CIRCLE('',#6758,0.4);
#6758 = AXIS2_PLACEMENT_3D('',#6759,#6760,#6761);
#6759 = CARTESIAN_POINT('',(-5.68,-1.8,-0.2));
#6760 = DIRECTION('',(0.,-1.,-2.2E-16));
#6761 = DIRECTION('',(1.,0.,0.));
#6762 = ORIENTED_EDGE('',*,*,#6723,.F.);
#6763 = ORIENTED_EDGE('',*,*,#6764,.F.);
#6764 = EDGE_CURVE('',#6747,#6724,#6765,.T.);
#6765 = CIRCLE('',#6766,0.4);
#6766 = AXIS2_PLACEMENT_3D('',#6767,#6768,#6769);
#6767 = CARTESIAN_POINT('',(-5.68,-1.4,-0.2));
#6768 = DIRECTION('',(0.,-1.,-2.2E-16));
#6769 = DIRECTION('',(1.,0.,0.));
#6770 = CYLINDRICAL_SURFACE('',#6771,0.4);
#6771 = AXIS2_PLACEMENT_3D('',#6772,#6773,#6774);
#6772 = CARTESIAN_POINT('',(-5.68,-1.4,-0.2));
#6773 = DIRECTION('',(0.,1.,-2.2E-16));
#6774 = DIRECTION('',(1.,0.,0.));
#6775 = ADVANCED_FACE('',(#6776),#6801,.T.);
#6776 = FACE_BOUND('',#6777,.T.);
#6777 = EDGE_LOOP('',(#6778,#6779,#6787,#6795));
#6778 = ORIENTED_EDGE('',*,*,#6746,.T.);
#6779 = ORIENTED_EDGE('',*,*,#6780,.T.);
#6780 = EDGE_CURVE('',#6749,#6781,#6783,.T.);
#6781 = VERTEX_POINT('',#6782);
#6782 = CARTESIAN_POINT('',(-5.88,-1.8,-0.6));
#6783 = LINE('',#6784,#6785);
#6784 = CARTESIAN_POINT('',(-5.68,-1.8,-0.6));
#6785 = VECTOR('',#6786,1.);
#6786 = DIRECTION('',(-1.,0.,0.));
#6787 = ORIENTED_EDGE('',*,*,#6788,.F.);
#6788 = EDGE_CURVE('',#6789,#6781,#6791,.T.);
#6789 = VERTEX_POINT('',#6790);
#6790 = CARTESIAN_POINT('',(-5.88,-1.4,-0.6));
#6791 = LINE('',#6792,#6793);
#6792 = CARTESIAN_POINT('',(-5.88,-1.4,-0.6));
#6793 = VECTOR('',#6794,1.);
#6794 = DIRECTION('',(0.,-1.,2.2E-16));
#6795 = ORIENTED_EDGE('',*,*,#6796,.F.);
#6796 = EDGE_CURVE('',#6747,#6789,#6797,.T.);
#6797 = LINE('',#6798,#6799);
#6798 = CARTESIAN_POINT('',(-5.68,-1.4,-0.6));
#6799 = VECTOR('',#6800,1.);
#6800 = DIRECTION('',(-1.,0.,0.));
#6801 = PLANE('',#6802);
#6802 = AXIS2_PLACEMENT_3D('',#6803,#6804,#6805);
#6803 = CARTESIAN_POINT('',(-5.68,-1.4,-0.6));
#6804 = DIRECTION('',(0.,-2.2E-16,-1.));
#6805 = DIRECTION('',(-1.,0.,0.));
#6806 = ADVANCED_FACE('',(#6807),#6832,.T.);
#6807 = FACE_BOUND('',#6808,.T.);
#6808 = EDGE_LOOP('',(#6809,#6810,#6818,#6826));
#6809 = ORIENTED_EDGE('',*,*,#6788,.T.);
#6810 = ORIENTED_EDGE('',*,*,#6811,.T.);
#6811 = EDGE_CURVE('',#6781,#6812,#6814,.T.);
#6812 = VERTEX_POINT('',#6813);
#6813 = CARTESIAN_POINT('',(-5.88,-1.8,-0.4));
#6814 = LINE('',#6815,#6816);
#6815 = CARTESIAN_POINT('',(-5.88,-1.8,-0.6));
#6816 = VECTOR('',#6817,1.);
#6817 = DIRECTION('',(0.,-2.2E-16,1.));
#6818 = ORIENTED_EDGE('',*,*,#6819,.F.);
#6819 = EDGE_CURVE('',#6820,#6812,#6822,.T.);
#6820 = VERTEX_POINT('',#6821);
#6821 = CARTESIAN_POINT('',(-5.88,-1.4,-0.4));
#6822 = LINE('',#6823,#6824);
#6823 = CARTESIAN_POINT('',(-5.88,-1.4,-0.4));
#6824 = VECTOR('',#6825,1.);
#6825 = DIRECTION('',(0.,-1.,2.2E-16));
#6826 = ORIENTED_EDGE('',*,*,#6827,.F.);
#6827 = EDGE_CURVE('',#6789,#6820,#6828,.T.);
#6828 = LINE('',#6829,#6830);
#6829 = CARTESIAN_POINT('',(-5.88,-1.4,-0.6));
#6830 = VECTOR('',#6831,1.);
#6831 = DIRECTION('',(0.,-2.2E-16,1.));
#6832 = PLANE('',#6833);
#6833 = AXIS2_PLACEMENT_3D('',#6834,#6835,#6836);
#6834 = CARTESIAN_POINT('',(-5.88,-1.4,-0.6));
#6835 = DIRECTION('',(-1.,0.,0.));
#6836 = DIRECTION('',(0.,2.2E-16,1.));
#6837 = ADVANCED_FACE('',(#6838),#6863,.T.);
#6838 = FACE_BOUND('',#6839,.T.);
#6839 = EDGE_LOOP('',(#6840,#6841,#6849,#6857));
#6840 = ORIENTED_EDGE('',*,*,#6819,.T.);
#6841 = ORIENTED_EDGE('',*,*,#6842,.T.);
#6842 = EDGE_CURVE('',#6812,#6843,#6845,.T.);
#6843 = VERTEX_POINT('',#6844);
#6844 = CARTESIAN_POINT('',(-5.68,-1.8,-0.4));
#6845 = LINE('',#6846,#6847);
#6846 = CARTESIAN_POINT('',(-5.88,-1.8,-0.4));
#6847 = VECTOR('',#6848,1.);
#6848 = DIRECTION('',(1.,0.,0.));
#6849 = ORIENTED_EDGE('',*,*,#6850,.F.);
#6850 = EDGE_CURVE('',#6851,#6843,#6853,.T.);
#6851 = VERTEX_POINT('',#6852);
#6852 = CARTESIAN_POINT('',(-5.68,-1.4,-0.4));
#6853 = LINE('',#6854,#6855);
#6854 = CARTESIAN_POINT('',(-5.68,-1.4,-0.4));
#6855 = VECTOR('',#6856,1.);
#6856 = DIRECTION('',(0.,-1.,2.2E-16));
#6857 = ORIENTED_EDGE('',*,*,#6858,.F.);
#6858 = EDGE_CURVE('',#6820,#6851,#6859,.T.);
#6859 = LINE('',#6860,#6861);
#6860 = CARTESIAN_POINT('',(-5.88,-1.4,-0.4));
#6861 = VECTOR('',#6862,1.);
#6862 = DIRECTION('',(1.,0.,0.));
#6863 = PLANE('',#6864);
#6864 = AXIS2_PLACEMENT_3D('',#6865,#6866,#6867);
#6865 = CARTESIAN_POINT('',(-5.88,-1.4,-0.4));
#6866 = DIRECTION('',(0.,2.2E-16,1.));
#6867 = DIRECTION('',(1.,0.,0.));
#6868 = ADVANCED_FACE('',(#6869),#6896,.F.);
#6869 = FACE_BOUND('',#6870,.T.);
#6870 = EDGE_LOOP('',(#6871,#6872,#6881,#6889));
#6871 = ORIENTED_EDGE('',*,*,#6850,.T.);
#6872 = ORIENTED_EDGE('',*,*,#6873,.T.);
#6873 = EDGE_CURVE('',#6843,#6874,#6876,.T.);
#6874 = VERTEX_POINT('',#6875);
#6875 = CARTESIAN_POINT('',(-5.482797340563,-1.8,-0.233333333333));
#6876 = CIRCLE('',#6877,0.2);
#6877 = AXIS2_PLACEMENT_3D('',#6878,#6879,#6880);
#6878 = CARTESIAN_POINT('',(-5.68,-1.8,-0.2));
#6879 = DIRECTION('',(0.,-1.,-2.2E-16));
#6880 = DIRECTION('',(1.,0.,0.));
#6881 = ORIENTED_EDGE('',*,*,#6882,.F.);
#6882 = EDGE_CURVE('',#6883,#6874,#6885,.T.);
#6883 = VERTEX_POINT('',#6884);
#6884 = CARTESIAN_POINT('',(-5.482797340563,-1.4,-0.233333333333));
#6885 = LINE('',#6886,#6887);
#6886 = CARTESIAN_POINT('',(-5.482797340563,-1.4,-0.233333333333));
#6887 = VECTOR('',#6888,1.);
#6888 = DIRECTION('',(0.,-1.,2.2E-16));
#6889 = ORIENTED_EDGE('',*,*,#6890,.F.);
#6890 = EDGE_CURVE('',#6851,#6883,#6891,.T.);
#6891 = CIRCLE('',#6892,0.2);
#6892 = AXIS2_PLACEMENT_3D('',#6893,#6894,#6895);
#6893 = CARTESIAN_POINT('',(-5.68,-1.4,-0.2));
#6894 = DIRECTION('',(0.,-1.,-2.2E-16));
#6895 = DIRECTION('',(1.,0.,0.));
#6896 = CYLINDRICAL_SURFACE('',#6897,0.2);
#6897 = AXIS2_PLACEMENT_3D('',#6898,#6899,#6900);
#6898 = CARTESIAN_POINT('',(-5.68,-1.4,-0.2));
#6899 = DIRECTION('',(0.,1.,-2.2E-16));
#6900 = DIRECTION('',(1.,0.,0.));
#6901 = ADVANCED_FACE('',(#6902),#6929,.T.);
#6902 = FACE_BOUND('',#6903,.F.);
#6903 = EDGE_LOOP('',(#6904,#6914,#6921,#6922));
#6904 = ORIENTED_EDGE('',*,*,#6905,.T.);
#6905 = EDGE_CURVE('',#6906,#6908,#6910,.T.);
#6906 = VERTEX_POINT('',#6907);
#6907 = CARTESIAN_POINT('',(-5.08839202169,-1.4,0.1));
#6908 = VERTEX_POINT('',#6909);
#6909 = CARTESIAN_POINT('',(-5.08839202169,-1.8,0.1));
#6910 = LINE('',#6911,#6912);
#6911 = CARTESIAN_POINT('',(-5.08839202169,-1.4,0.1));
#6912 = VECTOR('',#6913,1.);
#6913 = DIRECTION('',(0.,-1.,2.2E-16));
#6914 = ORIENTED_EDGE('',*,*,#6915,.T.);
#6915 = EDGE_CURVE('',#6908,#6874,#6916,.T.);
#6916 = CIRCLE('',#6917,0.4);
#6917 = AXIS2_PLACEMENT_3D('',#6918,#6919,#6920);
#6918 = CARTESIAN_POINT('',(-5.08839202169,-1.8,-0.3));
#6919 = DIRECTION('',(0.,-1.,-2.2E-16));
#6920 = DIRECTION('',(1.,0.,0.));
#6921 = ORIENTED_EDGE('',*,*,#6882,.F.);
#6922 = ORIENTED_EDGE('',*,*,#6923,.F.);
#6923 = EDGE_CURVE('',#6906,#6883,#6924,.T.);
#6924 = CIRCLE('',#6925,0.4);
#6925 = AXIS2_PLACEMENT_3D('',#6926,#6927,#6928);
#6926 = CARTESIAN_POINT('',(-5.08839202169,-1.4,-0.3));
#6927 = DIRECTION('',(0.,-1.,-2.2E-16));
#6928 = DIRECTION('',(1.,0.,0.));
#6929 = CYLINDRICAL_SURFACE('',#6930,0.4);
#6930 = AXIS2_PLACEMENT_3D('',#6931,#6932,#6933);
#6931 = CARTESIAN_POINT('',(-5.08839202169,-1.4,-0.3));
#6932 = DIRECTION('',(0.,1.,-2.2E-16));
#6933 = DIRECTION('',(1.,0.,0.));
#6934 = ADVANCED_FACE('',(#6935),#6960,.T.);
#6935 = FACE_BOUND('',#6936,.T.);
#6936 = EDGE_LOOP('',(#6937,#6938,#6946,#6954));
#6937 = ORIENTED_EDGE('',*,*,#6905,.T.);
#6938 = ORIENTED_EDGE('',*,*,#6939,.T.);
#6939 = EDGE_CURVE('',#6908,#6940,#6942,.T.);
#6940 = VERTEX_POINT('',#6941);
#6941 = CARTESIAN_POINT('',(5.08839202169,-1.8,1.E-01));
#6942 = LINE('',#6943,#6944);
#6943 = CARTESIAN_POINT('',(-5.08839202169,-1.8,0.1));
#6944 = VECTOR('',#6945,1.);
#6945 = DIRECTION('',(1.,0.,-1.2E-16));
#6946 = ORIENTED_EDGE('',*,*,#6947,.F.);
#6947 = EDGE_CURVE('',#6948,#6940,#6950,.T.);
#6948 = VERTEX_POINT('',#6949);
#6949 = CARTESIAN_POINT('',(5.08839202169,-1.4,1.E-01));
#6950 = LINE('',#6951,#6952);
#6951 = CARTESIAN_POINT('',(5.08839202169,-1.4,1.E-01));
#6952 = VECTOR('',#6953,1.);
#6953 = DIRECTION('',(0.,-1.,2.2E-16));
#6954 = ORIENTED_EDGE('',*,*,#6955,.F.);
#6955 = EDGE_CURVE('',#6906,#6948,#6956,.T.);
#6956 = LINE('',#6957,#6958);
#6957 = CARTESIAN_POINT('',(-5.08839202169,-1.4,0.1));
#6958 = VECTOR('',#6959,1.);
#6959 = DIRECTION('',(1.,0.,-1.2E-16));
#6960 = PLANE('',#6961);
#6961 = AXIS2_PLACEMENT_3D('',#6962,#6963,#6964);
#6962 = CARTESIAN_POINT('',(-5.08839202169,-1.4,0.1));
#6963 = DIRECTION('',(1.2E-16,2.2E-16,1.));
#6964 = DIRECTION('',(1.,0.,-1.2E-16));
#6965 = ADVANCED_FACE('',(#6966),#6993,.T.);
#6966 = FACE_BOUND('',#6967,.F.);
#6967 = EDGE_LOOP('',(#6968,#6978,#6985,#6986));
#6968 = ORIENTED_EDGE('',*,*,#6969,.T.);
#6969 = EDGE_CURVE('',#6970,#6972,#6974,.T.);
#6970 = VERTEX_POINT('',#6971);
#6971 = CARTESIAN_POINT('',(5.482797340563,-1.4,-0.233333333333));
#6972 = VERTEX_POINT('',#6973);
#6973 = CARTESIAN_POINT('',(5.482797340563,-1.8,-0.233333333333));
#6974 = LINE('',#6975,#6976);
#6975 = CARTESIAN_POINT('',(5.482797340563,-1.4,-0.233333333333));
#6976 = VECTOR('',#6977,1.);
#6977 = DIRECTION('',(0.,-1.,2.2E-16));
#6978 = ORIENTED_EDGE('',*,*,#6979,.T.);
#6979 = EDGE_CURVE('',#6972,#6940,#6980,.T.);
#6980 = CIRCLE('',#6981,0.4);
#6981 = AXIS2_PLACEMENT_3D('',#6982,#6983,#6984);
#6982 = CARTESIAN_POINT('',(5.08839202169,-1.8,-0.3));
#6983 = DIRECTION('',(0.,-1.,-2.2E-16));
#6984 = DIRECTION('',(1.,0.,0.));
#6985 = ORIENTED_EDGE('',*,*,#6947,.F.);
#6986 = ORIENTED_EDGE('',*,*,#6987,.F.);
#6987 = EDGE_CURVE('',#6970,#6948,#6988,.T.);
#6988 = CIRCLE('',#6989,0.4);
#6989 = AXIS2_PLACEMENT_3D('',#6990,#6991,#6992);
#6990 = CARTESIAN_POINT('',(5.08839202169,-1.4,-0.3));
#6991 = DIRECTION('',(0.,-1.,-2.2E-16));
#6992 = DIRECTION('',(1.,0.,0.));
#6993 = CYLINDRICAL_SURFACE('',#6994,0.4);
#6994 = AXIS2_PLACEMENT_3D('',#6995,#6996,#6997);
#6995 = CARTESIAN_POINT('',(5.08839202169,-1.4,-0.3));
#6996 = DIRECTION('',(0.,1.,-2.2E-16));
#6997 = DIRECTION('',(1.,0.,0.));
#6998 = ADVANCED_FACE('',(#6999),#7026,.F.);
#6999 = FACE_BOUND('',#7000,.T.);
#7000 = EDGE_LOOP('',(#7001,#7002,#7011,#7019));
#7001 = ORIENTED_EDGE('',*,*,#6969,.T.);
#7002 = ORIENTED_EDGE('',*,*,#7003,.T.);
#7003 = EDGE_CURVE('',#6972,#7004,#7006,.T.);
#7004 = VERTEX_POINT('',#7005);
#7005 = CARTESIAN_POINT('',(5.68,-1.8,-0.4));
#7006 = CIRCLE('',#7007,0.2);
#7007 = AXIS2_PLACEMENT_3D('',#7008,#7009,#7010);
#7008 = CARTESIAN_POINT('',(5.68,-1.8,-0.2));
#7009 = DIRECTION('',(0.,-1.,-2.2E-16));
#7010 = DIRECTION('',(1.,0.,0.));
#7011 = ORIENTED_EDGE('',*,*,#7012,.F.);
#7012 = EDGE_CURVE('',#7013,#7004,#7015,.T.);
#7013 = VERTEX_POINT('',#7014);
#7014 = CARTESIAN_POINT('',(5.68,-1.4,-0.4));
#7015 = LINE('',#7016,#7017);
#7016 = CARTESIAN_POINT('',(5.68,-1.4,-0.4));
#7017 = VECTOR('',#7018,1.);
#7018 = DIRECTION('',(0.,-1.,2.2E-16));
#7019 = ORIENTED_EDGE('',*,*,#7020,.F.);
#7020 = EDGE_CURVE('',#6970,#7013,#7021,.T.);
#7021 = CIRCLE('',#7022,0.2);
#7022 = AXIS2_PLACEMENT_3D('',#7023,#7024,#7025);
#7023 = CARTESIAN_POINT('',(5.68,-1.4,-0.2));
#7024 = DIRECTION('',(0.,-1.,-2.2E-16));
#7025 = DIRECTION('',(1.,0.,0.));
#7026 = CYLINDRICAL_SURFACE('',#7027,0.2);
#7027 = AXIS2_PLACEMENT_3D('',#7028,#7029,#7030);
#7028 = CARTESIAN_POINT('',(5.68,-1.4,-0.2));
#7029 = DIRECTION('',(0.,1.,-2.2E-16));
#7030 = DIRECTION('',(1.,0.,0.));
#7031 = ADVANCED_FACE('',(#7032),#7057,.T.);
#7032 = FACE_BOUND('',#7033,.T.);
#7033 = EDGE_LOOP('',(#7034,#7035,#7043,#7051));
#7034 = ORIENTED_EDGE('',*,*,#7012,.T.);
#7035 = ORIENTED_EDGE('',*,*,#7036,.T.);
#7036 = EDGE_CURVE('',#7004,#7037,#7039,.T.);
#7037 = VERTEX_POINT('',#7038);
#7038 = CARTESIAN_POINT('',(5.88,-1.8,-0.4));
#7039 = LINE('',#7040,#7041);
#7040 = CARTESIAN_POINT('',(5.68,-1.8,-0.4));
#7041 = VECTOR('',#7042,1.);
#7042 = DIRECTION('',(1.,0.,0.));
#7043 = ORIENTED_EDGE('',*,*,#7044,.F.);
#7044 = EDGE_CURVE('',#7045,#7037,#7047,.T.);
#7045 = VERTEX_POINT('',#7046);
#7046 = CARTESIAN_POINT('',(5.88,-1.4,-0.4));
#7047 = LINE('',#7048,#7049);
#7048 = CARTESIAN_POINT('',(5.88,-1.4,-0.4));
#7049 = VECTOR('',#7050,1.);
#7050 = DIRECTION('',(0.,-1.,2.2E-16));
#7051 = ORIENTED_EDGE('',*,*,#7052,.F.);
#7052 = EDGE_CURVE('',#7013,#7045,#7053,.T.);
#7053 = LINE('',#7054,#7055);
#7054 = CARTESIAN_POINT('',(5.68,-1.4,-0.4));
#7055 = VECTOR('',#7056,1.);
#7056 = DIRECTION('',(1.,0.,0.));
#7057 = PLANE('',#7058);
#7058 = AXIS2_PLACEMENT_3D('',#7059,#7060,#7061);
#7059 = CARTESIAN_POINT('',(5.68,-1.4,-0.4));
#7060 = DIRECTION('',(0.,2.2E-16,1.));
#7061 = DIRECTION('',(1.,0.,0.));
#7062 = ADVANCED_FACE('',(#7063),#7088,.T.);
#7063 = FACE_BOUND('',#7064,.T.);
#7064 = EDGE_LOOP('',(#7065,#7066,#7074,#7082));
#7065 = ORIENTED_EDGE('',*,*,#7044,.T.);
#7066 = ORIENTED_EDGE('',*,*,#7067,.T.);
#7067 = EDGE_CURVE('',#7037,#7068,#7070,.T.);
#7068 = VERTEX_POINT('',#7069);
#7069 = CARTESIAN_POINT('',(5.88,-1.8,-0.6));
#7070 = LINE('',#7071,#7072);
#7071 = CARTESIAN_POINT('',(5.88,-1.8,-0.4));
#7072 = VECTOR('',#7073,1.);
#7073 = DIRECTION('',(0.,2.2E-16,-1.));
#7074 = ORIENTED_EDGE('',*,*,#7075,.F.);
#7075 = EDGE_CURVE('',#7076,#7068,#7078,.T.);
#7076 = VERTEX_POINT('',#7077);
#7077 = CARTESIAN_POINT('',(5.88,-1.4,-0.6));
#7078 = LINE('',#7079,#7080);
#7079 = CARTESIAN_POINT('',(5.88,-1.4,-0.6));
#7080 = VECTOR('',#7081,1.);
#7081 = DIRECTION('',(0.,-1.,2.2E-16));
#7082 = ORIENTED_EDGE('',*,*,#7083,.F.);
#7083 = EDGE_CURVE('',#7045,#7076,#7084,.T.);
#7084 = LINE('',#7085,#7086);
#7085 = CARTESIAN_POINT('',(5.88,-1.4,-0.4));
#7086 = VECTOR('',#7087,1.);
#7087 = DIRECTION('',(0.,2.2E-16,-1.));
#7088 = PLANE('',#7089);
#7089 = AXIS2_PLACEMENT_3D('',#7090,#7091,#7092);
#7090 = CARTESIAN_POINT('',(5.88,-1.4,-0.4));
#7091 = DIRECTION('',(1.,0.,0.));
#7092 = DIRECTION('',(0.,-2.2E-16,-1.));
#7093 = ADVANCED_FACE('',(#7094),#7119,.T.);
#7094 = FACE_BOUND('',#7095,.T.);
#7095 = EDGE_LOOP('',(#7096,#7097,#7105,#7113));
#7096 = ORIENTED_EDGE('',*,*,#7075,.T.);
#7097 = ORIENTED_EDGE('',*,*,#7098,.T.);
#7098 = EDGE_CURVE('',#7068,#7099,#7101,.T.);
#7099 = VERTEX_POINT('',#7100);
#7100 = CARTESIAN_POINT('',(5.68,-1.8,-0.6));
#7101 = LINE('',#7102,#7103);
#7102 = CARTESIAN_POINT('',(5.88,-1.8,-0.6));
#7103 = VECTOR('',#7104,1.);
#7104 = DIRECTION('',(-1.,0.,0.));
#7105 = ORIENTED_EDGE('',*,*,#7106,.F.);
#7106 = EDGE_CURVE('',#7107,#7099,#7109,.T.);
#7107 = VERTEX_POINT('',#7108);
#7108 = CARTESIAN_POINT('',(5.68,-1.4,-0.6));
#7109 = LINE('',#7110,#7111);
#7110 = CARTESIAN_POINT('',(5.68,-1.4,-0.6));
#7111 = VECTOR('',#7112,1.);
#7112 = DIRECTION('',(0.,-1.,2.2E-16));
#7113 = ORIENTED_EDGE('',*,*,#7114,.F.);
#7114 = EDGE_CURVE('',#7076,#7107,#7115,.T.);
#7115 = LINE('',#7116,#7117);
#7116 = CARTESIAN_POINT('',(5.88,-1.4,-0.6));
#7117 = VECTOR('',#7118,1.);
#7118 = DIRECTION('',(-1.,0.,0.));
#7119 = PLANE('',#7120);
#7120 = AXIS2_PLACEMENT_3D('',#7121,#7122,#7123);
#7121 = CARTESIAN_POINT('',(5.88,-1.4,-0.6));
#7122 = DIRECTION('',(0.,-2.2E-16,-1.));
#7123 = DIRECTION('',(-1.,0.,0.));
#7124 = ADVANCED_FACE('',(#7125),#7152,.T.);
#7125 = FACE_BOUND('',#7126,.F.);
#7126 = EDGE_LOOP('',(#7127,#7137,#7144,#7145));
#7127 = ORIENTED_EDGE('',*,*,#7128,.T.);
#7128 = EDGE_CURVE('',#7129,#7131,#7133,.T.);
#7129 = VERTEX_POINT('',#7130);
#7130 = CARTESIAN_POINT('',(5.285594681127,-1.4,-0.266666666667));
#7131 = VERTEX_POINT('',#7132);
#7132 = CARTESIAN_POINT('',(5.285594681127,-1.8,-0.266666666667));
#7133 = LINE('',#7134,#7135);
#7134 = CARTESIAN_POINT('',(5.285594681127,-1.4,-0.266666666667));
#7135 = VECTOR('',#7136,1.);
#7136 = DIRECTION('',(0.,-1.,2.2E-16));
#7137 = ORIENTED_EDGE('',*,*,#7138,.T.);
#7138 = EDGE_CURVE('',#7131,#7099,#7139,.T.);
#7139 = CIRCLE('',#7140,0.4);
#7140 = AXIS2_PLACEMENT_3D('',#7141,#7142,#7143);
#7141 = CARTESIAN_POINT('',(5.68,-1.8,-0.2));
#7142 = DIRECTION('',(0.,-1.,-2.2E-16));
#7143 = DIRECTION('',(1.,0.,0.));
#7144 = ORIENTED_EDGE('',*,*,#7106,.F.);
#7145 = ORIENTED_EDGE('',*,*,#7146,.F.);
#7146 = EDGE_CURVE('',#7129,#7107,#7147,.T.);
#7147 = CIRCLE('',#7148,0.4);
#7148 = AXIS2_PLACEMENT_3D('',#7149,#7150,#7151);
#7149 = CARTESIAN_POINT('',(5.68,-1.4,-0.2));
#7150 = DIRECTION('',(0.,-1.,-2.2E-16));
#7151 = DIRECTION('',(1.,0.,0.));
#7152 = CYLINDRICAL_SURFACE('',#7153,0.4);
#7153 = AXIS2_PLACEMENT_3D('',#7154,#7155,#7156);
#7154 = CARTESIAN_POINT('',(5.68,-1.4,-0.2));
#7155 = DIRECTION('',(0.,1.,-2.2E-16));
#7156 = DIRECTION('',(1.,0.,0.));
#7157 = ADVANCED_FACE('',(#7158),#7185,.F.);
#7158 = FACE_BOUND('',#7159,.T.);
#7159 = EDGE_LOOP('',(#7160,#7161,#7170,#7178));
#7160 = ORIENTED_EDGE('',*,*,#7128,.T.);
#7161 = ORIENTED_EDGE('',*,*,#7162,.T.);
#7162 = EDGE_CURVE('',#7131,#7163,#7165,.T.);
#7163 = VERTEX_POINT('',#7164);
#7164 = CARTESIAN_POINT('',(5.08839202169,-1.8,-0.1));
#7165 = CIRCLE('',#7166,0.2);
#7166 = AXIS2_PLACEMENT_3D('',#7167,#7168,#7169);
#7167 = CARTESIAN_POINT('',(5.08839202169,-1.8,-0.3));
#7168 = DIRECTION('',(0.,-1.,-2.2E-16));
#7169 = DIRECTION('',(1.,0.,0.));
#7170 = ORIENTED_EDGE('',*,*,#7171,.F.);
#7171 = EDGE_CURVE('',#7172,#7163,#7174,.T.);
#7172 = VERTEX_POINT('',#7173);
#7173 = CARTESIAN_POINT('',(5.08839202169,-1.4,-0.1));
#7174 = LINE('',#7175,#7176);
#7175 = CARTESIAN_POINT('',(5.08839202169,-1.4,-0.1));
#7176 = VECTOR('',#7177,1.);
#7177 = DIRECTION('',(0.,-1.,2.2E-16));
#7178 = ORIENTED_EDGE('',*,*,#7179,.F.);
#7179 = EDGE_CURVE('',#7129,#7172,#7180,.T.);
#7180 = CIRCLE('',#7181,0.2);
#7181 = AXIS2_PLACEMENT_3D('',#7182,#7183,#7184);
#7182 = CARTESIAN_POINT('',(5.08839202169,-1.4,-0.3));
#7183 = DIRECTION('',(0.,-1.,-2.2E-16));
#7184 = DIRECTION('',(1.,0.,0.));
#7185 = CYLINDRICAL_SURFACE('',#7186,0.2);
#7186 = AXIS2_PLACEMENT_3D('',#7187,#7188,#7189);
#7187 = CARTESIAN_POINT('',(5.08839202169,-1.4,-0.3));
#7188 = DIRECTION('',(0.,1.,-2.2E-16));
#7189 = DIRECTION('',(1.,0.,0.));
#7190 = ADVANCED_FACE('',(#7191),#7207,.F.);
#7191 = FACE_BOUND('',#7192,.F.);
#7192 = EDGE_LOOP('',(#7193,#7194,#7200,#7201));
#7193 = ORIENTED_EDGE('',*,*,#6704,.T.);
#7194 = ORIENTED_EDGE('',*,*,#7195,.T.);
#7195 = EDGE_CURVE('',#6707,#7163,#7196,.T.);
#7196 = LINE('',#7197,#7198);
#7197 = CARTESIAN_POINT('',(-5.08839202169,-1.8,-0.1));
#7198 = VECTOR('',#7199,1.);
#7199 = DIRECTION('',(1.,0.,-1.3E-16));
#7200 = ORIENTED_EDGE('',*,*,#7171,.F.);
#7201 = ORIENTED_EDGE('',*,*,#7202,.F.);
#7202 = EDGE_CURVE('',#6705,#7172,#7203,.T.);
#7203 = LINE('',#7204,#7205);
#7204 = CARTESIAN_POINT('',(-5.08839202169,-1.4,-0.1));
#7205 = VECTOR('',#7206,1.);
#7206 = DIRECTION('',(1.,0.,-1.3E-16));
#7207 = PLANE('',#7208);
#7208 = AXIS2_PLACEMENT_3D('',#7209,#7210,#7211);
#7209 = CARTESIAN_POINT('',(-5.08839202169,-1.4,-0.1));
#7210 = DIRECTION('',(1.3E-16,2.2E-16,1.));
#7211 = DIRECTION('',(1.,0.,-1.3E-16));
#7212 = ADVANCED_FACE('',(#7213),#7231,.T.);
#7213 = FACE_BOUND('',#7214,.T.);
#7214 = EDGE_LOOP('',(#7215,#7216,#7217,#7218,#7219,#7220,#7221,#7222,
    #7223,#7224,#7225,#7226,#7227,#7228,#7229,#7230));
#7215 = ORIENTED_EDGE('',*,*,#6731,.T.);
#7216 = ORIENTED_EDGE('',*,*,#6764,.F.);
#7217 = ORIENTED_EDGE('',*,*,#6796,.T.);
#7218 = ORIENTED_EDGE('',*,*,#6827,.T.);
#7219 = ORIENTED_EDGE('',*,*,#6858,.T.);
#7220 = ORIENTED_EDGE('',*,*,#6890,.T.);
#7221 = ORIENTED_EDGE('',*,*,#6923,.F.);
#7222 = ORIENTED_EDGE('',*,*,#6955,.T.);
#7223 = ORIENTED_EDGE('',*,*,#6987,.F.);
#7224 = ORIENTED_EDGE('',*,*,#7020,.T.);
#7225 = ORIENTED_EDGE('',*,*,#7052,.T.);
#7226 = ORIENTED_EDGE('',*,*,#7083,.T.);
#7227 = ORIENTED_EDGE('',*,*,#7114,.T.);
#7228 = ORIENTED_EDGE('',*,*,#7146,.F.);
#7229 = ORIENTED_EDGE('',*,*,#7179,.T.);
#7230 = ORIENTED_EDGE('',*,*,#7202,.F.);
#7231 = PLANE('',#7232);
#7232 = AXIS2_PLACEMENT_3D('',#7233,#7234,#7235);
#7233 = CARTESIAN_POINT('',(-2.9E-16,-1.4,-5.76254089512E-02));
#7234 = DIRECTION('',(0.,1.,2.2E-16));
#7235 = DIRECTION('',(0.,-2.2E-16,1.));
#7236 = ADVANCED_FACE('',(#7237),#7255,.F.);
#7237 = FACE_BOUND('',#7238,.F.);
#7238 = EDGE_LOOP('',(#7239,#7240,#7241,#7242,#7243,#7244,#7245,#7246,
    #7247,#7248,#7249,#7250,#7251,#7252,#7253,#7254));
#7239 = ORIENTED_EDGE('',*,*,#6714,.T.);
#7240 = ORIENTED_EDGE('',*,*,#6756,.F.);
#7241 = ORIENTED_EDGE('',*,*,#6780,.T.);
#7242 = ORIENTED_EDGE('',*,*,#6811,.T.);
#7243 = ORIENTED_EDGE('',*,*,#6842,.T.);
#7244 = ORIENTED_EDGE('',*,*,#6873,.T.);
#7245 = ORIENTED_EDGE('',*,*,#6915,.F.);
#7246 = ORIENTED_EDGE('',*,*,#6939,.T.);
#7247 = ORIENTED_EDGE('',*,*,#6979,.F.);
#7248 = ORIENTED_EDGE('',*,*,#7003,.T.);
#7249 = ORIENTED_EDGE('',*,*,#7036,.T.);
#7250 = ORIENTED_EDGE('',*,*,#7067,.T.);
#7251 = ORIENTED_EDGE('',*,*,#7098,.T.);
#7252 = ORIENTED_EDGE('',*,*,#7138,.F.);
#7253 = ORIENTED_EDGE('',*,*,#7162,.T.);
#7254 = ORIENTED_EDGE('',*,*,#7195,.F.);
#7255 = PLANE('',#7256);
#7256 = AXIS2_PLACEMENT_3D('',#7257,#7258,#7259);
#7257 = CARTESIAN_POINT('',(-2.9E-16,-1.8,-5.76254089512E-02));
#7258 = DIRECTION('',(0.,1.,2.2E-16));
#7259 = DIRECTION('',(0.,-2.2E-16,1.));
#7260 = ( GEOMETRIC_REPRESENTATION_CONTEXT(3) 
GLOBAL_UNCERTAINTY_ASSIGNED_CONTEXT((#7264)) 
GLOBAL_UNIT_ASSIGNED_CONTEXT((#7261,#7262,#7263)) REPRESENTATION_CONTEXT
('Context #1','3D Context with UNIT and UNCERTAINTY') );
#7261 = ( LENGTH_UNIT() NAMED_UNIT(*) SI_UNIT(.MILLI.,.METRE.) );
#7262 = ( NAMED_UNIT(*) PLANE_ANGLE_UNIT() SI_UNIT($,.RADIAN.) );
#7263 = ( NAMED_UNIT(*) SI_UNIT($,.STERADIAN.) SOLID_ANGLE_UNIT() );
#7264 = UNCERTAINTY_MEASURE_WITH_UNIT(LENGTH_MEASURE(1.E-07),#7261,
  'distance_accuracy_value','confusion accuracy');
#7265 = CONTEXT_DEPENDENT_SHAPE_REPRESENTATION(#7266,#7268);
#7266 = ( REPRESENTATION_RELATIONSHIP('','',#1077,#1050) 
REPRESENTATION_RELATIONSHIP_WITH_TRANSFORMATION(#7267) 
SHAPE_REPRESENTATION_RELATIONSHIP() );
#7267 = ITEM_DEFINED_TRANSFORMATION('','',#11,#1051);
#7268 = PRODUCT_DEFINITION_SHAPE('Placement','Placement of an item',
  #7269);
#7269 = NEXT_ASSEMBLY_USAGE_OCCURRENCE('2','Array001','',#1045,#1072,$);
#7270 = PRODUCT_RELATED_PRODUCT_CATEGORY('part',$,(#1074));
#7271 = SHAPE_DEFINITION_REPRESENTATION(#7272,#7278);
#7272 = PRODUCT_DEFINITION_SHAPE('','',#7273);
#7273 = PRODUCT_DEFINITION('design','',#7274,#7277);
#7274 = PRODUCT_DEFINITION_FORMATION('','',#7275);
#7275 = PRODUCT('Array','Array','',(#7276));
#7276 = PRODUCT_CONTEXT('',#2,'mechanical');
#7277 = PRODUCT_DEFINITION_CONTEXT('part definition',#2,'design');
#7278 = SHAPE_REPRESENTATION('',(#11,#7279,#7283,#7287,#7291,#7295,#7299
    ,#7303,#7307,#7311,#7315,#7319),#7323);
#7279 = AXIS2_PLACEMENT_3D('',#7280,#7281,#7282);
#7280 = CARTESIAN_POINT('',(0.,-9.6,0.));
#7281 = DIRECTION('',(0.,0.,1.));
#7282 = DIRECTION('',(1.,0.,0.));
#7283 = AXIS2_PLACEMENT_3D('',#7284,#7285,#7286);
#7284 = CARTESIAN_POINT('',(0.,-8.8,0.));
#7285 = DIRECTION('',(0.,0.,1.));
#7286 = DIRECTION('',(1.,0.,0.));
#7287 = AXIS2_PLACEMENT_3D('',#7288,#7289,#7290);
#7288 = CARTESIAN_POINT('',(0.,-8.,0.));
#7289 = DIRECTION('',(0.,0.,1.));
#7290 = DIRECTION('',(1.,0.,0.));
#7291 = AXIS2_PLACEMENT_3D('',#7292,#7293,#7294);
#7292 = CARTESIAN_POINT('',(0.,-7.2,0.));
#7293 = DIRECTION('',(0.,0.,1.));
#7294 = DIRECTION('',(1.,0.,0.));
#7295 = AXIS2_PLACEMENT_3D('',#7296,#7297,#7298);
#7296 = CARTESIAN_POINT('',(0.,-6.4,0.));
#7297 = DIRECTION('',(0.,0.,1.));
#7298 = DIRECTION('',(1.,0.,0.));
#7299 = AXIS2_PLACEMENT_3D('',#7300,#7301,#7302);
#7300 = CARTESIAN_POINT('',(0.,-5.6,0.));
#7301 = DIRECTION('',(0.,0.,1.));
#7302 = DIRECTION('',(1.,0.,0.));
#7303 = AXIS2_PLACEMENT_3D('',#7304,#7305,#7306);
#7304 = CARTESIAN_POINT('',(0.,-4.8,0.));
#7305 = DIRECTION('',(0.,0.,1.));
#7306 = DIRECTION('',(1.,0.,0.));
#7307 = AXIS2_PLACEMENT_3D('',#7308,#7309,#7310);
#7308 = CARTESIAN_POINT('',(0.,-4.,0.));
#7309 = DIRECTION('',(0.,0.,1.));
#7310 = DIRECTION('',(1.,0.,0.));
#7311 = AXIS2_PLACEMENT_3D('',#7312,#7313,#7314);
#7312 = CARTESIAN_POINT('',(0.,-3.2,0.));
#7313 = DIRECTION('',(0.,0.,1.));
#7314 = DIRECTION('',(1.,0.,0.));
#7315 = AXIS2_PLACEMENT_3D('',#7316,#7317,#7318);
#7316 = CARTESIAN_POINT('',(0.,-2.4,0.));
#7317 = DIRECTION('',(0.,0.,1.));
#7318 = DIRECTION('',(1.,0.,0.));
#7319 = AXIS2_PLACEMENT_3D('',#7320,#7321,#7322);
#7320 = CARTESIAN_POINT('',(0.,-1.6,0.));
#7321 = DIRECTION('',(0.,0.,1.));
#7322 = DIRECTION('',(1.,0.,0.));
#7323 = ( GEOMETRIC_REPRESENTATION_CONTEXT(3) 
GLOBAL_UNCERTAINTY_ASSIGNED_CONTEXT((#7327)) 
GLOBAL_UNIT_ASSIGNED_CONTEXT((#7324,#7325,#7326)) REPRESENTATION_CONTEXT
('Context #1','3D Context with UNIT and UNCERTAINTY') );
#7324 = ( LENGTH_UNIT() NAMED_UNIT(*) SI_UNIT(.MILLI.,.METRE.) );
#7325 = ( NAMED_UNIT(*) PLANE_ANGLE_UNIT() SI_UNIT($,.RADIAN.) );
#7326 = ( NAMED_UNIT(*) SI_UNIT($,.STERADIAN.) SOLID_ANGLE_UNIT() );
#7327 = UNCERTAINTY_MEASURE_WITH_UNIT(LENGTH_MEASURE(1.E-07),#7324,
  'distance_accuracy_value','confusion accuracy');
#7328 = CONTEXT_DEPENDENT_SHAPE_REPRESENTATION(#7329,#7331);
#7329 = ( REPRESENTATION_RELATIONSHIP('','',#7278,#1050) 
REPRESENTATION_RELATIONSHIP_WITH_TRANSFORMATION(#7330) 
SHAPE_REPRESENTATION_RELATIONSHIP() );
#7330 = ITEM_DEFINED_TRANSFORMATION('','',#11,#1055);
#7331 = PRODUCT_DEFINITION_SHAPE('Placement','Placement of an item',
  #7332);
#7332 = NEXT_ASSEMBLY_USAGE_OCCURRENCE('14','Array','',#1045,#7273,$);
#7333 = PRODUCT_RELATED_PRODUCT_CATEGORY('part',$,(#7275));
#7334 = SHAPE_DEFINITION_REPRESENTATION(#7335,#7341);
#7335 = PRODUCT_DEFINITION_SHAPE('','',#7336);
#7336 = PRODUCT_DEFINITION('design','',#7337,#7340);
#7337 = PRODUCT_DEFINITION_FORMATION('','',#7338);
#7338 = PRODUCT('Body','Body','',(#7339));
#7339 = PRODUCT_CONTEXT('',#2,'mechanical');
#7340 = PRODUCT_DEFINITION_CONTEXT('part definition',#2,'design');
#7341 = ADVANCED_BREP_SHAPE_REPRESENTATION('',(#11,#7342),#7904);
#7342 = MANIFOLD_SOLID_BREP('',#7343);
#7343 = CLOSED_SHELL('',(#7344,#7386,#7419,#7450,#7481,#7512,#7545,#7578
    ,#7609,#7642,#7675,#7706,#7737,#7768,#7801,#7834,#7856,#7880));
#7344 = ADVANCED_FACE('',(#7345),#7381,.F.);
#7345 = FACE_BOUND('',#7346,.T.);
#7346 = EDGE_LOOP('',(#7347,#7357,#7366,#7374));
#7347 = ORIENTED_EDGE('',*,*,#7348,.T.);
#7348 = EDGE_CURVE('',#7349,#7351,#7353,.T.);
#7349 = VERTEX_POINT('',#7350);
#7350 = CARTESIAN_POINT('',(-5.08839202169,0.2,-0.1));
#7351 = VERTEX_POINT('',#7352);
#7352 = CARTESIAN_POINT('',(-5.08839202169,-0.2,-0.1));
#7353 = LINE('',#7354,#7355);
#7354 = CARTESIAN_POINT('',(-5.08839202169,0.2,-0.1));
#7355 = VECTOR('',#7356,1.);
#7356 = DIRECTION('',(0.,-1.,2.2E-16));
#7357 = ORIENTED_EDGE('',*,*,#7358,.T.);
#7358 = EDGE_CURVE('',#7351,#7359,#7361,.T.);
#7359 = VERTEX_POINT('',#7360);
#7360 = CARTESIAN_POINT('',(-5.285594681127,-0.2,-0.266666666667));
#7361 = CIRCLE('',#7362,0.2);
#7362 = AXIS2_PLACEMENT_3D('',#7363,#7364,#7365);
#7363 = CARTESIAN_POINT('',(-5.08839202169,-0.2,-0.3));
#7364 = DIRECTION('',(0.,-1.,-2.2E-16));
#7365 = DIRECTION('',(1.,0.,0.));
#7366 = ORIENTED_EDGE('',*,*,#7367,.F.);
#7367 = EDGE_CURVE('',#7368,#7359,#7370,.T.);
#7368 = VERTEX_POINT('',#7369);
#7369 = CARTESIAN_POINT('',(-5.285594681127,0.2,-0.266666666667));
#7370 = LINE('',#7371,#7372);
#7371 = CARTESIAN_POINT('',(-5.285594681127,0.2,-0.266666666667));
#7372 = VECTOR('',#7373,1.);
#7373 = DIRECTION('',(0.,-1.,2.2E-16));
#7374 = ORIENTED_EDGE('',*,*,#7375,.F.);
#7375 = EDGE_CURVE('',#7349,#7368,#7376,.T.);
#7376 = CIRCLE('',#7377,0.2);
#7377 = AXIS2_PLACEMENT_3D('',#7378,#7379,#7380);
#7378 = CARTESIAN_POINT('',(-5.08839202169,0.2,-0.3));
#7379 = DIRECTION('',(0.,-1.,-2.2E-16));
#7380 = DIRECTION('',(1.,0.,0.));
#7381 = CYLINDRICAL_SURFACE('',#7382,0.2);
#7382 = AXIS2_PLACEMENT_3D('',#7383,#7384,#7385);
#7383 = CARTESIAN_POINT('',(-5.08839202169,0.2,-0.3));
#7384 = DIRECTION('',(0.,1.,-2.2E-16));
#7385 = DIRECTION('',(1.,0.,0.));
#7386 = ADVANCED_FACE('',(#7387),#7414,.T.);
#7387 = FACE_BOUND('',#7388,.F.);
#7388 = EDGE_LOOP('',(#7389,#7399,#7406,#7407));
#7389 = ORIENTED_EDGE('',*,*,#7390,.T.);
#7390 = EDGE_CURVE('',#7391,#7393,#7395,.T.);
#7391 = VERTEX_POINT('',#7392);
#7392 = CARTESIAN_POINT('',(-5.68,0.2,-0.6));
#7393 = VERTEX_POINT('',#7394);
#7394 = CARTESIAN_POINT('',(-5.68,-0.2,-0.6));
#7395 = LINE('',#7396,#7397);
#7396 = CARTESIAN_POINT('',(-5.68,0.2,-0.6));
#7397 = VECTOR('',#7398,1.);
#7398 = DIRECTION('',(0.,-1.,2.2E-16));
#7399 = ORIENTED_EDGE('',*,*,#7400,.T.);
#7400 = EDGE_CURVE('',#7393,#7359,#7401,.T.);
#7401 = CIRCLE('',#7402,0.4);
#7402 = AXIS2_PLACEMENT_3D('',#7403,#7404,#7405);
#7403 = CARTESIAN_POINT('',(-5.68,-0.2,-0.2));
#7404 = DIRECTION('',(0.,-1.,-2.2E-16));
#7405 = DIRECTION('',(1.,0.,0.));
#7406 = ORIENTED_EDGE('',*,*,#7367,.F.);
#7407 = ORIENTED_EDGE('',*,*,#7408,.F.);
#7408 = EDGE_CURVE('',#7391,#7368,#7409,.T.);
#7409 = CIRCLE('',#7410,0.4);
#7410 = AXIS2_PLACEMENT_3D('',#7411,#7412,#7413);
#7411 = CARTESIAN_POINT('',(-5.68,0.2,-0.2));
#7412 = DIRECTION('',(0.,-1.,-2.2E-16));
#7413 = DIRECTION('',(1.,0.,0.));
#7414 = CYLINDRICAL_SURFACE('',#7415,0.4);
#7415 = AXIS2_PLACEMENT_3D('',#7416,#7417,#7418);
#7416 = CARTESIAN_POINT('',(-5.68,0.2,-0.2));
#7417 = DIRECTION('',(0.,1.,-2.2E-16));
#7418 = DIRECTION('',(1.,0.,0.));
#7419 = ADVANCED_FACE('',(#7420),#7445,.T.);
#7420 = FACE_BOUND('',#7421,.T.);
#7421 = EDGE_LOOP('',(#7422,#7423,#7431,#7439));
#7422 = ORIENTED_EDGE('',*,*,#7390,.T.);
#7423 = ORIENTED_EDGE('',*,*,#7424,.T.);
#7424 = EDGE_CURVE('',#7393,#7425,#7427,.T.);
#7425 = VERTEX_POINT('',#7426);
#7426 = CARTESIAN_POINT('',(-5.88,-0.2,-0.6));
#7427 = LINE('',#7428,#7429);
#7428 = CARTESIAN_POINT('',(-5.68,-0.2,-0.6));
#7429 = VECTOR('',#7430,1.);
#7430 = DIRECTION('',(-1.,0.,0.));
#7431 = ORIENTED_EDGE('',*,*,#7432,.F.);
#7432 = EDGE_CURVE('',#7433,#7425,#7435,.T.);
#7433 = VERTEX_POINT('',#7434);
#7434 = CARTESIAN_POINT('',(-5.88,0.2,-0.6));
#7435 = LINE('',#7436,#7437);
#7436 = CARTESIAN_POINT('',(-5.88,0.2,-0.6));
#7437 = VECTOR('',#7438,1.);
#7438 = DIRECTION('',(0.,-1.,2.2E-16));
#7439 = ORIENTED_EDGE('',*,*,#7440,.F.);
#7440 = EDGE_CURVE('',#7391,#7433,#7441,.T.);
#7441 = LINE('',#7442,#7443);
#7442 = CARTESIAN_POINT('',(-5.68,0.2,-0.6));
#7443 = VECTOR('',#7444,1.);
#7444 = DIRECTION('',(-1.,0.,0.));
#7445 = PLANE('',#7446);
#7446 = AXIS2_PLACEMENT_3D('',#7447,#7448,#7449);
#7447 = CARTESIAN_POINT('',(-5.68,0.2,-0.6));
#7448 = DIRECTION('',(0.,-2.2E-16,-1.));
#7449 = DIRECTION('',(-1.,-0.,0.));
#7450 = ADVANCED_FACE('',(#7451),#7476,.T.);
#7451 = FACE_BOUND('',#7452,.T.);
#7452 = EDGE_LOOP('',(#7453,#7454,#7462,#7470));
#7453 = ORIENTED_EDGE('',*,*,#7432,.T.);
#7454 = ORIENTED_EDGE('',*,*,#7455,.T.);
#7455 = EDGE_CURVE('',#7425,#7456,#7458,.T.);
#7456 = VERTEX_POINT('',#7457);
#7457 = CARTESIAN_POINT('',(-5.88,-0.2,-0.4));
#7458 = LINE('',#7459,#7460);
#7459 = CARTESIAN_POINT('',(-5.88,-0.2,-0.6));
#7460 = VECTOR('',#7461,1.);
#7461 = DIRECTION('',(0.,-2.2E-16,1.));
#7462 = ORIENTED_EDGE('',*,*,#7463,.F.);
#7463 = EDGE_CURVE('',#7464,#7456,#7466,.T.);
#7464 = VERTEX_POINT('',#7465);
#7465 = CARTESIAN_POINT('',(-5.88,0.2,-0.4));
#7466 = LINE('',#7467,#7468);
#7467 = CARTESIAN_POINT('',(-5.88,0.2,-0.4));
#7468 = VECTOR('',#7469,1.);
#7469 = DIRECTION('',(0.,-1.,2.2E-16));
#7470 = ORIENTED_EDGE('',*,*,#7471,.F.);
#7471 = EDGE_CURVE('',#7433,#7464,#7472,.T.);
#7472 = LINE('',#7473,#7474);
#7473 = CARTESIAN_POINT('',(-5.88,0.2,-0.6));
#7474 = VECTOR('',#7475,1.);
#7475 = DIRECTION('',(0.,-2.2E-16,1.));
#7476 = PLANE('',#7477);
#7477 = AXIS2_PLACEMENT_3D('',#7478,#7479,#7480);
#7478 = CARTESIAN_POINT('',(-5.88,0.2,-0.6));
#7479 = DIRECTION('',(-1.,-0.,0.));
#7480 = DIRECTION('',(0.,2.2E-16,1.));
#7481 = ADVANCED_FACE('',(#7482),#7507,.T.);
#7482 = FACE_BOUND('',#7483,.T.);
#7483 = EDGE_LOOP('',(#7484,#7485,#7493,#7501));
#7484 = ORIENTED_EDGE('',*,*,#7463,.T.);
#7485 = ORIENTED_EDGE('',*,*,#7486,.T.);
#7486 = EDGE_CURVE('',#7456,#7487,#7489,.T.);
#7487 = VERTEX_POINT('',#7488);
#7488 = CARTESIAN_POINT('',(-5.68,-0.2,-0.4));
#7489 = LINE('',#7490,#7491);
#7490 = CARTESIAN_POINT('',(-5.88,-0.2,-0.4));
#7491 = VECTOR('',#7492,1.);
#7492 = DIRECTION('',(1.,0.,0.));
#7493 = ORIENTED_EDGE('',*,*,#7494,.F.);
#7494 = EDGE_CURVE('',#7495,#7487,#7497,.T.);
#7495 = VERTEX_POINT('',#7496);
#7496 = CARTESIAN_POINT('',(-5.68,0.2,-0.4));
#7497 = LINE('',#7498,#7499);
#7498 = CARTESIAN_POINT('',(-5.68,0.2,-0.4));
#7499 = VECTOR('',#7500,1.);
#7500 = DIRECTION('',(0.,-1.,2.2E-16));
#7501 = ORIENTED_EDGE('',*,*,#7502,.F.);
#7502 = EDGE_CURVE('',#7464,#7495,#7503,.T.);
#7503 = LINE('',#7504,#7505);
#7504 = CARTESIAN_POINT('',(-5.88,0.2,-0.4));
#7505 = VECTOR('',#7506,1.);
#7506 = DIRECTION('',(1.,0.,0.));
#7507 = PLANE('',#7508);
#7508 = AXIS2_PLACEMENT_3D('',#7509,#7510,#7511);
#7509 = CARTESIAN_POINT('',(-5.88,0.2,-0.4));
#7510 = DIRECTION('',(0.,2.2E-16,1.));
#7511 = DIRECTION('',(1.,0.,-0.));
#7512 = ADVANCED_FACE('',(#7513),#7540,.F.);
#7513 = FACE_BOUND('',#7514,.T.);
#7514 = EDGE_LOOP('',(#7515,#7516,#7525,#7533));
#7515 = ORIENTED_EDGE('',*,*,#7494,.T.);
#7516 = ORIENTED_EDGE('',*,*,#7517,.T.);
#7517 = EDGE_CURVE('',#7487,#7518,#7520,.T.);
#7518 = VERTEX_POINT('',#7519);
#7519 = CARTESIAN_POINT('',(-5.482797340563,-0.2,-0.233333333333));
#7520 = CIRCLE('',#7521,0.2);
#7521 = AXIS2_PLACEMENT_3D('',#7522,#7523,#7524);
#7522 = CARTESIAN_POINT('',(-5.68,-0.2,-0.2));
#7523 = DIRECTION('',(0.,-1.,-2.2E-16));
#7524 = DIRECTION('',(1.,0.,0.));
#7525 = ORIENTED_EDGE('',*,*,#7526,.F.);
#7526 = EDGE_CURVE('',#7527,#7518,#7529,.T.);
#7527 = VERTEX_POINT('',#7528);
#7528 = CARTESIAN_POINT('',(-5.482797340563,0.2,-0.233333333333));
#7529 = LINE('',#7530,#7531);
#7530 = CARTESIAN_POINT('',(-5.482797340563,0.2,-0.233333333333));
#7531 = VECTOR('',#7532,1.);
#7532 = DIRECTION('',(0.,-1.,2.2E-16));
#7533 = ORIENTED_EDGE('',*,*,#7534,.F.);
#7534 = EDGE_CURVE('',#7495,#7527,#7535,.T.);
#7535 = CIRCLE('',#7536,0.2);
#7536 = AXIS2_PLACEMENT_3D('',#7537,#7538,#7539);
#7537 = CARTESIAN_POINT('',(-5.68,0.2,-0.2));
#7538 = DIRECTION('',(0.,-1.,-2.2E-16));
#7539 = DIRECTION('',(1.,0.,0.));
#7540 = CYLINDRICAL_SURFACE('',#7541,0.2);
#7541 = AXIS2_PLACEMENT_3D('',#7542,#7543,#7544);
#7542 = CARTESIAN_POINT('',(-5.68,0.2,-0.2));
#7543 = DIRECTION('',(0.,1.,-2.2E-16));
#7544 = DIRECTION('',(1.,0.,0.));
#7545 = ADVANCED_FACE('',(#7546),#7573,.T.);
#7546 = FACE_BOUND('',#7547,.F.);
#7547 = EDGE_LOOP('',(#7548,#7558,#7565,#7566));
#7548 = ORIENTED_EDGE('',*,*,#7549,.T.);
#7549 = EDGE_CURVE('',#7550,#7552,#7554,.T.);
#7550 = VERTEX_POINT('',#7551);
#7551 = CARTESIAN_POINT('',(-5.08839202169,0.2,0.1));
#7552 = VERTEX_POINT('',#7553);
#7553 = CARTESIAN_POINT('',(-5.08839202169,-0.2,0.1));
#7554 = LINE('',#7555,#7556);
#7555 = CARTESIAN_POINT('',(-5.08839202169,0.2,0.1));
#7556 = VECTOR('',#7557,1.);
#7557 = DIRECTION('',(0.,-1.,2.2E-16));
#7558 = ORIENTED_EDGE('',*,*,#7559,.T.);
#7559 = EDGE_CURVE('',#7552,#7518,#7560,.T.);
#7560 = CIRCLE('',#7561,0.4);
#7561 = AXIS2_PLACEMENT_3D('',#7562,#7563,#7564);
#7562 = CARTESIAN_POINT('',(-5.08839202169,-0.2,-0.3));
#7563 = DIRECTION('',(0.,-1.,-2.2E-16));
#7564 = DIRECTION('',(1.,0.,0.));
#7565 = ORIENTED_EDGE('',*,*,#7526,.F.);
#7566 = ORIENTED_EDGE('',*,*,#7567,.F.);
#7567 = EDGE_CURVE('',#7550,#7527,#7568,.T.);
#7568 = CIRCLE('',#7569,0.4);
#7569 = AXIS2_PLACEMENT_3D('',#7570,#7571,#7572);
#7570 = CARTESIAN_POINT('',(-5.08839202169,0.2,-0.3));
#7571 = DIRECTION('',(0.,-1.,-2.2E-16));
#7572 = DIRECTION('',(1.,0.,0.));
#7573 = CYLINDRICAL_SURFACE('',#7574,0.4);
#7574 = AXIS2_PLACEMENT_3D('',#7575,#7576,#7577);
#7575 = CARTESIAN_POINT('',(-5.08839202169,0.2,-0.3));
#7576 = DIRECTION('',(0.,1.,-2.2E-16));
#7577 = DIRECTION('',(1.,0.,0.));
#7578 = ADVANCED_FACE('',(#7579),#7604,.T.);
#7579 = FACE_BOUND('',#7580,.T.);
#7580 = EDGE_LOOP('',(#7581,#7582,#7590,#7598));
#7581 = ORIENTED_EDGE('',*,*,#7549,.T.);
#7582 = ORIENTED_EDGE('',*,*,#7583,.T.);
#7583 = EDGE_CURVE('',#7552,#7584,#7586,.T.);
#7584 = VERTEX_POINT('',#7585);
#7585 = CARTESIAN_POINT('',(5.08839202169,-0.2,1.E-01));
#7586 = LINE('',#7587,#7588);
#7587 = CARTESIAN_POINT('',(-5.08839202169,-0.2,0.1));
#7588 = VECTOR('',#7589,1.);
#7589 = DIRECTION('',(1.,0.,-1.2E-16));
#7590 = ORIENTED_EDGE('',*,*,#7591,.F.);
#7591 = EDGE_CURVE('',#7592,#7584,#7594,.T.);
#7592 = VERTEX_POINT('',#7593);
#7593 = CARTESIAN_POINT('',(5.08839202169,0.2,1.E-01));
#7594 = LINE('',#7595,#7596);
#7595 = CARTESIAN_POINT('',(5.08839202169,0.2,1.E-01));
#7596 = VECTOR('',#7597,1.);
#7597 = DIRECTION('',(0.,-1.,2.2E-16));
#7598 = ORIENTED_EDGE('',*,*,#7599,.F.);
#7599 = EDGE_CURVE('',#7550,#7592,#7600,.T.);
#7600 = LINE('',#7601,#7602);
#7601 = CARTESIAN_POINT('',(-5.08839202169,0.2,0.1));
#7602 = VECTOR('',#7603,1.);
#7603 = DIRECTION('',(1.,0.,-1.2E-16));
#7604 = PLANE('',#7605);
#7605 = AXIS2_PLACEMENT_3D('',#7606,#7607,#7608);
#7606 = CARTESIAN_POINT('',(-5.08839202169,0.2,0.1));
#7607 = DIRECTION('',(1.2E-16,2.2E-16,1.));
#7608 = DIRECTION('',(1.,0.,-1.2E-16));
#7609 = ADVANCED_FACE('',(#7610),#7637,.T.);
#7610 = FACE_BOUND('',#7611,.F.);
#7611 = EDGE_LOOP('',(#7612,#7622,#7629,#7630));
#7612 = ORIENTED_EDGE('',*,*,#7613,.T.);
#7613 = EDGE_CURVE('',#7614,#7616,#7618,.T.);
#7614 = VERTEX_POINT('',#7615);
#7615 = CARTESIAN_POINT('',(5.482797340563,0.2,-0.233333333333));
#7616 = VERTEX_POINT('',#7617);
#7617 = CARTESIAN_POINT('',(5.482797340563,-0.2,-0.233333333333));
#7618 = LINE('',#7619,#7620);
#7619 = CARTESIAN_POINT('',(5.482797340563,0.2,-0.233333333333));
#7620 = VECTOR('',#7621,1.);
#7621 = DIRECTION('',(0.,-1.,2.2E-16));
#7622 = ORIENTED_EDGE('',*,*,#7623,.T.);
#7623 = EDGE_CURVE('',#7616,#7584,#7624,.T.);
#7624 = CIRCLE('',#7625,0.4);
#7625 = AXIS2_PLACEMENT_3D('',#7626,#7627,#7628);
#7626 = CARTESIAN_POINT('',(5.08839202169,-0.2,-0.3));
#7627 = DIRECTION('',(0.,-1.,-2.2E-16));
#7628 = DIRECTION('',(1.,0.,0.));
#7629 = ORIENTED_EDGE('',*,*,#7591,.F.);
#7630 = ORIENTED_EDGE('',*,*,#7631,.F.);
#7631 = EDGE_CURVE('',#7614,#7592,#7632,.T.);
#7632 = CIRCLE('',#7633,0.4);
#7633 = AXIS2_PLACEMENT_3D('',#7634,#7635,#7636);
#7634 = CARTESIAN_POINT('',(5.08839202169,0.2,-0.3));
#7635 = DIRECTION('',(0.,-1.,-2.2E-16));
#7636 = DIRECTION('',(1.,0.,0.));
#7637 = CYLINDRICAL_SURFACE('',#7638,0.4);
#7638 = AXIS2_PLACEMENT_3D('',#7639,#7640,#7641);
#7639 = CARTESIAN_POINT('',(5.08839202169,0.2,-0.3));
#7640 = DIRECTION('',(0.,1.,-2.2E-16));
#7641 = DIRECTION('',(1.,0.,0.));
#7642 = ADVANCED_FACE('',(#7643),#7670,.F.);
#7643 = FACE_BOUND('',#7644,.T.);
#7644 = EDGE_LOOP('',(#7645,#7646,#7655,#7663));
#7645 = ORIENTED_EDGE('',*,*,#7613,.T.);
#7646 = ORIENTED_EDGE('',*,*,#7647,.T.);
#7647 = EDGE_CURVE('',#7616,#7648,#7650,.T.);
#7648 = VERTEX_POINT('',#7649);
#7649 = CARTESIAN_POINT('',(5.68,-0.2,-0.4));
#7650 = CIRCLE('',#7651,0.2);
#7651 = AXIS2_PLACEMENT_3D('',#7652,#7653,#7654);
#7652 = CARTESIAN_POINT('',(5.68,-0.2,-0.2));
#7653 = DIRECTION('',(0.,-1.,-2.2E-16));
#7654 = DIRECTION('',(1.,0.,0.));
#7655 = ORIENTED_EDGE('',*,*,#7656,.F.);
#7656 = EDGE_CURVE('',#7657,#7648,#7659,.T.);
#7657 = VERTEX_POINT('',#7658);
#7658 = CARTESIAN_POINT('',(5.68,0.2,-0.4));
#7659 = LINE('',#7660,#7661);
#7660 = CARTESIAN_POINT('',(5.68,0.2,-0.4));
#7661 = VECTOR('',#7662,1.);
#7662 = DIRECTION('',(0.,-1.,2.2E-16));
#7663 = ORIENTED_EDGE('',*,*,#7664,.F.);
#7664 = EDGE_CURVE('',#7614,#7657,#7665,.T.);
#7665 = CIRCLE('',#7666,0.2);
#7666 = AXIS2_PLACEMENT_3D('',#7667,#7668,#7669);
#7667 = CARTESIAN_POINT('',(5.68,0.2,-0.2));
#7668 = DIRECTION('',(0.,-1.,-2.2E-16));
#7669 = DIRECTION('',(1.,0.,0.));
#7670 = CYLINDRICAL_SURFACE('',#7671,0.2);
#7671 = AXIS2_PLACEMENT_3D('',#7672,#7673,#7674);
#7672 = CARTESIAN_POINT('',(5.68,0.2,-0.2));
#7673 = DIRECTION('',(0.,1.,-2.2E-16));
#7674 = DIRECTION('',(1.,0.,0.));
#7675 = ADVANCED_FACE('',(#7676),#7701,.T.);
#7676 = FACE_BOUND('',#7677,.T.);
#7677 = EDGE_LOOP('',(#7678,#7679,#7687,#7695));
#7678 = ORIENTED_EDGE('',*,*,#7656,.T.);
#7679 = ORIENTED_EDGE('',*,*,#7680,.T.);
#7680 = EDGE_CURVE('',#7648,#7681,#7683,.T.);
#7681 = VERTEX_POINT('',#7682);
#7682 = CARTESIAN_POINT('',(5.88,-0.2,-0.4));
#7683 = LINE('',#7684,#7685);
#7684 = CARTESIAN_POINT('',(5.68,-0.2,-0.4));
#7685 = VECTOR('',#7686,1.);
#7686 = DIRECTION('',(1.,0.,0.));
#7687 = ORIENTED_EDGE('',*,*,#7688,.F.);
#7688 = EDGE_CURVE('',#7689,#7681,#7691,.T.);
#7689 = VERTEX_POINT('',#7690);
#7690 = CARTESIAN_POINT('',(5.88,0.2,-0.4));
#7691 = LINE('',#7692,#7693);
#7692 = CARTESIAN_POINT('',(5.88,0.2,-0.4));
#7693 = VECTOR('',#7694,1.);
#7694 = DIRECTION('',(0.,-1.,2.2E-16));
#7695 = ORIENTED_EDGE('',*,*,#7696,.F.);
#7696 = EDGE_CURVE('',#7657,#7689,#7697,.T.);
#7697 = LINE('',#7698,#7699);
#7698 = CARTESIAN_POINT('',(5.68,0.2,-0.4));
#7699 = VECTOR('',#7700,1.);
#7700 = DIRECTION('',(1.,0.,0.));
#7701 = PLANE('',#7702);
#7702 = AXIS2_PLACEMENT_3D('',#7703,#7704,#7705);
#7703 = CARTESIAN_POINT('',(5.68,0.2,-0.4));
#7704 = DIRECTION('',(0.,2.2E-16,1.));
#7705 = DIRECTION('',(1.,0.,-0.));
#7706 = ADVANCED_FACE('',(#7707),#7732,.T.);
#7707 = FACE_BOUND('',#7708,.T.);
#7708 = EDGE_LOOP('',(#7709,#7710,#7718,#7726));
#7709 = ORIENTED_EDGE('',*,*,#7688,.T.);
#7710 = ORIENTED_EDGE('',*,*,#7711,.T.);
#7711 = EDGE_CURVE('',#7681,#7712,#7714,.T.);
#7712 = VERTEX_POINT('',#7713);
#7713 = CARTESIAN_POINT('',(5.88,-0.2,-0.6));
#7714 = LINE('',#7715,#7716);
#7715 = CARTESIAN_POINT('',(5.88,-0.2,-0.4));
#7716 = VECTOR('',#7717,1.);
#7717 = DIRECTION('',(0.,2.2E-16,-1.));
#7718 = ORIENTED_EDGE('',*,*,#7719,.F.);
#7719 = EDGE_CURVE('',#7720,#7712,#7722,.T.);
#7720 = VERTEX_POINT('',#7721);
#7721 = CARTESIAN_POINT('',(5.88,0.2,-0.6));
#7722 = LINE('',#7723,#7724);
#7723 = CARTESIAN_POINT('',(5.88,0.2,-0.6));
#7724 = VECTOR('',#7725,1.);
#7725 = DIRECTION('',(0.,-1.,2.2E-16));
#7726 = ORIENTED_EDGE('',*,*,#7727,.F.);
#7727 = EDGE_CURVE('',#7689,#7720,#7728,.T.);
#7728 = LINE('',#7729,#7730);
#7729 = CARTESIAN_POINT('',(5.88,0.2,-0.4));
#7730 = VECTOR('',#7731,1.);
#7731 = DIRECTION('',(0.,2.2E-16,-1.));
#7732 = PLANE('',#7733);
#7733 = AXIS2_PLACEMENT_3D('',#7734,#7735,#7736);
#7734 = CARTESIAN_POINT('',(5.88,0.2,-0.4));
#7735 = DIRECTION('',(1.,0.,0.));
#7736 = DIRECTION('',(0.,-2.2E-16,-1.));
#7737 = ADVANCED_FACE('',(#7738),#7763,.T.);
#7738 = FACE_BOUND('',#7739,.T.);
#7739 = EDGE_LOOP('',(#7740,#7741,#7749,#7757));
#7740 = ORIENTED_EDGE('',*,*,#7719,.T.);
#7741 = ORIENTED_EDGE('',*,*,#7742,.T.);
#7742 = EDGE_CURVE('',#7712,#7743,#7745,.T.);
#7743 = VERTEX_POINT('',#7744);
#7744 = CARTESIAN_POINT('',(5.68,-0.2,-0.6));
#7745 = LINE('',#7746,#7747);
#7746 = CARTESIAN_POINT('',(5.88,-0.2,-0.6));
#7747 = VECTOR('',#7748,1.);
#7748 = DIRECTION('',(-1.,0.,0.));
#7749 = ORIENTED_EDGE('',*,*,#7750,.F.);
#7750 = EDGE_CURVE('',#7751,#7743,#7753,.T.);
#7751 = VERTEX_POINT('',#7752);
#7752 = CARTESIAN_POINT('',(5.68,0.2,-0.6));
#7753 = LINE('',#7754,#7755);
#7754 = CARTESIAN_POINT('',(5.68,0.2,-0.6));
#7755 = VECTOR('',#7756,1.);
#7756 = DIRECTION('',(0.,-1.,2.2E-16));
#7757 = ORIENTED_EDGE('',*,*,#7758,.F.);
#7758 = EDGE_CURVE('',#7720,#7751,#7759,.T.);
#7759 = LINE('',#7760,#7761);
#7760 = CARTESIAN_POINT('',(5.88,0.2,-0.6));
#7761 = VECTOR('',#7762,1.);
#7762 = DIRECTION('',(-1.,0.,0.));
#7763 = PLANE('',#7764);
#7764 = AXIS2_PLACEMENT_3D('',#7765,#7766,#7767);
#7765 = CARTESIAN_POINT('',(5.88,0.2,-0.6));
#7766 = DIRECTION('',(0.,-2.2E-16,-1.));
#7767 = DIRECTION('',(-1.,-0.,0.));
#7768 = ADVANCED_FACE('',(#7769),#7796,.T.);
#7769 = FACE_BOUND('',#7770,.F.);
#7770 = EDGE_LOOP('',(#7771,#7781,#7788,#7789));
#7771 = ORIENTED_EDGE('',*,*,#7772,.T.);
#7772 = EDGE_CURVE('',#7773,#7775,#7777,.T.);
#7773 = VERTEX_POINT('',#7774);
#7774 = CARTESIAN_POINT('',(5.285594681127,0.2,-0.266666666667));
#7775 = VERTEX_POINT('',#7776);
#7776 = CARTESIAN_POINT('',(5.285594681127,-0.2,-0.266666666667));
#7777 = LINE('',#7778,#7779);
#7778 = CARTESIAN_POINT('',(5.285594681127,0.2,-0.266666666667));
#7779 = VECTOR('',#7780,1.);
#7780 = DIRECTION('',(0.,-1.,2.2E-16));
#7781 = ORIENTED_EDGE('',*,*,#7782,.T.);
#7782 = EDGE_CURVE('',#7775,#7743,#7783,.T.);
#7783 = CIRCLE('',#7784,0.4);
#7784 = AXIS2_PLACEMENT_3D('',#7785,#7786,#7787);
#7785 = CARTESIAN_POINT('',(5.68,-0.2,-0.2));
#7786 = DIRECTION('',(0.,-1.,-2.2E-16));
#7787 = DIRECTION('',(1.,0.,0.));
#7788 = ORIENTED_EDGE('',*,*,#7750,.F.);
#7789 = ORIENTED_EDGE('',*,*,#7790,.F.);
#7790 = EDGE_CURVE('',#7773,#7751,#7791,.T.);
#7791 = CIRCLE('',#7792,0.4);
#7792 = AXIS2_PLACEMENT_3D('',#7793,#7794,#7795);
#7793 = CARTESIAN_POINT('',(5.68,0.2,-0.2));
#7794 = DIRECTION('',(0.,-1.,-2.2E-16));
#7795 = DIRECTION('',(1.,0.,0.));
#7796 = CYLINDRICAL_SURFACE('',#7797,0.4);
#7797 = AXIS2_PLACEMENT_3D('',#7798,#7799,#7800);
#7798 = CARTESIAN_POINT('',(5.68,0.2,-0.2));
#7799 = DIRECTION('',(0.,1.,-2.2E-16));
#7800 = DIRECTION('',(1.,0.,0.));
#7801 = ADVANCED_FACE('',(#7802),#7829,.F.);
#7802 = FACE_BOUND('',#7803,.T.);
#7803 = EDGE_LOOP('',(#7804,#7805,#7814,#7822));
#7804 = ORIENTED_EDGE('',*,*,#7772,.T.);
#7805 = ORIENTED_EDGE('',*,*,#7806,.T.);
#7806 = EDGE_CURVE('',#7775,#7807,#7809,.T.);
#7807 = VERTEX_POINT('',#7808);
#7808 = CARTESIAN_POINT('',(5.08839202169,-0.2,-0.1));
#7809 = CIRCLE('',#7810,0.2);
#7810 = AXIS2_PLACEMENT_3D('',#7811,#7812,#7813);
#7811 = CARTESIAN_POINT('',(5.08839202169,-0.2,-0.3));
#7812 = DIRECTION('',(0.,-1.,-2.2E-16));
#7813 = DIRECTION('',(1.,0.,0.));
#7814 = ORIENTED_EDGE('',*,*,#7815,.F.);
#7815 = EDGE_CURVE('',#7816,#7807,#7818,.T.);
#7816 = VERTEX_POINT('',#7817);
#7817 = CARTESIAN_POINT('',(5.08839202169,0.2,-0.1));
#7818 = LINE('',#7819,#7820);
#7819 = CARTESIAN_POINT('',(5.08839202169,0.2,-0.1));
#7820 = VECTOR('',#7821,1.);
#7821 = DIRECTION('',(0.,-1.,2.2E-16));
#7822 = ORIENTED_EDGE('',*,*,#7823,.F.);
#7823 = EDGE_CURVE('',#7773,#7816,#7824,.T.);
#7824 = CIRCLE('',#7825,0.2);
#7825 = AXIS2_PLACEMENT_3D('',#7826,#7827,#7828);
#7826 = CARTESIAN_POINT('',(5.08839202169,0.2,-0.3));
#7827 = DIRECTION('',(0.,-1.,-2.2E-16));
#7828 = DIRECTION('',(1.,0.,0.));
#7829 = CYLINDRICAL_SURFACE('',#7830,0.2);
#7830 = AXIS2_PLACEMENT_3D('',#7831,#7832,#7833);
#7831 = CARTESIAN_POINT('',(5.08839202169,0.2,-0.3));
#7832 = DIRECTION('',(0.,1.,-2.2E-16));
#7833 = DIRECTION('',(1.,0.,0.));
#7834 = ADVANCED_FACE('',(#7835),#7851,.F.);
#7835 = FACE_BOUND('',#7836,.F.);
#7836 = EDGE_LOOP('',(#7837,#7838,#7844,#7845));
#7837 = ORIENTED_EDGE('',*,*,#7348,.T.);
#7838 = ORIENTED_EDGE('',*,*,#7839,.T.);
#7839 = EDGE_CURVE('',#7351,#7807,#7840,.T.);
#7840 = LINE('',#7841,#7842);
#7841 = CARTESIAN_POINT('',(-5.08839202169,-0.2,-0.1));
#7842 = VECTOR('',#7843,1.);
#7843 = DIRECTION('',(1.,0.,-1.3E-16));
#7844 = ORIENTED_EDGE('',*,*,#7815,.F.);
#7845 = ORIENTED_EDGE('',*,*,#7846,.F.);
#7846 = EDGE_CURVE('',#7349,#7816,#7847,.T.);
#7847 = LINE('',#7848,#7849);
#7848 = CARTESIAN_POINT('',(-5.08839202169,0.2,-0.1));
#7849 = VECTOR('',#7850,1.);
#7850 = DIRECTION('',(1.,0.,-1.3E-16));
#7851 = PLANE('',#7852);
#7852 = AXIS2_PLACEMENT_3D('',#7853,#7854,#7855);
#7853 = CARTESIAN_POINT('',(-5.08839202169,0.2,-0.1));
#7854 = DIRECTION('',(1.3E-16,2.2E-16,1.));
#7855 = DIRECTION('',(1.,0.,-1.3E-16));
#7856 = ADVANCED_FACE('',(#7857),#7875,.T.);
#7857 = FACE_BOUND('',#7858,.T.);
#7858 = EDGE_LOOP('',(#7859,#7860,#7861,#7862,#7863,#7864,#7865,#7866,
    #7867,#7868,#7869,#7870,#7871,#7872,#7873,#7874));
#7859 = ORIENTED_EDGE('',*,*,#7375,.T.);
#7860 = ORIENTED_EDGE('',*,*,#7408,.F.);
#7861 = ORIENTED_EDGE('',*,*,#7440,.T.);
#7862 = ORIENTED_EDGE('',*,*,#7471,.T.);
#7863 = ORIENTED_EDGE('',*,*,#7502,.T.);
#7864 = ORIENTED_EDGE('',*,*,#7534,.T.);
#7865 = ORIENTED_EDGE('',*,*,#7567,.F.);
#7866 = ORIENTED_EDGE('',*,*,#7599,.T.);
#7867 = ORIENTED_EDGE('',*,*,#7631,.F.);
#7868 = ORIENTED_EDGE('',*,*,#7664,.T.);
#7869 = ORIENTED_EDGE('',*,*,#7696,.T.);
#7870 = ORIENTED_EDGE('',*,*,#7727,.T.);
#7871 = ORIENTED_EDGE('',*,*,#7758,.T.);
#7872 = ORIENTED_EDGE('',*,*,#7790,.F.);
#7873 = ORIENTED_EDGE('',*,*,#7823,.T.);
#7874 = ORIENTED_EDGE('',*,*,#7846,.F.);
#7875 = PLANE('',#7876);
#7876 = AXIS2_PLACEMENT_3D('',#7877,#7878,#7879);
#7877 = CARTESIAN_POINT('',(-2.9E-16,0.2,-5.76254089512E-02));
#7878 = DIRECTION('',(0.,1.,2.2E-16));
#7879 = DIRECTION('',(0.,-2.2E-16,1.));
#7880 = ADVANCED_FACE('',(#7881),#7899,.F.);
#7881 = FACE_BOUND('',#7882,.F.);
#7882 = EDGE_LOOP('',(#7883,#7884,#7885,#7886,#7887,#7888,#7889,#7890,
    #7891,#7892,#7893,#7894,#7895,#7896,#7897,#7898));
#7883 = ORIENTED_EDGE('',*,*,#7358,.T.);
#7884 = ORIENTED_EDGE('',*,*,#7400,.F.);
#7885 = ORIENTED_EDGE('',*,*,#7424,.T.);
#7886 = ORIENTED_EDGE('',*,*,#7455,.T.);
#7887 = ORIENTED_EDGE('',*,*,#7486,.T.);
#7888 = ORIENTED_EDGE('',*,*,#7517,.T.);
#7889 = ORIENTED_EDGE('',*,*,#7559,.F.);
#7890 = ORIENTED_EDGE('',*,*,#7583,.T.);
#7891 = ORIENTED_EDGE('',*,*,#7623,.F.);
#7892 = ORIENTED_EDGE('',*,*,#7647,.T.);
#7893 = ORIENTED_EDGE('',*,*,#7680,.T.);
#7894 = ORIENTED_EDGE('',*,*,#7711,.T.);
#7895 = ORIENTED_EDGE('',*,*,#7742,.T.);
#7896 = ORIENTED_EDGE('',*,*,#7782,.F.);
#7897 = ORIENTED_EDGE('',*,*,#7806,.T.);
#7898 = ORIENTED_EDGE('',*,*,#7839,.F.);
#7899 = PLANE('',#7900);
#7900 = AXIS2_PLACEMENT_3D('',#7901,#7902,#7903);
#7901 = CARTESIAN_POINT('',(-2.9E-16,-0.2,-5.76254089512E-02));
#7902 = DIRECTION('',(0.,1.,2.2E-16));
#7903 = DIRECTION('',(0.,-2.2E-16,1.));
#7904 = ( GEOMETRIC_REPRESENTATION_CONTEXT(3) 
GLOBAL_UNCERTAINTY_ASSIGNED_CONTEXT((#7908)) 
GLOBAL_UNIT_ASSIGNED_CONTEXT((#7905,#7906,#7907)) REPRESENTATION_CONTEXT
('Context #1','3D Context with UNIT and UNCERTAINTY') );
#7905 = ( LENGTH_UNIT() NAMED_UNIT(*) SI_UNIT(.MILLI.,.METRE.) );
#7906 = ( NAMED_UNIT(*) PLANE_ANGLE_UNIT() SI_UNIT($,.RADIAN.) );
#7907 = ( NAMED_UNIT(*) SI_UNIT($,.STERADIAN.) SOLID_ANGLE_UNIT() );
#7908 = UNCERTAINTY_MEASURE_WITH_UNIT(LENGTH_MEASURE(1.E-07),#7905,
  'distance_accuracy_value','confusion accuracy');
#7909 = CONTEXT_DEPENDENT_SHAPE_REPRESENTATION(#7910,#7912);
#7910 = ( REPRESENTATION_RELATIONSHIP('','',#7341,#7278) 
REPRESENTATION_RELATIONSHIP_WITH_TRANSFORMATION(#7911) 
SHAPE_REPRESENTATION_RELATIONSHIP() );
#7911 = ITEM_DEFINED_TRANSFORMATION('','',#11,#7279);
#7912 = PRODUCT_DEFINITION_SHAPE('Placement','Placement of an item',
  #7913);
#7913 = NEXT_ASSEMBLY_USAGE_OCCURRENCE('3','0','',#7273,#7336,$);
#7914 = PRODUCT_RELATED_PRODUCT_CATEGORY('part',$,(#7338));
#7915 = CONTEXT_DEPENDENT_SHAPE_REPRESENTATION(#7916,#7918);
#7916 = ( REPRESENTATION_RELATIONSHIP('','',#7341,#7278) 
REPRESENTATION_RELATIONSHIP_WITH_TRANSFORMATION(#7917) 
SHAPE_REPRESENTATION_RELATIONSHIP() );
#7917 = ITEM_DEFINED_TRANSFORMATION('','',#11,#7283);
#7918 = PRODUCT_DEFINITION_SHAPE('Placement','Placement of an item',
  #7919);
#7919 = NEXT_ASSEMBLY_USAGE_OCCURRENCE('4','1','',#7273,#7336,$);
#7920 = CONTEXT_DEPENDENT_SHAPE_REPRESENTATION(#7921,#7923);
#7921 = ( REPRESENTATION_RELATIONSHIP('','',#7341,#7278) 
REPRESENTATION_RELATIONSHIP_WITH_TRANSFORMATION(#7922) 
SHAPE_REPRESENTATION_RELATIONSHIP() );
#7922 = ITEM_DEFINED_TRANSFORMATION('','',#11,#7287);
#7923 = PRODUCT_DEFINITION_SHAPE('Placement','Placement of an item',
  #7924);
#7924 = NEXT_ASSEMBLY_USAGE_OCCURRENCE('5','2','',#7273,#7336,$);
#7925 = CONTEXT_DEPENDENT_SHAPE_REPRESENTATION(#7926,#7928);
#7926 = ( REPRESENTATION_RELATIONSHIP('','',#7341,#7278) 
REPRESENTATION_RELATIONSHIP_WITH_TRANSFORMATION(#7927) 
SHAPE_REPRESENTATION_RELATIONSHIP() );
#7927 = ITEM_DEFINED_TRANSFORMATION('','',#11,#7291);
#7928 = PRODUCT_DEFINITION_SHAPE('Placement','Placement of an item',
  #7929);
#7929 = NEXT_ASSEMBLY_USAGE_OCCURRENCE('6','3','',#7273,#7336,$);
#7930 = CONTEXT_DEPENDENT_SHAPE_REPRESENTATION(#7931,#7933);
#7931 = ( REPRESENTATION_RELATIONSHIP('','',#7341,#7278) 
REPRESENTATION_RELATIONSHIP_WITH_TRANSFORMATION(#7932) 
SHAPE_REPRESENTATION_RELATIONSHIP() );
#7932 = ITEM_DEFINED_TRANSFORMATION('','',#11,#7295);
#7933 = PRODUCT_DEFINITION_SHAPE('Placement','Placement of an item',
  #7934);
#7934 = NEXT_ASSEMBLY_USAGE_OCCURRENCE('7','4','',#7273,#7336,$);
#7935 = CONTEXT_DEPENDENT_SHAPE_REPRESENTATION(#7936,#7938);
#7936 = ( REPRESENTATION_RELATIONSHIP('','',#7341,#7278) 
REPRESENTATION_RELATIONSHIP_WITH_TRANSFORMATION(#7937) 
SHAPE_REPRESENTATION_RELATIONSHIP() );
#7937 = ITEM_DEFINED_TRANSFORMATION('','',#11,#7299);
#7938 = PRODUCT_DEFINITION_SHAPE('Placement','Placement of an item',
  #7939);
#7939 = NEXT_ASSEMBLY_USAGE_OCCURRENCE('8','5','',#7273,#7336,$);
#7940 = CONTEXT_DEPENDENT_SHAPE_REPRESENTATION(#7941,#7943);
#7941 = ( REPRESENTATION_RELATIONSHIP('','',#7341,#7278) 
REPRESENTATION_RELATIONSHIP_WITH_TRANSFORMATION(#7942) 
SHAPE_REPRESENTATION_RELATIONSHIP() );
#7942 = ITEM_DEFINED_TRANSFORMATION('','',#11,#7303);
#7943 = PRODUCT_DEFINITION_SHAPE('Placement','Placement of an item',
  #7944);
#7944 = NEXT_ASSEMBLY_USAGE_OCCURRENCE('9','6','',#7273,#7336,$);
#7945 = CONTEXT_DEPENDENT_SHAPE_REPRESENTATION(#7946,#7948);
#7946 = ( REPRESENTATION_RELATIONSHIP('','',#7341,#7278) 
REPRESENTATION_RELATIONSHIP_WITH_TRANSFORMATION(#7947) 
SHAPE_REPRESENTATION_RELATIONSHIP() );
#7947 = ITEM_DEFINED_TRANSFORMATION('','',#11,#7307);
#7948 = PRODUCT_DEFINITION_SHAPE('Placement','Placement of an item',
  #7949);
#7949 = NEXT_ASSEMBLY_USAGE_OCCURRENCE('10','7','',#7273,#7336,$);
#7950 = CONTEXT_DEPENDENT_SHAPE_REPRESENTATION(#7951,#7953);
#7951 = ( REPRESENTATION_RELATIONSHIP('','',#7341,#7278) 
REPRESENTATION_RELATIONSHIP_WITH_TRANSFORMATION(#7952) 
SHAPE_REPRESENTATION_RELATIONSHIP() );
#7952 = ITEM_DEFINED_TRANSFORMATION('','',#11,#7311);
#7953 = PRODUCT_DEFINITION_SHAPE('Placement','Placement of an item',
  #7954);
#7954 = NEXT_ASSEMBLY_USAGE_OCCURRENCE('11','8','',#7273,#7336,$);
#7955 = CONTEXT_DEPENDENT_SHAPE_REPRESENTATION(#7956,#7958);
#7956 = ( REPRESENTATION_RELATIONSHIP('','',#7341,#7278) 
REPRESENTATION_RELATIONSHIP_WITH_TRANSFORMATION(#7957) 
SHAPE_REPRESENTATION_RELATIONSHIP() );
#7957 = ITEM_DEFINED_TRANSFORMATION('','',#11,#7315);
#7958 = PRODUCT_DEFINITION_SHAPE('Placement','Placement of an item',
  #7959);
#7959 = NEXT_ASSEMBLY_USAGE_OCCURRENCE('12','9','',#7273,#7336,$);
#7960 = CONTEXT_DEPENDENT_SHAPE_REPRESENTATION(#7961,#7963);
#7961 = ( REPRESENTATION_RELATIONSHIP('','',#7341,#7278) 
REPRESENTATION_RELATIONSHIP_WITH_TRANSFORMATION(#7962) 
SHAPE_REPRESENTATION_RELATIONSHIP() );
#7962 = ITEM_DEFINED_TRANSFORMATION('','',#11,#7319);
#7963 = PRODUCT_DEFINITION_SHAPE('Placement','Placement of an item',
  #7964);
#7964 = NEXT_ASSEMBLY_USAGE_OCCURRENCE('13','10','',#7273,#7336,$);
#7965 = MECHANICAL_DESIGN_GEOMETRIC_PRESENTATION_REPRESENTATION('',(
    #7966),#7904);
#7966 = STYLED_ITEM('color',(#7967),#7342);
#7967 = PRESENTATION_STYLE_ASSIGNMENT((#7968,#7974));
#7968 = SURFACE_STYLE_USAGE(.BOTH.,#7969);
#7969 = SURFACE_SIDE_STYLE('',(#7970));
#7970 = SURFACE_STYLE_FILL_AREA(#7971);
#7971 = FILL_AREA_STYLE('',(#7972));
#7972 = FILL_AREA_STYLE_COLOUR('',#7973);
#7973 = COLOUR_RGB('',0.749019635948,0.749019635948,0.749019635948);
#7974 = CURVE_STYLE('',#7975,POSITIVE_LENGTH_MEASURE(0.1),#7976);
#7975 = DRAUGHTING_PRE_DEFINED_CURVE_FONT('continuous');
#7976 = COLOUR_RGB('',9.803921802644E-02,9.803921802644E-02,
  9.803921802644E-02);
#7977 = MECHANICAL_DESIGN_GEOMETRIC_PRESENTATION_REPRESENTATION('',(
    #7978),#1032);
#7978 = STYLED_ITEM('color',(#7979),#37);
#7979 = PRESENTATION_STYLE_ASSIGNMENT((#7980,#7986));
#7980 = SURFACE_STYLE_USAGE(.BOTH.,#7981);
#7981 = SURFACE_SIDE_STYLE('',(#7982));
#7982 = SURFACE_STYLE_FILL_AREA(#7983);
#7983 = FILL_AREA_STYLE('',(#7984));
#7984 = FILL_AREA_STYLE_COLOUR('',#7985);
#7985 = COLOUR_RGB('',0.199999998682,0.199999998682,0.199999998682);
#7986 = CURVE_STYLE('',#7987,POSITIVE_LENGTH_MEASURE(0.1),#7976);
#7987 = DRAUGHTING_PRE_DEFINED_CURVE_FONT('continuous');
#7988 = MECHANICAL_DESIGN_GEOMETRIC_PRESENTATION_REPRESENTATION('',(
    #7989,#7998,#8007,#8016,#8025,#8034,#8043,#8052,#8061,#8070,#8079),
  #7260);
#7989 = STYLED_ITEM('color',(#7990),#1078);
#7990 = PRESENTATION_STYLE_ASSIGNMENT((#7991,#7996));
#7991 = SURFACE_STYLE_USAGE(.BOTH.,#7992);
#7992 = SURFACE_SIDE_STYLE('',(#7993));
#7993 = SURFACE_STYLE_FILL_AREA(#7994);
#7994 = FILL_AREA_STYLE('',(#7995));
#7995 = FILL_AREA_STYLE_COLOUR('',#7973);
#7996 = CURVE_STYLE('',#7997,POSITIVE_LENGTH_MEASURE(0.1),#7976);
#7997 = DRAUGHTING_PRE_DEFINED_CURVE_FONT('continuous');
#7998 = STYLED_ITEM('color',(#7999),#1640);
#7999 = PRESENTATION_STYLE_ASSIGNMENT((#8000,#8005));
#8000 = SURFACE_STYLE_USAGE(.BOTH.,#8001);
#8001 = SURFACE_SIDE_STYLE('',(#8002));
#8002 = SURFACE_STYLE_FILL_AREA(#8003);
#8003 = FILL_AREA_STYLE('',(#8004));
#8004 = FILL_AREA_STYLE_COLOUR('',#7973);
#8005 = CURVE_STYLE('',#8006,POSITIVE_LENGTH_MEASURE(0.1),#7976);
#8006 = DRAUGHTING_PRE_DEFINED_CURVE_FONT('continuous');
#8007 = STYLED_ITEM('color',(#8008),#2202);
#8008 = PRESENTATION_STYLE_ASSIGNMENT((#8009,#8014));
#8009 = SURFACE_STYLE_USAGE(.BOTH.,#8010);
#8010 = SURFACE_SIDE_STYLE('',(#8011));
#8011 = SURFACE_STYLE_FILL_AREA(#8012);
#8012 = FILL_AREA_STYLE('',(#8013));
#8013 = FILL_AREA_STYLE_COLOUR('',#7973);
#8014 = CURVE_STYLE('',#8015,POSITIVE_LENGTH_MEASURE(0.1),#7976);
#8015 = DRAUGHTING_PRE_DEFINED_CURVE_FONT('continuous');
#8016 = STYLED_ITEM('color',(#8017),#2764);
#8017 = PRESENTATION_STYLE_ASSIGNMENT((#8018,#8023));
#8018 = SURFACE_STYLE_USAGE(.BOTH.,#8019);
#8019 = SURFACE_SIDE_STYLE('',(#8020));
#8020 = SURFACE_STYLE_FILL_AREA(#8021);
#8021 = FILL_AREA_STYLE('',(#8022));
#8022 = FILL_AREA_STYLE_COLOUR('',#7973);
#8023 = CURVE_STYLE('',#8024,POSITIVE_LENGTH_MEASURE(0.1),#7976);
#8024 = DRAUGHTING_PRE_DEFINED_CURVE_FONT('continuous');
#8025 = STYLED_ITEM('color',(#8026),#3326);
#8026 = PRESENTATION_STYLE_ASSIGNMENT((#8027,#8032));
#8027 = SURFACE_STYLE_USAGE(.BOTH.,#8028);
#8028 = SURFACE_SIDE_STYLE('',(#8029));
#8029 = SURFACE_STYLE_FILL_AREA(#8030);
#8030 = FILL_AREA_STYLE('',(#8031));
#8031 = FILL_AREA_STYLE_COLOUR('',#7973);
#8032 = CURVE_STYLE('',#8033,POSITIVE_LENGTH_MEASURE(0.1),#7976);
#8033 = DRAUGHTING_PRE_DEFINED_CURVE_FONT('continuous');
#8034 = STYLED_ITEM('color',(#8035),#3888);
#8035 = PRESENTATION_STYLE_ASSIGNMENT((#8036,#8041));
#8036 = SURFACE_STYLE_USAGE(.BOTH.,#8037);
#8037 = SURFACE_SIDE_STYLE('',(#8038));
#8038 = SURFACE_STYLE_FILL_AREA(#8039);
#8039 = FILL_AREA_STYLE('',(#8040));
#8040 = FILL_AREA_STYLE_COLOUR('',#7973);
#8041 = CURVE_STYLE('',#8042,POSITIVE_LENGTH_MEASURE(0.1),#7976);
#8042 = DRAUGHTING_PRE_DEFINED_CURVE_FONT('continuous');
#8043 = STYLED_ITEM('color',(#8044),#4450);
#8044 = PRESENTATION_STYLE_ASSIGNMENT((#8045,#8050));
#8045 = SURFACE_STYLE_USAGE(.BOTH.,#8046);
#8046 = SURFACE_SIDE_STYLE('',(#8047));
#8047 = SURFACE_STYLE_FILL_AREA(#8048);
#8048 = FILL_AREA_STYLE('',(#8049));
#8049 = FILL_AREA_STYLE_COLOUR('',#7973);
#8050 = CURVE_STYLE('',#8051,POSITIVE_LENGTH_MEASURE(0.1),#7976);
#8051 = DRAUGHTING_PRE_DEFINED_CURVE_FONT('continuous');
#8052 = STYLED_ITEM('color',(#8053),#5012);
#8053 = PRESENTATION_STYLE_ASSIGNMENT((#8054,#8059));
#8054 = SURFACE_STYLE_USAGE(.BOTH.,#8055);
#8055 = SURFACE_SIDE_STYLE('',(#8056));
#8056 = SURFACE_STYLE_FILL_AREA(#8057);
#8057 = FILL_AREA_STYLE('',(#8058));
#8058 = FILL_AREA_STYLE_COLOUR('',#7973);
#8059 = CURVE_STYLE('',#8060,POSITIVE_LENGTH_MEASURE(0.1),#7976);
#8060 = DRAUGHTING_PRE_DEFINED_CURVE_FONT('continuous');
#8061 = STYLED_ITEM('color',(#8062),#5574);
#8062 = PRESENTATION_STYLE_ASSIGNMENT((#8063,#8068));
#8063 = SURFACE_STYLE_USAGE(.BOTH.,#8064);
#8064 = SURFACE_SIDE_STYLE('',(#8065));
#8065 = SURFACE_STYLE_FILL_AREA(#8066);
#8066 = FILL_AREA_STYLE('',(#8067));
#8067 = FILL_AREA_STYLE_COLOUR('',#7973);
#8068 = CURVE_STYLE('',#8069,POSITIVE_LENGTH_MEASURE(0.1),#7976);
#8069 = DRAUGHTING_PRE_DEFINED_CURVE_FONT('continuous');
#8070 = STYLED_ITEM('color',(#8071),#6136);
#8071 = PRESENTATION_STYLE_ASSIGNMENT((#8072,#8077));
#8072 = SURFACE_STYLE_USAGE(.BOTH.,#8073);
#8073 = SURFACE_SIDE_STYLE('',(#8074));
#8074 = SURFACE_STYLE_FILL_AREA(#8075);
#8075 = FILL_AREA_STYLE('',(#8076));
#8076 = FILL_AREA_STYLE_COLOUR('',#7973);
#8077 = CURVE_STYLE('',#8078,POSITIVE_LENGTH_MEASURE(0.1),#7976);
#8078 = DRAUGHTING_PRE_DEFINED_CURVE_FONT('continuous');
#8079 = STYLED_ITEM('color',(#8080),#6698);
#8080 = PRESENTATION_STYLE_ASSIGNMENT((#8081,#8086));
#8081 = SURFACE_STYLE_USAGE(.BOTH.,#8082);
#8082 = SURFACE_SIDE_STYLE('',(#8083));
#8083 = SURFACE_STYLE_FILL_AREA(#8084);
#8084 = FILL_AREA_STYLE('',(#8085));
#8085 = FILL_AREA_STYLE_COLOUR('',#7973);
#8086 = CURVE_STYLE('',#8087,POSITIVE_LENGTH_MEASURE(0.1),#7976);
#8087 = DRAUGHTING_PRE_DEFINED_CURVE_FONT('continuous');
ENDSEC;
END-ISO-10303-21;
