ISO-10303-21;
HEADER;
FILE_DESCRIPTION(('STEP AP203'),'1');
FILE_NAME('m7582-05.stp','2023-12-11T18:45:58',('TraceParts'),('TraceParts S.A.'),'Spatial InterOp 3D',' ',' ');
FILE_SCHEMA(('CONFIG_CONTROL_DESIGN'));
ENDSEC;
DATA;
#1=DESIGN_CONTEXT('',#28,'design');
#2=APPLICATION_PROTOCOL_DEFINITION('INTERNATIONAL STANDARD','config_control_design',1994,#28);
#3=PRODUCT_CATEGORY_RELATIONSHIP('NONE','NONE',#29,#30);
#4=DATE_AND_TIME(#31,#32);
#5=DATE_TIME_ROLE('creation_date');
#6=DATE_TIME_ROLE('classification_date');
#7=PERSON_AND_ORGANIZATION_ROLE('creator');
#8=PERSON_AND_ORGANIZATION_ROLE('design_supplier');
#9=PERSON_AND_ORGANIZATION_ROLE('classification_officer');
#10=PERSON_AND_ORGANIZATION_ROLE('design_owner');
#11=APPROVAL_PERSON_ORGANIZATION(#33,#34,#35);
#12=APPROVAL_DATE_TIME(#4,#34);
#13=CC_DESIGN_APPROVAL(#34,(#36,#37,#38));
#14=CC_DESIGN_DATE_AND_TIME_ASSIGNMENT(#4,#5,(#38));
#15=CC_DESIGN_DATE_AND_TIME_ASSIGNMENT(#4,#6,(#36));
#16=CC_DESIGN_PERSON_AND_ORGANIZATION_ASSIGNMENT(#33,#10,(#39));
#17=CC_DESIGN_PERSON_AND_ORGANIZATION_ASSIGNMENT(#33,#7,(#38));
#18=CC_DESIGN_PERSON_AND_ORGANIZATION_ASSIGNMENT(#33,#7,(#37));
#19=CC_DESIGN_PERSON_AND_ORGANIZATION_ASSIGNMENT(#33,#8,(#37));
#20=CC_DESIGN_SECURITY_CLASSIFICATION(#36,(#37));
#21=CC_DESIGN_PERSON_AND_ORGANIZATION_ASSIGNMENT(#33,#9,(#36));
#22=SHAPE_DEFINITION_REPRESENTATION(#40,#41);
#23=SHAPE_DEFINITION_REPRESENTATION(#40,#42);
#24= (GEOMETRIC_REPRESENTATION_CONTEXT(3)GLOBAL_UNCERTAINTY_ASSIGNED_CONTEXT((#45))GLOBAL_UNIT_ASSIGNED_CONTEXT((#47,#48,#49))REPRESENTATION_CONTEXT('NONE','WORKSPACE'));
#28=APPLICATION_CONTEXT('CONFIGURATION CONTROLLED 3D DESIGNS OF MECHANICAL PARTS AND ASSEMBLIES');
#29=PRODUCT_CATEGORY('part','NONE');
#30=PRODUCT_RELATED_PRODUCT_CATEGORY('detail',' ',(#39));
#31=CALENDAR_DATE(2023,11,11);
#32=LOCAL_TIME(19,45,58.0,#51);
#33=PERSON_AND_ORGANIZATION(#52,#53);
#34=APPROVAL(#54,'SOLID MODEL');
#35=APPROVAL_ROLE('APPROVED');
#36=SECURITY_CLASSIFICATION('','',#55);
#37=PRODUCT_DEFINITION_FORMATION_WITH_SPECIFIED_SOURCE(' ','NONE',#39,.NOT_KNOWN.);
#38=PRODUCT_DEFINITION('','NONE',#37,#1);
#39=PRODUCT('1','','PART--DESC',(#56));
#40=PRODUCT_DEFINITION_SHAPE('NONE','NONE',#38);
#41=ADVANCED_BREP_SHAPE_REPRESENTATION('1',(#57,#58),#24);
#42=ADVANCED_BREP_SHAPE_REPRESENTATION('2',(#59,#60),#24);
#45=UNCERTAINTY_MEASURE_WITH_UNIT(LENGTH_MEASURE(1.0E-06),#47,'','');
#47= (CONVERSION_BASED_UNIT('MILLIMETRE',#63)LENGTH_UNIT()NAMED_UNIT(#66));
#48= (NAMED_UNIT(#68)PLANE_ANGLE_UNIT()SI_UNIT($,.RADIAN.));
#49= (NAMED_UNIT(#68)SOLID_ANGLE_UNIT()SI_UNIT($,.STERADIAN.));
#51=COORDINATED_UNIVERSAL_TIME_OFFSET(1,0,.AHEAD.);
#52=PERSON('','UNSPECIFIED',$,$,$,$);
#53=ORGANIZATION('UNSPECIFIED','UNSPECIFIED','UNSPECIFIED');
#54=APPROVAL_STATUS('approved');
#55=SECURITY_CLASSIFICATION_LEVEL('unclassified');
#56=MECHANICAL_CONTEXT('',#28,'mechanical');
#57=MANIFOLD_SOLID_BREP('1',#74);
#58=AXIS2_PLACEMENT_3D('',#75,#76,#77);
#59=MANIFOLD_SOLID_BREP('2',#78);
#60=AXIS2_PLACEMENT_3D('',#79,#80,#81);
#63=LENGTH_MEASURE_WITH_UNIT(LENGTH_MEASURE(1.0),#82);
#66=DIMENSIONAL_EXPONENTS(1.0,0.0,0.0,0.0,0.0,0.0,0.0);
#68=DIMENSIONAL_EXPONENTS(0.0,0.0,0.0,0.0,0.0,0.0,0.0);
#74=CLOSED_SHELL('',(#83,#84,#85,#86,#87,#88,#89,#90,#91,#92,#93,#94,#95,#96,#97,#98,#99,#100,#101,#102,#103,#104,#105,#106,#107,#108,#109,#110,#111,#112,#113,#114,#115));
#75=CARTESIAN_POINT('',(0.0,0.0,0.0));
#76=DIRECTION('',(0.0,0.0,1.0));
#77=DIRECTION('',(1.0,0.0,0.0));
#78=CLOSED_SHELL('',(#116,#117,#118,#119,#120,#121,#122,#123,#124,#125,#126,#127,#128,#129,#130,#131,#132,#133,#134,#135,#136,#137,#138,#139,#140,#141,#142,#143,#144,#145,#146,#147,#148,#149,#150,#151,#152,#153,#154,#155,#156,#157,#158,#159,#160,#161,#162,#163,#164,#165,#166,#167,#168,#169,#170,#171,#172,#173,#174,#175,#176,#177,#178,#179,#180));
#79=CARTESIAN_POINT('',(0.0,0.0,0.0));
#80=DIRECTION('',(0.0,0.0,1.0));
#81=DIRECTION('',(1.0,0.0,0.0));
#82= (NAMED_UNIT(#66)LENGTH_UNIT()SI_UNIT(.MILLI.,.METRE.));
#83=ADVANCED_FACE('',(#182),#183,.T.);
#84=ADVANCED_FACE('',(#184),#185,.T.);
#85=ADVANCED_FACE('',(#186),#187,.T.);
#86=ADVANCED_FACE('',(#188),#189,.F.);
#87=ADVANCED_FACE('',(#190),#191,.F.);
#88=ADVANCED_FACE('',(#192),#193,.F.);
#89=ADVANCED_FACE('',(#194),#195,.F.);
#90=ADVANCED_FACE('',(#196),#197,.F.);
#91=ADVANCED_FACE('',(#198),#199,.F.);
#92=ADVANCED_FACE('',(#200),#201,.F.);
#93=ADVANCED_FACE('',(#202),#203,.T.);
#94=ADVANCED_FACE('',(#204),#205,.T.);
#95=ADVANCED_FACE('',(#206),#207,.F.);
#96=ADVANCED_FACE('',(#208),#209,.F.);
#97=ADVANCED_FACE('',(#210),#211,.T.);
#98=ADVANCED_FACE('',(#212),#213,.T.);
#99=ADVANCED_FACE('',(#214,#215),#216,.T.);
#100=ADVANCED_FACE('',(#217),#218,.T.);
#101=ADVANCED_FACE('',(#219),#220,.T.);
#102=ADVANCED_FACE('',(#221),#222,.T.);
#103=ADVANCED_FACE('',(#223),#224,.T.);
#104=ADVANCED_FACE('',(#225),#226,.F.);
#105=ADVANCED_FACE('',(#227),#228,.F.);
#106=ADVANCED_FACE('',(#229),#230,.F.);
#107=ADVANCED_FACE('',(#231),#232,.T.);
#108=ADVANCED_FACE('',(#233),#234,.F.);
#109=ADVANCED_FACE('',(#235),#236,.F.);
#110=ADVANCED_FACE('',(#237),#238,.F.);
#111=ADVANCED_FACE('',(#239),#240,.F.);
#112=ADVANCED_FACE('',(#241),#242,.T.);
#113=ADVANCED_FACE('',(#243),#244,.T.);
#114=ADVANCED_FACE('',(#245),#246,.T.);
#115=ADVANCED_FACE('',(#247),#248,.T.);
#116=ADVANCED_FACE('',(#249),#250,.F.);
#117=ADVANCED_FACE('',(#251),#252,.T.);
#118=ADVANCED_FACE('',(#253),#254,.T.);
#119=ADVANCED_FACE('',(#255),#256,.T.);
#120=ADVANCED_FACE('',(#257),#258,.T.);
#121=ADVANCED_FACE('',(#259),#260,.T.);
#122=ADVANCED_FACE('',(#261,#262),#263,.F.);
#123=ADVANCED_FACE('',(#264),#265,.T.);
#124=ADVANCED_FACE('',(#266),#267,.T.);
#125=ADVANCED_FACE('',(#268),#269,.T.);
#126=ADVANCED_FACE('',(#270),#271,.T.);
#127=ADVANCED_FACE('',(#272),#273,.T.);
#128=ADVANCED_FACE('',(#274),#275,.T.);
#129=ADVANCED_FACE('',(#276,#277),#278,.T.);
#130=ADVANCED_FACE('',(#279),#280,.T.);
#131=ADVANCED_FACE('',(#281),#282,.T.);
#132=ADVANCED_FACE('',(#283),#284,.T.);
#133=ADVANCED_FACE('',(#285),#286,.T.);
#134=ADVANCED_FACE('',(#287),#288,.T.);
#135=ADVANCED_FACE('',(#289),#290,.T.);
#136=ADVANCED_FACE('',(#291),#292,.T.);
#137=ADVANCED_FACE('',(#293),#294,.T.);
#138=ADVANCED_FACE('',(#295),#296,.T.);
#139=ADVANCED_FACE('',(#297),#298,.T.);
#140=ADVANCED_FACE('',(#299),#300,.T.);
#141=ADVANCED_FACE('',(#301),#302,.F.);
#142=ADVANCED_FACE('',(#303),#304,.T.);
#143=ADVANCED_FACE('',(#305),#306,.T.);
#144=ADVANCED_FACE('',(#307),#308,.T.);
#145=ADVANCED_FACE('',(#309),#310,.T.);
#146=ADVANCED_FACE('',(#311),#312,.F.);
#147=ADVANCED_FACE('',(#313),#314,.T.);
#148=ADVANCED_FACE('',(#315),#316,.T.);
#149=ADVANCED_FACE('',(#317),#318,.T.);
#150=ADVANCED_FACE('',(#319),#320,.T.);
#151=ADVANCED_FACE('',(#321),#322,.T.);
#152=ADVANCED_FACE('',(#323),#324,.F.);
#153=ADVANCED_FACE('',(#325),#326,.T.);
#154=ADVANCED_FACE('',(#327),#328,.T.);
#155=ADVANCED_FACE('',(#329),#330,.T.);
#156=ADVANCED_FACE('',(#331),#332,.T.);
#157=ADVANCED_FACE('',(#333),#334,.T.);
#158=ADVANCED_FACE('',(#335),#336,.F.);
#159=ADVANCED_FACE('',(#337),#338,.T.);
#160=ADVANCED_FACE('',(#339),#340,.T.);
#161=ADVANCED_FACE('',(#341),#342,.T.);
#162=ADVANCED_FACE('',(#343),#344,.T.);
#163=ADVANCED_FACE('',(#345),#346,.T.);
#164=ADVANCED_FACE('',(#347),#348,.T.);
#165=ADVANCED_FACE('',(#349),#350,.T.);
#166=ADVANCED_FACE('',(#351),#352,.T.);
#167=ADVANCED_FACE('',(#353),#354,.T.);
#168=ADVANCED_FACE('',(#355),#356,.T.);
#169=ADVANCED_FACE('',(#357),#358,.T.);
#170=ADVANCED_FACE('',(#359),#360,.F.);
#171=ADVANCED_FACE('',(#361),#362,.T.);
#172=ADVANCED_FACE('',(#363),#364,.T.);
#173=ADVANCED_FACE('',(#365),#366,.T.);
#174=ADVANCED_FACE('',(#367),#368,.T.);
#175=ADVANCED_FACE('',(#369),#370,.T.);
#176=ADVANCED_FACE('',(#371),#372,.F.);
#177=ADVANCED_FACE('',(#373),#374,.T.);
#178=ADVANCED_FACE('',(#375),#376,.T.);
#179=ADVANCED_FACE('',(#377),#378,.T.);
#180=ADVANCED_FACE('',(#379),#380,.T.);
#182=FACE_OUTER_BOUND('',#381,.T.);
#183=PLANE('',#382);
#184=FACE_OUTER_BOUND('',#383,.T.);
#185=PLANE('',#384);
#186=FACE_OUTER_BOUND('',#385,.T.);
#187=PLANE('',#386);
#188=FACE_OUTER_BOUND('',#387,.T.);
#189=PLANE('',#388);
#190=FACE_OUTER_BOUND('',#389,.T.);
#191=PLANE('',#390);
#192=FACE_OUTER_BOUND('',#391,.T.);
#193=PLANE('',#392);
#194=FACE_OUTER_BOUND('',#393,.T.);
#195=PLANE('',#394);
#196=FACE_OUTER_BOUND('',#395,.T.);
#197=PLANE('',#396);
#198=FACE_OUTER_BOUND('',#397,.T.);
#199=PLANE('',#398);
#200=FACE_OUTER_BOUND('',#399,.T.);
#201=PLANE('',#400);
#202=FACE_OUTER_BOUND('',#401,.T.);
#203=PLANE('',#402);
#204=FACE_OUTER_BOUND('',#403,.T.);
#205=PLANE('',#404);
#206=FACE_OUTER_BOUND('',#405,.T.);
#207=PLANE('',#406);
#208=FACE_OUTER_BOUND('',#407,.T.);
#209=PLANE('',#408);
#210=FACE_OUTER_BOUND('',#409,.T.);
#211=PLANE('',#410);
#212=FACE_OUTER_BOUND('',#411,.T.);
#213=PLANE('',#412);
#214=FACE_OUTER_BOUND('',#413,.T.);
#215=FACE_BOUND('',#414,.T.);
#216=PLANE('',#415);
#217=FACE_OUTER_BOUND('',#416,.T.);
#218=PLANE('',#417);
#219=FACE_OUTER_BOUND('',#418,.T.);
#220=PLANE('',#419);
#221=FACE_OUTER_BOUND('',#420,.T.);
#222=PLANE('',#421);
#223=FACE_OUTER_BOUND('',#422,.T.);
#224=PLANE('',#423);
#225=FACE_OUTER_BOUND('',#424,.T.);
#226=PLANE('',#425);
#227=FACE_OUTER_BOUND('',#426,.T.);
#228=CYLINDRICAL_SURFACE('',#427,0.7);
#229=FACE_OUTER_BOUND('',#428,.T.);
#230=CYLINDRICAL_SURFACE('',#429,0.7);
#231=FACE_OUTER_BOUND('',#430,.T.);
#232=PLANE('',#431);
#233=FACE_OUTER_BOUND('',#432,.T.);
#234=PLANE('',#433);
#235=FACE_OUTER_BOUND('',#434,.T.);
#236=PLANE('',#435);
#237=FACE_OUTER_BOUND('',#436,.T.);
#238=PLANE('',#437);
#239=FACE_OUTER_BOUND('',#438,.T.);
#240=PLANE('',#439);
#241=FACE_OUTER_BOUND('',#440,.T.);
#242=PLANE('',#441);
#243=FACE_OUTER_BOUND('',#442,.T.);
#244=PLANE('',#443);
#245=FACE_OUTER_BOUND('',#444,.T.);
#246=PLANE('',#445);
#247=FACE_OUTER_BOUND('',#446,.T.);
#248=PLANE('',#447);
#249=FACE_OUTER_BOUND('',#448,.T.);
#250=PLANE('',#449);
#251=FACE_OUTER_BOUND('',#450,.T.);
#252=PLANE('',#451);
#253=FACE_OUTER_BOUND('',#452,.T.);
#254=PLANE('',#453);
#255=FACE_OUTER_BOUND('',#454,.T.);
#256=PLANE('',#455);
#257=FACE_OUTER_BOUND('',#456,.T.);
#258=PLANE('',#457);
#259=FACE_OUTER_BOUND('',#458,.T.);
#260=PLANE('',#459);
#261=FACE_OUTER_BOUND('',#460,.T.);
#262=FACE_BOUND('',#461,.T.);
#263=PLANE('',#462);
#264=FACE_OUTER_BOUND('',#463,.T.);
#265=PLANE('',#464);
#266=FACE_OUTER_BOUND('',#465,.T.);
#267=PLANE('',#466);
#268=FACE_OUTER_BOUND('',#467,.T.);
#269=PLANE('',#468);
#270=FACE_OUTER_BOUND('',#469,.T.);
#271=PLANE('',#470);
#272=FACE_OUTER_BOUND('',#471,.T.);
#273=CYLINDRICAL_SURFACE('',#472,0.8097426027382);
#274=FACE_OUTER_BOUND('',#473,.T.);
#275=PLANE('',#474);
#276=FACE_OUTER_BOUND('',#475,.T.);
#277=FACE_BOUND('',#476,.T.);
#278=PLANE('',#477);
#279=FACE_OUTER_BOUND('',#478,.T.);
#280=PLANE('',#479);
#281=FACE_OUTER_BOUND('',#480,.T.);
#282=PLANE('',#481);
#283=FACE_OUTER_BOUND('',#482,.T.);
#284=PLANE('',#483);
#285=FACE_OUTER_BOUND('',#484,.T.);
#286=PLANE('',#485);
#287=FACE_OUTER_BOUND('',#486,.T.);
#288=PLANE('',#487);
#289=FACE_OUTER_BOUND('',#488,.T.);
#290=PLANE('',#489);
#291=FACE_OUTER_BOUND('',#490,.T.);
#292=PLANE('',#491);
#293=FACE_OUTER_BOUND('',#492,.T.);
#294=CYLINDRICAL_SURFACE('',#493,0.8097426027382);
#295=FACE_OUTER_BOUND('',#494,.T.);
#296=PLANE('',#495);
#297=FACE_OUTER_BOUND('',#496,.T.);
#298=PLANE('',#497);
#299=FACE_OUTER_BOUND('',#498,.T.);
#300=PLANE('',#499);
#301=FACE_OUTER_BOUND('',#500,.T.);
#302=CYLINDRICAL_SURFACE('',#501,0.5178020129431);
#303=FACE_OUTER_BOUND('',#502,.T.);
#304=PLANE('',#503);
#305=FACE_OUTER_BOUND('',#504,.T.);
#306=PLANE('',#505);
#307=FACE_OUTER_BOUND('',#506,.T.);
#308=PLANE('',#507);
#309=FACE_OUTER_BOUND('',#508,.T.);
#310=PLANE('',#509);
#311=FACE_OUTER_BOUND('',#510,.T.);
#312=CYLINDRICAL_SURFACE('',#511,0.5178020129431);
#313=FACE_OUTER_BOUND('',#512,.T.);
#314=PLANE('',#513);
#315=FACE_OUTER_BOUND('',#514,.T.);
#316=PLANE('',#515);
#317=FACE_OUTER_BOUND('',#516,.T.);
#318=PLANE('',#517);
#319=FACE_OUTER_BOUND('',#518,.T.);
#320=PLANE('',#519);
#321=FACE_OUTER_BOUND('',#520,.T.);
#322=PLANE('',#521);
#323=FACE_OUTER_BOUND('',#522,.T.);
#324=CYLINDRICAL_SURFACE('',#523,0.5178020129431);
#325=FACE_OUTER_BOUND('',#524,.T.);
#326=PLANE('',#525);
#327=FACE_OUTER_BOUND('',#526,.T.);
#328=CYLINDRICAL_SURFACE('',#527,0.5178020129431);
#329=FACE_OUTER_BOUND('',#528,.T.);
#330=PLANE('',#529);
#331=FACE_OUTER_BOUND('',#530,.T.);
#332=PLANE('',#531);
#333=FACE_OUTER_BOUND('',#532,.T.);
#334=PLANE('',#533);
#335=FACE_OUTER_BOUND('',#534,.T.);
#336=CYLINDRICAL_SURFACE('',#535,0.4818334600186);
#337=FACE_OUTER_BOUND('',#536,.T.);
#338=PLANE('',#537);
#339=FACE_OUTER_BOUND('',#538,.T.);
#340=CYLINDRICAL_SURFACE('',#539,0.8097426027382);
#341=FACE_OUTER_BOUND('',#540,.T.);
#342=PLANE('',#541);
#343=FACE_OUTER_BOUND('',#542,.T.);
#344=PLANE('',#543);
#345=FACE_OUTER_BOUND('',#544,.T.);
#346=PLANE('',#545);
#347=FACE_OUTER_BOUND('',#546,.T.);
#348=PLANE('',#547);
#349=FACE_OUTER_BOUND('',#548,.T.);
#350=PLANE('',#549);
#351=FACE_OUTER_BOUND('',#550,.T.);
#352=PLANE('',#551);
#353=FACE_OUTER_BOUND('',#552,.T.);
#354=CYLINDRICAL_SURFACE('',#553,0.8097426027382);
#355=FACE_OUTER_BOUND('',#554,.T.);
#356=PLANE('',#555);
#357=FACE_OUTER_BOUND('',#556,.T.);
#358=PLANE('',#557);
#359=FACE_OUTER_BOUND('',#558,.T.);
#360=CYLINDRICAL_SURFACE('',#559,0.4818334600186);
#361=FACE_OUTER_BOUND('',#560,.T.);
#362=PLANE('',#561);
#363=FACE_OUTER_BOUND('',#562,.T.);
#364=PLANE('',#563);
#365=FACE_OUTER_BOUND('',#564,.T.);
#366=PLANE('',#565);
#367=FACE_OUTER_BOUND('',#566,.T.);
#368=CYLINDRICAL_SURFACE('',#567,0.5178020129431);
#369=FACE_OUTER_BOUND('',#568,.T.);
#370=PLANE('',#569);
#371=FACE_OUTER_BOUND('',#570,.T.);
#372=CYLINDRICAL_SURFACE('',#571,0.5178020129431);
#373=FACE_OUTER_BOUND('',#572,.T.);
#374=PLANE('',#573);
#375=FACE_OUTER_BOUND('',#574,.T.);
#376=PLANE('',#575);
#377=FACE_OUTER_BOUND('',#576,.T.);
#378=PLANE('',#577);
#379=FACE_OUTER_BOUND('',#578,.T.);
#380=PLANE('',#579);
#381=EDGE_LOOP('',(#580,#581,#582,#583));
#382=AXIS2_PLACEMENT_3D('',#584,#585,#586);
#383=EDGE_LOOP('',(#587,#588,#589,#590,#591,#592,#593,#594));
#384=AXIS2_PLACEMENT_3D('',#595,#596,#597);
#385=EDGE_LOOP('',(#598,#599,#600,#601));
#386=AXIS2_PLACEMENT_3D('',#602,#603,#604);
#387=EDGE_LOOP('',(#605,#606,#607,#608,#609,#610,#611,#612));
#388=AXIS2_PLACEMENT_3D('',#613,#614,#615);
#389=EDGE_LOOP('',(#616,#617,#618,#619,#620,#621,#622,#623));
#390=AXIS2_PLACEMENT_3D('',#624,#625,#626);
#391=EDGE_LOOP('',(#627,#628,#629,#630));
#392=AXIS2_PLACEMENT_3D('',#631,#632,#633);
#393=EDGE_LOOP('',(#634,#635,#636,#637,#638,#639,#640,#641));
#394=AXIS2_PLACEMENT_3D('',#642,#643,#644);
#395=EDGE_LOOP('',(#645,#646,#647,#648));
#396=AXIS2_PLACEMENT_3D('',#649,#650,#651);
#397=EDGE_LOOP('',(#652,#653,#654,#655,#656,#657,#658,#659));
#398=AXIS2_PLACEMENT_3D('',#660,#661,#662);
#399=EDGE_LOOP('',(#663,#664,#665,#666,#667,#668,#669,#670));
#400=AXIS2_PLACEMENT_3D('',#671,#672,#673);
#401=EDGE_LOOP('',(#674,#675,#676,#677));
#402=AXIS2_PLACEMENT_3D('',#678,#679,#680);
#403=EDGE_LOOP('',(#681,#682,#683,#684));
#404=AXIS2_PLACEMENT_3D('',#685,#686,#687);
#405=EDGE_LOOP('',(#688,#689,#690,#691,#692,#693,#694,#695));
#406=AXIS2_PLACEMENT_3D('',#696,#697,#698);
#407=EDGE_LOOP('',(#699,#700,#701,#702,#703,#704,#705,#706));
#408=AXIS2_PLACEMENT_3D('',#707,#708,#709);
#409=EDGE_LOOP('',(#710,#711,#712,#713));
#410=AXIS2_PLACEMENT_3D('',#714,#715,#716);
#411=EDGE_LOOP('',(#717,#718,#719,#720));
#412=AXIS2_PLACEMENT_3D('',#721,#722,#723);
#413=EDGE_LOOP('',(#724,#725,#726,#727));
#414=EDGE_LOOP('',(#728,#729,#730,#731));
#415=AXIS2_PLACEMENT_3D('',#732,#733,#734);
#416=EDGE_LOOP('',(#735,#736,#737,#738));
#417=AXIS2_PLACEMENT_3D('',#739,#740,#741);
#418=EDGE_LOOP('',(#742,#743,#744,#745));
#419=AXIS2_PLACEMENT_3D('',#746,#747,#748);
#420=EDGE_LOOP('',(#749,#750,#751,#752,#753,#754,#755,#756));
#421=AXIS2_PLACEMENT_3D('',#757,#758,#759);
#422=EDGE_LOOP('',(#760,#761,#762,#763,#764,#765,#766,#767));
#423=AXIS2_PLACEMENT_3D('',#768,#769,#770);
#424=EDGE_LOOP('',(#771,#772,#773,#774,#775,#776,#777,#778));
#425=AXIS2_PLACEMENT_3D('',#779,#780,#781);
#426=EDGE_LOOP('',(#782,#783,#784,#785));
#427=AXIS2_PLACEMENT_3D('',#786,#787,#788);
#428=EDGE_LOOP('',(#789,#790,#791,#792));
#429=AXIS2_PLACEMENT_3D('',#793,#794,#795);
#430=EDGE_LOOP('',(#796,#797,#798,#799,#800,#801,#802,#803));
#431=AXIS2_PLACEMENT_3D('',#804,#805,#806);
#432=EDGE_LOOP('',(#807,#808,#809,#810));
#433=AXIS2_PLACEMENT_3D('',#811,#812,#813);
#434=EDGE_LOOP('',(#814,#815,#816,#817));
#435=AXIS2_PLACEMENT_3D('',#818,#819,#820);
#436=EDGE_LOOP('',(#821,#822,#823,#824,#825,#826,#827,#828));
#437=AXIS2_PLACEMENT_3D('',#829,#830,#831);
#438=EDGE_LOOP('',(#832,#833,#834,#835,#836,#837,#838,#839));
#439=AXIS2_PLACEMENT_3D('',#840,#841,#842);
#440=EDGE_LOOP('',(#843,#844,#845,#846));
#441=AXIS2_PLACEMENT_3D('',#847,#848,#849);
#442=EDGE_LOOP('',(#850,#851,#852,#853));
#443=AXIS2_PLACEMENT_3D('',#854,#855,#856);
#444=EDGE_LOOP('',(#857,#858,#859,#860));
#445=AXIS2_PLACEMENT_3D('',#861,#862,#863);
#446=EDGE_LOOP('',(#864,#865,#866,#867));
#447=AXIS2_PLACEMENT_3D('',#868,#869,#870);
#448=EDGE_LOOP('',(#871,#872,#873,#874));
#449=AXIS2_PLACEMENT_3D('',#875,#876,#877);
#450=EDGE_LOOP('',(#878,#879,#880,#881));
#451=AXIS2_PLACEMENT_3D('',#882,#883,#884);
#452=EDGE_LOOP('',(#885,#886,#887,#888,#889,#890,#891,#892,#893,#894,#895,#896,#897,#898,#899));
#453=AXIS2_PLACEMENT_3D('',#900,#901,#902);
#454=EDGE_LOOP('',(#903,#904,#905,#906,#907,#908,#909,#910,#911,#912,#913,#914,#915,#916));
#455=AXIS2_PLACEMENT_3D('',#917,#918,#919);
#456=EDGE_LOOP('',(#920,#921,#922,#923,#924,#925,#926,#927,#928,#929,#930,#931,#932,#933,#934,#935,#936,#937,#938,#939));
#457=AXIS2_PLACEMENT_3D('',#940,#941,#942);
#458=EDGE_LOOP('',(#943,#944,#945,#946));
#459=AXIS2_PLACEMENT_3D('',#947,#948,#949);
#460=EDGE_LOOP('',(#950,#951,#952,#953,#954,#955,#956,#957,#958,#959,#960,#961,#962,#963));
#461=EDGE_LOOP('',(#964,#965,#966,#967,#968,#969,#970,#971,#972,#973,#974,#975));
#462=AXIS2_PLACEMENT_3D('',#976,#977,#978);
#463=EDGE_LOOP('',(#979,#980,#981,#982));
#464=AXIS2_PLACEMENT_3D('',#983,#984,#985);
#465=EDGE_LOOP('',(#986,#987,#988,#989));
#466=AXIS2_PLACEMENT_3D('',#990,#991,#992);
#467=EDGE_LOOP('',(#993,#994,#995,#996));
#468=AXIS2_PLACEMENT_3D('',#997,#998,#999);
#469=EDGE_LOOP('',(#1000,#1001,#1002,#1003));
#470=AXIS2_PLACEMENT_3D('',#1004,#1005,#1006);
#471=EDGE_LOOP('',(#1007,#1008,#1009,#1010,#1011,#1012));
#472=AXIS2_PLACEMENT_3D('',#1013,#1014,#1015);
#473=EDGE_LOOP('',(#1016,#1017,#1018,#1019));
#474=AXIS2_PLACEMENT_3D('',#1020,#1021,#1022);
#475=EDGE_LOOP('',(#1023,#1024,#1025,#1026,#1027,#1028,#1029,#1030,#1031,#1032,#1033,#1034,#1035,#1036,#1037,#1038,#1039,#1040,#1041,#1042,#1043,#1044));
#476=EDGE_LOOP('',(#1045,#1046,#1047,#1048,#1049,#1050,#1051,#1052,#1053,#1054,#1055,#1056,#1057,#1058,#1059,#1060,#1061,#1062,#1063,#1064,#1065,#1066,#1067,#1068,#1069,#1070,#1071));
#477=AXIS2_PLACEMENT_3D('',#1072,#1073,#1074);
#478=EDGE_LOOP('',(#1075,#1076,#1077,#1078));
#479=AXIS2_PLACEMENT_3D('',#1079,#1080,#1081);
#480=EDGE_LOOP('',(#1082,#1083,#1084,#1085));
#481=AXIS2_PLACEMENT_3D('',#1086,#1087,#1088);
#482=EDGE_LOOP('',(#1089,#1090,#1091,#1092));
#483=AXIS2_PLACEMENT_3D('',#1093,#1094,#1095);
#484=EDGE_LOOP('',(#1096,#1097,#1098,#1099));
#485=AXIS2_PLACEMENT_3D('',#1100,#1101,#1102);
#486=EDGE_LOOP('',(#1103,#1104,#1105,#1106));
#487=AXIS2_PLACEMENT_3D('',#1107,#1108,#1109);
#488=EDGE_LOOP('',(#1110,#1111,#1112,#1113));
#489=AXIS2_PLACEMENT_3D('',#1114,#1115,#1116);
#490=EDGE_LOOP('',(#1117,#1118,#1119,#1120));
#491=AXIS2_PLACEMENT_3D('',#1121,#1122,#1123);
#492=EDGE_LOOP('',(#1124,#1125,#1126,#1127,#1128,#1129));
#493=AXIS2_PLACEMENT_3D('',#1130,#1131,#1132);
#494=EDGE_LOOP('',(#1133,#1134,#1135,#1136));
#495=AXIS2_PLACEMENT_3D('',#1137,#1138,#1139);
#496=EDGE_LOOP('',(#1140,#1141,#1142,#1143));
#497=AXIS2_PLACEMENT_3D('',#1144,#1145,#1146);
#498=EDGE_LOOP('',(#1147,#1148,#1149,#1150));
#499=AXIS2_PLACEMENT_3D('',#1151,#1152,#1153);
#500=EDGE_LOOP('',(#1154,#1155,#1156,#1157));
#501=AXIS2_PLACEMENT_3D('',#1158,#1159,#1160);
#502=EDGE_LOOP('',(#1161,#1162,#1163,#1164));
#503=AXIS2_PLACEMENT_3D('',#1165,#1166,#1167);
#504=EDGE_LOOP('',(#1168,#1169,#1170,#1171));
#505=AXIS2_PLACEMENT_3D('',#1172,#1173,#1174);
#506=EDGE_LOOP('',(#1175,#1176,#1177,#1178));
#507=AXIS2_PLACEMENT_3D('',#1179,#1180,#1181);
#508=EDGE_LOOP('',(#1182,#1183,#1184,#1185));
#509=AXIS2_PLACEMENT_3D('',#1186,#1187,#1188);
#510=EDGE_LOOP('',(#1189,#1190,#1191,#1192));
#511=AXIS2_PLACEMENT_3D('',#1193,#1194,#1195);
#512=EDGE_LOOP('',(#1196,#1197,#1198,#1199));
#513=AXIS2_PLACEMENT_3D('',#1200,#1201,#1202);
#514=EDGE_LOOP('',(#1203,#1204,#1205,#1206));
#515=AXIS2_PLACEMENT_3D('',#1207,#1208,#1209);
#516=EDGE_LOOP('',(#1210,#1211,#1212,#1213));
#517=AXIS2_PLACEMENT_3D('',#1214,#1215,#1216);
#518=EDGE_LOOP('',(#1217,#1218,#1219,#1220,#1221));
#519=AXIS2_PLACEMENT_3D('',#1222,#1223,#1224);
#520=EDGE_LOOP('',(#1225,#1226,#1227,#1228));
#521=AXIS2_PLACEMENT_3D('',#1229,#1230,#1231);
#522=EDGE_LOOP('',(#1232,#1233,#1234,#1235));
#523=AXIS2_PLACEMENT_3D('',#1236,#1237,#1238);
#524=EDGE_LOOP('',(#1239,#1240,#1241,#1242));
#525=AXIS2_PLACEMENT_3D('',#1243,#1244,#1245);
#526=EDGE_LOOP('',(#1246,#1247,#1248,#1249));
#527=AXIS2_PLACEMENT_3D('',#1250,#1251,#1252);
#528=EDGE_LOOP('',(#1253,#1254,#1255,#1256));
#529=AXIS2_PLACEMENT_3D('',#1257,#1258,#1259);
#530=EDGE_LOOP('',(#1260,#1261,#1262,#1263));
#531=AXIS2_PLACEMENT_3D('',#1264,#1265,#1266);
#532=EDGE_LOOP('',(#1267,#1268,#1269,#1270));
#533=AXIS2_PLACEMENT_3D('',#1271,#1272,#1273);
#534=EDGE_LOOP('',(#1274,#1275,#1276,#1277));
#535=AXIS2_PLACEMENT_3D('',#1278,#1279,#1280);
#536=EDGE_LOOP('',(#1281,#1282,#1283,#1284));
#537=AXIS2_PLACEMENT_3D('',#1285,#1286,#1287);
#538=EDGE_LOOP('',(#1288,#1289,#1290,#1291,#1292,#1293));
#539=AXIS2_PLACEMENT_3D('',#1294,#1295,#1296);
#540=EDGE_LOOP('',(#1297,#1298,#1299,#1300));
#541=AXIS2_PLACEMENT_3D('',#1301,#1302,#1303);
#542=EDGE_LOOP('',(#1304,#1305,#1306,#1307));
#543=AXIS2_PLACEMENT_3D('',#1308,#1309,#1310);
#544=EDGE_LOOP('',(#1311,#1312,#1313,#1314));
#545=AXIS2_PLACEMENT_3D('',#1315,#1316,#1317);
#546=EDGE_LOOP('',(#1318,#1319,#1320,#1321));
#547=AXIS2_PLACEMENT_3D('',#1322,#1323,#1324);
#548=EDGE_LOOP('',(#1325,#1326,#1327,#1328));
#549=AXIS2_PLACEMENT_3D('',#1329,#1330,#1331);
#550=EDGE_LOOP('',(#1332,#1333,#1334,#1335));
#551=AXIS2_PLACEMENT_3D('',#1336,#1337,#1338);
#552=EDGE_LOOP('',(#1339,#1340,#1341,#1342,#1343,#1344));
#553=AXIS2_PLACEMENT_3D('',#1345,#1346,#1347);
#554=EDGE_LOOP('',(#1348,#1349,#1350,#1351));
#555=AXIS2_PLACEMENT_3D('',#1352,#1353,#1354);
#556=EDGE_LOOP('',(#1355,#1356,#1357,#1358));
#557=AXIS2_PLACEMENT_3D('',#1359,#1360,#1361);
#558=EDGE_LOOP('',(#1362,#1363,#1364,#1365));
#559=AXIS2_PLACEMENT_3D('',#1366,#1367,#1368);
#560=EDGE_LOOP('',(#1369,#1370,#1371,#1372));
#561=AXIS2_PLACEMENT_3D('',#1373,#1374,#1375);
#562=EDGE_LOOP('',(#1376,#1377,#1378,#1379));
#563=AXIS2_PLACEMENT_3D('',#1380,#1381,#1382);
#564=EDGE_LOOP('',(#1383,#1384,#1385,#1386));
#565=AXIS2_PLACEMENT_3D('',#1387,#1388,#1389);
#566=EDGE_LOOP('',(#1390,#1391,#1392,#1393));
#567=AXIS2_PLACEMENT_3D('',#1394,#1395,#1396);
#568=EDGE_LOOP('',(#1397,#1398,#1399,#1400));
#569=AXIS2_PLACEMENT_3D('',#1401,#1402,#1403);
#570=EDGE_LOOP('',(#1404,#1405,#1406,#1407));
#571=AXIS2_PLACEMENT_3D('',#1408,#1409,#1410);
#572=EDGE_LOOP('',(#1411,#1412,#1413,#1414));
#573=AXIS2_PLACEMENT_3D('',#1415,#1416,#1417);
#574=EDGE_LOOP('',(#1418,#1419,#1420,#1421,#1422));
#575=AXIS2_PLACEMENT_3D('',#1423,#1424,#1425);
#576=EDGE_LOOP('',(#1426,#1427,#1428,#1429));
#577=AXIS2_PLACEMENT_3D('',#1430,#1431,#1432);
#578=EDGE_LOOP('',(#1433,#1434,#1435,#1436));
#579=AXIS2_PLACEMENT_3D('',#1437,#1438,#1439);
#580=ORIENTED_EDGE('',*,*,#1440,.T.);
#581=ORIENTED_EDGE('',*,*,#1441,.T.);
#582=ORIENTED_EDGE('',*,*,#1442,.T.);
#583=ORIENTED_EDGE('',*,*,#1443,.T.);
#584=CARTESIAN_POINT('',(0.0,0.0,0.0));
#585=DIRECTION('',(0.0,0.0,1.0));
#586=DIRECTION('',(1.0,0.0,0.0));
#587=ORIENTED_EDGE('',*,*,#1444,.T.);
#588=ORIENTED_EDGE('',*,*,#1445,.T.);
#589=ORIENTED_EDGE('',*,*,#1446,.F.);
#590=ORIENTED_EDGE('',*,*,#1447,.F.);
#591=ORIENTED_EDGE('',*,*,#1448,.T.);
#592=ORIENTED_EDGE('',*,*,#1449,.T.);
#593=ORIENTED_EDGE('',*,*,#1450,.T.);
#594=ORIENTED_EDGE('',*,*,#1451,.F.);
#595=CARTESIAN_POINT('',(0.0,0.0,0.0));
#596=DIRECTION('',(0.0,0.0,1.0));
#597=DIRECTION('',(1.0,0.0,0.0));
#598=ORIENTED_EDGE('',*,*,#1452,.F.);
#599=ORIENTED_EDGE('',*,*,#1453,.T.);
#600=ORIENTED_EDGE('',*,*,#1454,.T.);
#601=ORIENTED_EDGE('',*,*,#1455,.T.);
#602=CARTESIAN_POINT('',(0.0,0.0,0.0));
#603=DIRECTION('',(0.0,0.0,1.0));
#604=DIRECTION('',(1.0,0.0,0.0));
#605=ORIENTED_EDGE('',*,*,#1456,.T.);
#606=ORIENTED_EDGE('',*,*,#1457,.T.);
#607=ORIENTED_EDGE('',*,*,#1458,.F.);
#608=ORIENTED_EDGE('',*,*,#1459,.F.);
#609=ORIENTED_EDGE('',*,*,#1460,.T.);
#610=ORIENTED_EDGE('',*,*,#1461,.T.);
#611=ORIENTED_EDGE('',*,*,#1462,.F.);
#612=ORIENTED_EDGE('',*,*,#1463,.F.);
#613=CARTESIAN_POINT('',(0.7,3.0,-2.4));
#614=DIRECTION('',(1.0,0.0,0.0));
#615=DIRECTION('',(0.0,1.0,0.0));
#616=ORIENTED_EDGE('',*,*,#1440,.F.);
#617=ORIENTED_EDGE('',*,*,#1464,.F.);
#618=ORIENTED_EDGE('',*,*,#1465,.T.);
#619=ORIENTED_EDGE('',*,*,#1466,.T.);
#620=ORIENTED_EDGE('',*,*,#1444,.F.);
#621=ORIENTED_EDGE('',*,*,#1467,.F.);
#622=ORIENTED_EDGE('',*,*,#1468,.T.);
#623=ORIENTED_EDGE('',*,*,#1469,.T.);
#624=CARTESIAN_POINT('',(0.7,3.0,-2.4));
#625=DIRECTION('',(1.0,0.0,0.0));
#626=DIRECTION('',(0.0,1.0,0.0));
#627=ORIENTED_EDGE('',*,*,#1456,.F.);
#628=ORIENTED_EDGE('',*,*,#1470,.F.);
#629=ORIENTED_EDGE('',*,*,#1471,.F.);
#630=ORIENTED_EDGE('',*,*,#1472,.T.);
#631=CARTESIAN_POINT('',(0.0,0.0,-2.4));
#632=DIRECTION('',(0.0,0.0,1.0));
#633=DIRECTION('',(1.0,0.0,0.0));
#634=ORIENTED_EDGE('',*,*,#1460,.F.);
#635=ORIENTED_EDGE('',*,*,#1473,.T.);
#636=ORIENTED_EDGE('',*,*,#1474,.F.);
#637=ORIENTED_EDGE('',*,*,#1475,.F.);
#638=ORIENTED_EDGE('',*,*,#1476,.F.);
#639=ORIENTED_EDGE('',*,*,#1477,.T.);
#640=ORIENTED_EDGE('',*,*,#1478,.T.);
#641=ORIENTED_EDGE('',*,*,#1479,.F.);
#642=CARTESIAN_POINT('',(0.0,0.0,-2.4));
#643=DIRECTION('',(0.0,0.0,1.0));
#644=DIRECTION('',(1.0,0.0,0.0));
#645=ORIENTED_EDGE('',*,*,#1480,.T.);
#646=ORIENTED_EDGE('',*,*,#1481,.T.);
#647=ORIENTED_EDGE('',*,*,#1482,.F.);
#648=ORIENTED_EDGE('',*,*,#1483,.F.);
#649=CARTESIAN_POINT('',(0.0,0.0,-2.4));
#650=DIRECTION('',(0.0,0.0,1.0));
#651=DIRECTION('',(1.0,0.0,0.0));
#652=ORIENTED_EDGE('',*,*,#1457,.F.);
#653=ORIENTED_EDGE('',*,*,#1472,.F.);
#654=ORIENTED_EDGE('',*,*,#1484,.F.);
#655=ORIENTED_EDGE('',*,*,#1441,.F.);
#656=ORIENTED_EDGE('',*,*,#1469,.F.);
#657=ORIENTED_EDGE('',*,*,#1485,.F.);
#658=ORIENTED_EDGE('',*,*,#1486,.F.);
#659=ORIENTED_EDGE('',*,*,#1487,.F.);
#660=CARTESIAN_POINT('',(2.5,2.15,0.0));
#661=DIRECTION('',(-0.0,1.0,0.0));
#662=DIRECTION('',(1.0,0.0,0.0));
#663=ORIENTED_EDGE('',*,*,#1488,.T.);
#664=ORIENTED_EDGE('',*,*,#1489,.F.);
#665=ORIENTED_EDGE('',*,*,#1490,.F.);
#666=ORIENTED_EDGE('',*,*,#1491,.F.);
#667=ORIENTED_EDGE('',*,*,#1492,.T.);
#668=ORIENTED_EDGE('',*,*,#1455,.F.);
#669=ORIENTED_EDGE('',*,*,#1493,.F.);
#670=ORIENTED_EDGE('',*,*,#1481,.F.);
#671=CARTESIAN_POINT('',(2.5,2.15,0.0));
#672=DIRECTION('',(-0.0,1.0,0.0));
#673=DIRECTION('',(1.0,0.0,0.0));
#674=ORIENTED_EDGE('',*,*,#1458,.T.);
#675=ORIENTED_EDGE('',*,*,#1487,.T.);
#676=ORIENTED_EDGE('',*,*,#1494,.F.);
#677=ORIENTED_EDGE('',*,*,#1495,.T.);
#678=CARTESIAN_POINT('',(0.0,0.0,-2.1));
#679=DIRECTION('',(0.0,0.0,-1.0));
#680=DIRECTION('',(0.0,-1.0,0.0));
#681=ORIENTED_EDGE('',*,*,#1496,.F.);
#682=ORIENTED_EDGE('',*,*,#1497,.T.);
#683=ORIENTED_EDGE('',*,*,#1498,.T.);
#684=ORIENTED_EDGE('',*,*,#1489,.T.);
#685=CARTESIAN_POINT('',(0.0,0.0,-2.1));
#686=DIRECTION('',(0.0,0.0,-1.0));
#687=DIRECTION('',(0.0,-1.0,0.0));
#688=ORIENTED_EDGE('',*,*,#1459,.T.);
#689=ORIENTED_EDGE('',*,*,#1495,.F.);
#690=ORIENTED_EDGE('',*,*,#1499,.F.);
#691=ORIENTED_EDGE('',*,*,#1500,.F.);
#692=ORIENTED_EDGE('',*,*,#1467,.T.);
#693=ORIENTED_EDGE('',*,*,#1451,.T.);
#694=ORIENTED_EDGE('',*,*,#1501,.F.);
#695=ORIENTED_EDGE('',*,*,#1473,.F.);
#696=CARTESIAN_POINT('',(-2.5,1.65,0.0));
#697=DIRECTION('',(0.0,-1.0,0.0));
#698=DIRECTION('',(0.0,0.0,-1.0));
#699=ORIENTED_EDGE('',*,*,#1502,.F.);
#700=ORIENTED_EDGE('',*,*,#1477,.F.);
#701=ORIENTED_EDGE('',*,*,#1503,.F.);
#702=ORIENTED_EDGE('',*,*,#1447,.T.);
#703=ORIENTED_EDGE('',*,*,#1504,.F.);
#704=ORIENTED_EDGE('',*,*,#1505,.F.);
#705=ORIENTED_EDGE('',*,*,#1506,.F.);
#706=ORIENTED_EDGE('',*,*,#1497,.F.);
#707=CARTESIAN_POINT('',(-2.5,1.65,0.0));
#708=DIRECTION('',(0.0,-1.0,0.0));
#709=DIRECTION('',(0.0,0.0,-1.0));
#710=ORIENTED_EDGE('',*,*,#1501,.T.);
#711=ORIENTED_EDGE('',*,*,#1450,.F.);
#712=ORIENTED_EDGE('',*,*,#1507,.T.);
#713=ORIENTED_EDGE('',*,*,#1474,.T.);
#714=CARTESIAN_POINT('',(2.5,-3.0,0.0));
#715=DIRECTION('',(1.0,0.0,0.0));
#716=DIRECTION('',(0.0,1.0,0.0));
#717=ORIENTED_EDGE('',*,*,#1484,.T.);
#718=ORIENTED_EDGE('',*,*,#1471,.T.);
#719=ORIENTED_EDGE('',*,*,#1508,.F.);
#720=ORIENTED_EDGE('',*,*,#1442,.F.);
#721=CARTESIAN_POINT('',(2.5,-3.0,0.0));
#722=DIRECTION('',(1.0,0.0,0.0));
#723=DIRECTION('',(0.0,1.0,0.0));
#724=ORIENTED_EDGE('',*,*,#1449,.F.);
#725=ORIENTED_EDGE('',*,*,#1509,.T.);
#726=ORIENTED_EDGE('',*,*,#1475,.T.);
#727=ORIENTED_EDGE('',*,*,#1507,.F.);
#728=ORIENTED_EDGE('',*,*,#1510,.T.);
#729=ORIENTED_EDGE('',*,*,#1511,.F.);
#730=ORIENTED_EDGE('',*,*,#1512,.F.);
#731=ORIENTED_EDGE('',*,*,#1513,.T.);
#732=CARTESIAN_POINT('',(-2.5,-3.0,0.0));
#733=DIRECTION('',(0.0,-1.0,0.0));
#734=DIRECTION('',(0.0,0.0,-1.0));
#735=ORIENTED_EDGE('',*,*,#1503,.T.);
#736=ORIENTED_EDGE('',*,*,#1476,.T.);
#737=ORIENTED_EDGE('',*,*,#1509,.F.);
#738=ORIENTED_EDGE('',*,*,#1448,.F.);
#739=CARTESIAN_POINT('',(-2.5,3.0,0.0));
#740=DIRECTION('',(-1.0,0.0,0.0));
#741=DIRECTION('',(0.0,0.0,1.0));
#742=ORIENTED_EDGE('',*,*,#1493,.T.);
#743=ORIENTED_EDGE('',*,*,#1454,.F.);
#744=ORIENTED_EDGE('',*,*,#1514,.T.);
#745=ORIENTED_EDGE('',*,*,#1482,.T.);
#746=CARTESIAN_POINT('',(-2.5,3.0,0.0));
#747=DIRECTION('',(-1.0,0.0,0.0));
#748=DIRECTION('',(0.0,0.0,1.0));
#749=ORIENTED_EDGE('',*,*,#1463,.T.);
#750=ORIENTED_EDGE('',*,*,#1515,.T.);
#751=ORIENTED_EDGE('',*,*,#1516,.T.);
#752=ORIENTED_EDGE('',*,*,#1517,.F.);
#753=ORIENTED_EDGE('',*,*,#1464,.T.);
#754=ORIENTED_EDGE('',*,*,#1443,.F.);
#755=ORIENTED_EDGE('',*,*,#1508,.T.);
#756=ORIENTED_EDGE('',*,*,#1470,.T.);
#757=CARTESIAN_POINT('',(2.5,3.0,0.0));
#758=DIRECTION('',(-0.0,1.0,0.0));
#759=DIRECTION('',(1.0,0.0,0.0));
#760=ORIENTED_EDGE('',*,*,#1518,.F.);
#761=ORIENTED_EDGE('',*,*,#1483,.T.);
#762=ORIENTED_EDGE('',*,*,#1514,.F.);
#763=ORIENTED_EDGE('',*,*,#1453,.F.);
#764=ORIENTED_EDGE('',*,*,#1519,.F.);
#765=ORIENTED_EDGE('',*,*,#1520,.F.);
#766=ORIENTED_EDGE('',*,*,#1521,.F.);
#767=ORIENTED_EDGE('',*,*,#1522,.T.);
#768=CARTESIAN_POINT('',(2.5,3.0,0.0));
#769=DIRECTION('',(-0.0,1.0,0.0));
#770=DIRECTION('',(1.0,0.0,0.0));
#771=ORIENTED_EDGE('',*,*,#1465,.F.);
#772=ORIENTED_EDGE('',*,*,#1517,.T.);
#773=ORIENTED_EDGE('',*,*,#1523,.F.);
#774=ORIENTED_EDGE('',*,*,#1510,.F.);
#775=ORIENTED_EDGE('',*,*,#1524,.F.);
#776=ORIENTED_EDGE('',*,*,#1520,.T.);
#777=ORIENTED_EDGE('',*,*,#1525,.T.);
#778=ORIENTED_EDGE('',*,*,#1526,.F.);
#779=CARTESIAN_POINT('',(0.0,0.0,-0.5));
#780=DIRECTION('',(0.0,0.0,1.0));
#781=DIRECTION('',(1.0,0.0,0.0));
#782=ORIENTED_EDGE('',*,*,#1479,.T.);
#783=ORIENTED_EDGE('',*,*,#1527,.T.);
#784=ORIENTED_EDGE('',*,*,#1528,.F.);
#785=ORIENTED_EDGE('',*,*,#1461,.F.);
#786=CARTESIAN_POINT('',(0.0,1.6,-2.4));
#787=DIRECTION('',(0.0,0.0,1.0));
#788=DIRECTION('',(-1.0,0.0,0.0));
#789=ORIENTED_EDGE('',*,*,#1445,.F.);
#790=ORIENTED_EDGE('',*,*,#1466,.F.);
#791=ORIENTED_EDGE('',*,*,#1526,.T.);
#792=ORIENTED_EDGE('',*,*,#1529,.T.);
#793=CARTESIAN_POINT('',(0.0,1.6,-2.4));
#794=DIRECTION('',(0.0,0.0,1.0));
#795=DIRECTION('',(-1.0,0.0,0.0));
#796=ORIENTED_EDGE('',*,*,#1462,.T.);
#797=ORIENTED_EDGE('',*,*,#1528,.T.);
#798=ORIENTED_EDGE('',*,*,#1530,.F.);
#799=ORIENTED_EDGE('',*,*,#1522,.F.);
#800=ORIENTED_EDGE('',*,*,#1531,.T.);
#801=ORIENTED_EDGE('',*,*,#1512,.T.);
#802=ORIENTED_EDGE('',*,*,#1532,.T.);
#803=ORIENTED_EDGE('',*,*,#1515,.F.);
#804=CARTESIAN_POINT('',(0.0,0.0,-1.9));
#805=DIRECTION('',(0.0,0.0,1.0));
#806=DIRECTION('',(1.0,0.0,0.0));
#807=ORIENTED_EDGE('',*,*,#1516,.F.);
#808=ORIENTED_EDGE('',*,*,#1532,.F.);
#809=ORIENTED_EDGE('',*,*,#1511,.T.);
#810=ORIENTED_EDGE('',*,*,#1523,.T.);
#811=CARTESIAN_POINT('',(2.0,-3.0,0.0));
#812=DIRECTION('',(1.0,0.0,0.0));
#813=DIRECTION('',(0.0,1.0,0.0));
#814=ORIENTED_EDGE('',*,*,#1521,.T.);
#815=ORIENTED_EDGE('',*,*,#1524,.T.);
#816=ORIENTED_EDGE('',*,*,#1513,.F.);
#817=ORIENTED_EDGE('',*,*,#1531,.F.);
#818=CARTESIAN_POINT('',(-2.0,3.0,0.0));
#819=DIRECTION('',(-1.0,0.0,0.0));
#820=DIRECTION('',(0.0,0.0,1.0));
#821=ORIENTED_EDGE('',*,*,#1480,.F.);
#822=ORIENTED_EDGE('',*,*,#1518,.T.);
#823=ORIENTED_EDGE('',*,*,#1530,.T.);
#824=ORIENTED_EDGE('',*,*,#1527,.F.);
#825=ORIENTED_EDGE('',*,*,#1478,.F.);
#826=ORIENTED_EDGE('',*,*,#1502,.T.);
#827=ORIENTED_EDGE('',*,*,#1496,.T.);
#828=ORIENTED_EDGE('',*,*,#1488,.F.);
#829=CARTESIAN_POINT('',(-0.7,1.6,-2.4));
#830=DIRECTION('',(-1.0,0.0,0.0));
#831=DIRECTION('',(0.0,0.0,1.0));
#832=ORIENTED_EDGE('',*,*,#1452,.T.);
#833=ORIENTED_EDGE('',*,*,#1492,.F.);
#834=ORIENTED_EDGE('',*,*,#1533,.F.);
#835=ORIENTED_EDGE('',*,*,#1504,.T.);
#836=ORIENTED_EDGE('',*,*,#1446,.T.);
#837=ORIENTED_EDGE('',*,*,#1529,.F.);
#838=ORIENTED_EDGE('',*,*,#1525,.F.);
#839=ORIENTED_EDGE('',*,*,#1519,.T.);
#840=CARTESIAN_POINT('',(-0.7,1.6,-2.4));
#841=DIRECTION('',(-1.0,0.0,0.0));
#842=DIRECTION('',(0.0,0.0,1.0));
#843=ORIENTED_EDGE('',*,*,#1468,.F.);
#844=ORIENTED_EDGE('',*,*,#1500,.T.);
#845=ORIENTED_EDGE('',*,*,#1534,.T.);
#846=ORIENTED_EDGE('',*,*,#1485,.T.);
#847=CARTESIAN_POINT('',(0.0,0.0,-0.3));
#848=DIRECTION('',(0.0,0.0,1.0));
#849=DIRECTION('',(1.0,0.0,0.0));
#850=ORIENTED_EDGE('',*,*,#1533,.T.);
#851=ORIENTED_EDGE('',*,*,#1491,.T.);
#852=ORIENTED_EDGE('',*,*,#1535,.F.);
#853=ORIENTED_EDGE('',*,*,#1505,.T.);
#854=CARTESIAN_POINT('',(0.0,0.0,-0.3));
#855=DIRECTION('',(0.0,0.0,1.0));
#856=DIRECTION('',(1.0,0.0,0.0));
#857=ORIENTED_EDGE('',*,*,#1494,.T.);
#858=ORIENTED_EDGE('',*,*,#1486,.T.);
#859=ORIENTED_EDGE('',*,*,#1534,.F.);
#860=ORIENTED_EDGE('',*,*,#1499,.T.);
#861=CARTESIAN_POINT('',(2.2,0.0,0.0));
#862=DIRECTION('',(1.0,0.0,0.0));
#863=DIRECTION('',(0.0,1.0,0.0));
#864=ORIENTED_EDGE('',*,*,#1535,.T.);
#865=ORIENTED_EDGE('',*,*,#1490,.T.);
#866=ORIENTED_EDGE('',*,*,#1498,.F.);
#867=ORIENTED_EDGE('',*,*,#1506,.T.);
#868=CARTESIAN_POINT('',(-2.2,0.0,0.0));
#869=DIRECTION('',(-1.0,0.0,0.0));
#870=DIRECTION('',(0.0,0.0,1.0));
#871=ORIENTED_EDGE('',*,*,#1536,.F.);
#872=ORIENTED_EDGE('',*,*,#1537,.F.);
#873=ORIENTED_EDGE('',*,*,#1538,.F.);
#874=ORIENTED_EDGE('',*,*,#1539,.F.);
#875=CARTESIAN_POINT('',(0.0,-3.0,-1.2));
#876=DIRECTION('',(-0.0,1.0,0.0));
#877=DIRECTION('',(1.0,0.0,0.0));
#878=ORIENTED_EDGE('',*,*,#1540,.F.);
#879=ORIENTED_EDGE('',*,*,#1536,.T.);
#880=ORIENTED_EDGE('',*,*,#1541,.F.);
#881=ORIENTED_EDGE('',*,*,#1542,.F.);
#882=CARTESIAN_POINT('',(2.0,-3.0,-0.5));
#883=DIRECTION('',(1.0,0.0,0.0));
#884=DIRECTION('',(0.0,1.0,0.0));
#885=ORIENTED_EDGE('',*,*,#1543,.F.);
#886=ORIENTED_EDGE('',*,*,#1544,.F.);
#887=ORIENTED_EDGE('',*,*,#1545,.F.);
#888=ORIENTED_EDGE('',*,*,#1546,.F.);
#889=ORIENTED_EDGE('',*,*,#1547,.F.);
#890=ORIENTED_EDGE('',*,*,#1548,.F.);
#891=ORIENTED_EDGE('',*,*,#1549,.F.);
#892=ORIENTED_EDGE('',*,*,#1550,.F.);
#893=ORIENTED_EDGE('',*,*,#1551,.F.);
#894=ORIENTED_EDGE('',*,*,#1552,.F.);
#895=ORIENTED_EDGE('',*,*,#1553,.F.);
#896=ORIENTED_EDGE('',*,*,#1554,.F.);
#897=ORIENTED_EDGE('',*,*,#1555,.F.);
#898=ORIENTED_EDGE('',*,*,#1556,.F.);
#899=ORIENTED_EDGE('',*,*,#1557,.F.);
#900=CARTESIAN_POINT('',(-2.0,-3.0,-0.5));
#901=DIRECTION('',(0.0,0.0,1.0));
#902=DIRECTION('',(1.0,0.0,0.0));
#903=ORIENTED_EDGE('',*,*,#1558,.F.);
#904=ORIENTED_EDGE('',*,*,#1559,.F.);
#905=ORIENTED_EDGE('',*,*,#1560,.F.);
#906=ORIENTED_EDGE('',*,*,#1561,.F.);
#907=ORIENTED_EDGE('',*,*,#1562,.F.);
#908=ORIENTED_EDGE('',*,*,#1563,.F.);
#909=ORIENTED_EDGE('',*,*,#1564,.F.);
#910=ORIENTED_EDGE('',*,*,#1565,.F.);
#911=ORIENTED_EDGE('',*,*,#1566,.F.);
#912=ORIENTED_EDGE('',*,*,#1567,.F.);
#913=ORIENTED_EDGE('',*,*,#1568,.F.);
#914=ORIENTED_EDGE('',*,*,#1569,.F.);
#915=ORIENTED_EDGE('',*,*,#1570,.F.);
#916=ORIENTED_EDGE('',*,*,#1571,.F.);
#917=CARTESIAN_POINT('',(-2.0,-3.0,-0.5));
#918=DIRECTION('',(0.0,0.0,1.0));
#919=DIRECTION('',(1.0,0.0,0.0));
#920=ORIENTED_EDGE('',*,*,#1572,.T.);
#921=ORIENTED_EDGE('',*,*,#1537,.T.);
#922=ORIENTED_EDGE('',*,*,#1540,.T.);
#923=ORIENTED_EDGE('',*,*,#1573,.F.);
#924=ORIENTED_EDGE('',*,*,#1574,.F.);
#925=ORIENTED_EDGE('',*,*,#1575,.F.);
#926=ORIENTED_EDGE('',*,*,#1576,.F.);
#927=ORIENTED_EDGE('',*,*,#1577,.T.);
#928=ORIENTED_EDGE('',*,*,#1578,.F.);
#929=ORIENTED_EDGE('',*,*,#1579,.F.);
#930=ORIENTED_EDGE('',*,*,#1580,.F.);
#931=ORIENTED_EDGE('',*,*,#1581,.F.);
#932=ORIENTED_EDGE('',*,*,#1582,.F.);
#933=ORIENTED_EDGE('',*,*,#1583,.F.);
#934=ORIENTED_EDGE('',*,*,#1584,.F.);
#935=ORIENTED_EDGE('',*,*,#1585,.T.);
#936=ORIENTED_EDGE('',*,*,#1586,.F.);
#937=ORIENTED_EDGE('',*,*,#1587,.F.);
#938=ORIENTED_EDGE('',*,*,#1588,.F.);
#939=ORIENTED_EDGE('',*,*,#1589,.F.);
#940=CARTESIAN_POINT('',(-2.0,-3.0,-0.5));
#941=DIRECTION('',(0.0,0.0,1.0));
#942=DIRECTION('',(1.0,0.0,0.0));
#943=ORIENTED_EDGE('',*,*,#1590,.F.);
#944=ORIENTED_EDGE('',*,*,#1591,.F.);
#945=ORIENTED_EDGE('',*,*,#1543,.T.);
#946=ORIENTED_EDGE('',*,*,#1592,.T.);
#947=CARTESIAN_POINT('',(-0.56,-2.0,-0.5));
#948=DIRECTION('',(0.0,-1.0,0.0));
#949=DIRECTION('',(0.0,0.0,-1.0));
#950=ORIENTED_EDGE('',*,*,#1593,.T.);
#951=ORIENTED_EDGE('',*,*,#1594,.T.);
#952=ORIENTED_EDGE('',*,*,#1595,.T.);
#953=ORIENTED_EDGE('',*,*,#1596,.F.);
#954=ORIENTED_EDGE('',*,*,#1597,.F.);
#955=ORIENTED_EDGE('',*,*,#1598,.F.);
#956=ORIENTED_EDGE('',*,*,#1599,.F.);
#957=ORIENTED_EDGE('',*,*,#1600,.F.);
#958=ORIENTED_EDGE('',*,*,#1601,.F.);
#959=ORIENTED_EDGE('',*,*,#1602,.F.);
#960=ORIENTED_EDGE('',*,*,#1603,.T.);
#961=ORIENTED_EDGE('',*,*,#1604,.T.);
#962=ORIENTED_EDGE('',*,*,#1605,.F.);
#963=ORIENTED_EDGE('',*,*,#1606,.F.);
#964=ORIENTED_EDGE('',*,*,#1607,.T.);
#965=ORIENTED_EDGE('',*,*,#1608,.T.);
#966=ORIENTED_EDGE('',*,*,#1609,.T.);
#967=ORIENTED_EDGE('',*,*,#1610,.T.);
#968=ORIENTED_EDGE('',*,*,#1611,.F.);
#969=ORIENTED_EDGE('',*,*,#1590,.T.);
#970=ORIENTED_EDGE('',*,*,#1612,.T.);
#971=ORIENTED_EDGE('',*,*,#1613,.T.);
#972=ORIENTED_EDGE('',*,*,#1614,.T.);
#973=ORIENTED_EDGE('',*,*,#1615,.F.);
#974=ORIENTED_EDGE('',*,*,#1616,.F.);
#975=ORIENTED_EDGE('',*,*,#1617,.F.);
#976=CARTESIAN_POINT('',(0.0,-3.0,-1.4));
#977=DIRECTION('',(0.0,0.0,-1.0));
#978=DIRECTION('',(0.0,-1.0,0.0));
#979=ORIENTED_EDGE('',*,*,#1618,.T.);
#980=ORIENTED_EDGE('',*,*,#1580,.T.);
#981=ORIENTED_EDGE('',*,*,#1619,.T.);
#982=ORIENTED_EDGE('',*,*,#1593,.F.);
#983=CARTESIAN_POINT('',(1.6,-2.5,-0.5));
#984=DIRECTION('',(-1.0,0.0,0.0));
#985=DIRECTION('',(0.0,0.0,1.0));
#986=ORIENTED_EDGE('',*,*,#1618,.F.);
#987=ORIENTED_EDGE('',*,*,#1606,.T.);
#988=ORIENTED_EDGE('',*,*,#1620,.T.);
#989=ORIENTED_EDGE('',*,*,#1581,.T.);
#990=CARTESIAN_POINT('',(0.0,-2.5,-1.2));
#991=DIRECTION('',(-0.0,1.0,0.0));
#992=DIRECTION('',(1.0,0.0,0.0));
#993=ORIENTED_EDGE('',*,*,#1620,.F.);
#994=ORIENTED_EDGE('',*,*,#1605,.T.);
#995=ORIENTED_EDGE('',*,*,#1621,.F.);
#996=ORIENTED_EDGE('',*,*,#1582,.T.);
#997=CARTESIAN_POINT('',(-1.6,-1.7,-0.5));
#998=DIRECTION('',(1.0,0.0,0.0));
#999=DIRECTION('',(0.0,1.0,0.0));
#1000=ORIENTED_EDGE('',*,*,#1604,.F.);
#1001=ORIENTED_EDGE('',*,*,#1622,.F.);
#1002=ORIENTED_EDGE('',*,*,#1583,.T.);
#1003=ORIENTED_EDGE('',*,*,#1621,.T.);
#1004=CARTESIAN_POINT('',(-1.45249679501,-0.498682799323,-0.5));
#1005=DIRECTION('',(0.992546151641328,-0.121869343405103,0.0));
#1006=DIRECTION('',(0.0,0.0,-1.0));
#1007=ORIENTED_EDGE('',*,*,#1603,.F.);
#1008=ORIENTED_EDGE('',*,*,#1623,.T.);
#1009=ORIENTED_EDGE('',*,*,#1624,.F.);
#1010=ORIENTED_EDGE('',*,*,#1625,.F.);
#1011=ORIENTED_EDGE('',*,*,#1584,.T.);
#1012=ORIENTED_EDGE('',*,*,#1622,.T.);
#1013=CARTESIAN_POINT('',(-2.256203699178,-0.4,-0.5));
#1014=DIRECTION('',(0.0,0.0,1.0));
#1015=DIRECTION('',(0.0,-1.0,0.0));
#1016=ORIENTED_EDGE('',*,*,#1626,.F.);
#1017=ORIENTED_EDGE('',*,*,#1627,.F.);
#1018=ORIENTED_EDGE('',*,*,#1585,.F.);
#1019=ORIENTED_EDGE('',*,*,#1625,.T.);
#1020=CARTESIAN_POINT('',(-1.689141615417,0.186430377431,-0.5));
#1021=DIRECTION('',(0.777145961457001,0.629320391049801,0.0));
#1022=DIRECTION('',(0.0,0.0,-1.0));
#1023=ORIENTED_EDGE('',*,*,#1628,.T.);
#1024=ORIENTED_EDGE('',*,*,#1629,.T.);
#1025=ORIENTED_EDGE('',*,*,#1630,.T.);
#1026=ORIENTED_EDGE('',*,*,#1631,.T.);
#1027=ORIENTED_EDGE('',*,*,#1632,.T.);
#1028=ORIENTED_EDGE('',*,*,#1633,.T.);
#1029=ORIENTED_EDGE('',*,*,#1634,.T.);
#1030=ORIENTED_EDGE('',*,*,#1635,.T.);
#1031=ORIENTED_EDGE('',*,*,#1636,.T.);
#1032=ORIENTED_EDGE('',*,*,#1637,.T.);
#1033=ORIENTED_EDGE('',*,*,#1638,.T.);
#1034=ORIENTED_EDGE('',*,*,#1639,.T.);
#1035=ORIENTED_EDGE('',*,*,#1640,.T.);
#1036=ORIENTED_EDGE('',*,*,#1541,.T.);
#1037=ORIENTED_EDGE('',*,*,#1539,.T.);
#1038=ORIENTED_EDGE('',*,*,#1641,.T.);
#1039=ORIENTED_EDGE('',*,*,#1642,.T.);
#1040=ORIENTED_EDGE('',*,*,#1643,.T.);
#1041=ORIENTED_EDGE('',*,*,#1644,.T.);
#1042=ORIENTED_EDGE('',*,*,#1645,.T.);
#1043=ORIENTED_EDGE('',*,*,#1626,.T.);
#1044=ORIENTED_EDGE('',*,*,#1624,.T.);
#1045=ORIENTED_EDGE('',*,*,#1646,.T.);
#1046=ORIENTED_EDGE('',*,*,#1647,.T.);
#1047=ORIENTED_EDGE('',*,*,#1648,.T.);
#1048=ORIENTED_EDGE('',*,*,#1649,.T.);
#1049=ORIENTED_EDGE('',*,*,#1650,.T.);
#1050=ORIENTED_EDGE('',*,*,#1651,.T.);
#1051=ORIENTED_EDGE('',*,*,#1652,.T.);
#1052=ORIENTED_EDGE('',*,*,#1653,.T.);
#1053=ORIENTED_EDGE('',*,*,#1654,.T.);
#1054=ORIENTED_EDGE('',*,*,#1655,.T.);
#1055=ORIENTED_EDGE('',*,*,#1656,.T.);
#1056=ORIENTED_EDGE('',*,*,#1657,.T.);
#1057=ORIENTED_EDGE('',*,*,#1658,.T.);
#1058=ORIENTED_EDGE('',*,*,#1659,.T.);
#1059=ORIENTED_EDGE('',*,*,#1660,.T.);
#1060=ORIENTED_EDGE('',*,*,#1661,.T.);
#1061=ORIENTED_EDGE('',*,*,#1662,.T.);
#1062=ORIENTED_EDGE('',*,*,#1663,.T.);
#1063=ORIENTED_EDGE('',*,*,#1664,.T.);
#1064=ORIENTED_EDGE('',*,*,#1665,.T.);
#1065=ORIENTED_EDGE('',*,*,#1666,.T.);
#1066=ORIENTED_EDGE('',*,*,#1667,.T.);
#1067=ORIENTED_EDGE('',*,*,#1668,.T.);
#1068=ORIENTED_EDGE('',*,*,#1669,.T.);
#1069=ORIENTED_EDGE('',*,*,#1670,.T.);
#1070=ORIENTED_EDGE('',*,*,#1671,.T.);
#1071=ORIENTED_EDGE('',*,*,#1672,.T.);
#1072=CARTESIAN_POINT('',(2.0,-3.0,-1.9));
#1073=DIRECTION('',(0.0,0.0,-1.0));
#1074=DIRECTION('',(0.0,-1.0,0.0));
#1075=ORIENTED_EDGE('',*,*,#1628,.F.);
#1076=ORIENTED_EDGE('',*,*,#1623,.F.);
#1077=ORIENTED_EDGE('',*,*,#1602,.T.);
#1078=ORIENTED_EDGE('',*,*,#1673,.F.);
#1079=CARTESIAN_POINT('',(-1.6,-2.5,-1.9));
#1080=DIRECTION('',(-1.0,0.0,0.0));
#1081=DIRECTION('',(0.0,0.0,1.0));
#1082=ORIENTED_EDGE('',*,*,#1629,.F.);
#1083=ORIENTED_EDGE('',*,*,#1673,.T.);
#1084=ORIENTED_EDGE('',*,*,#1601,.T.);
#1085=ORIENTED_EDGE('',*,*,#1674,.F.);
#1086=CARTESIAN_POINT('',(-1.6,1.75,-1.9));
#1087=DIRECTION('',(0.0,-1.0,0.0));
#1088=DIRECTION('',(0.0,0.0,-1.0));
#1089=ORIENTED_EDGE('',*,*,#1630,.F.);
#1090=ORIENTED_EDGE('',*,*,#1674,.T.);
#1091=ORIENTED_EDGE('',*,*,#1600,.T.);
#1092=ORIENTED_EDGE('',*,*,#1675,.F.);
#1093=CARTESIAN_POINT('',(-1.8,1.75,-1.9));
#1094=DIRECTION('',(-1.0,0.0,0.0));
#1095=DIRECTION('',(0.0,0.0,1.0));
#1096=ORIENTED_EDGE('',*,*,#1631,.F.);
#1097=ORIENTED_EDGE('',*,*,#1675,.T.);
#1098=ORIENTED_EDGE('',*,*,#1599,.T.);
#1099=ORIENTED_EDGE('',*,*,#1676,.F.);
#1100=CARTESIAN_POINT('',(-1.8,2.05,-1.9));
#1101=DIRECTION('',(-0.0,1.0,0.0));
#1102=DIRECTION('',(1.0,0.0,0.0));
#1103=ORIENTED_EDGE('',*,*,#1632,.F.);
#1104=ORIENTED_EDGE('',*,*,#1676,.T.);
#1105=ORIENTED_EDGE('',*,*,#1598,.T.);
#1106=ORIENTED_EDGE('',*,*,#1677,.F.);
#1107=CARTESIAN_POINT('',(1.8,2.05,-1.9));
#1108=DIRECTION('',(1.0,0.0,0.0));
#1109=DIRECTION('',(0.0,1.0,0.0));
#1110=ORIENTED_EDGE('',*,*,#1633,.F.);
#1111=ORIENTED_EDGE('',*,*,#1677,.T.);
#1112=ORIENTED_EDGE('',*,*,#1597,.T.);
#1113=ORIENTED_EDGE('',*,*,#1678,.F.);
#1114=CARTESIAN_POINT('',(1.8,1.75,-1.9));
#1115=DIRECTION('',(0.0,-1.0,0.0));
#1116=DIRECTION('',(0.0,0.0,-1.0));
#1117=ORIENTED_EDGE('',*,*,#1634,.F.);
#1118=ORIENTED_EDGE('',*,*,#1678,.T.);
#1119=ORIENTED_EDGE('',*,*,#1596,.T.);
#1120=ORIENTED_EDGE('',*,*,#1679,.T.);
#1121=CARTESIAN_POINT('',(1.6,1.75,-1.9));
#1122=DIRECTION('',(1.0,0.0,0.0));
#1123=DIRECTION('',(0.0,1.0,0.0));
#1124=ORIENTED_EDGE('',*,*,#1595,.F.);
#1125=ORIENTED_EDGE('',*,*,#1680,.F.);
#1126=ORIENTED_EDGE('',*,*,#1578,.T.);
#1127=ORIENTED_EDGE('',*,*,#1681,.T.);
#1128=ORIENTED_EDGE('',*,*,#1635,.F.);
#1129=ORIENTED_EDGE('',*,*,#1679,.F.);
#1130=CARTESIAN_POINT('',(2.256203699178,-0.4,-0.5));
#1131=DIRECTION('',(0.0,0.0,1.0));
#1132=DIRECTION('',(0.0,-1.0,0.0));
#1133=ORIENTED_EDGE('',*,*,#1636,.F.);
#1134=ORIENTED_EDGE('',*,*,#1681,.F.);
#1135=ORIENTED_EDGE('',*,*,#1577,.F.);
#1136=ORIENTED_EDGE('',*,*,#1682,.T.);
#1137=CARTESIAN_POINT('',(1.62691550564,0.109587531405,-0.5));
#1138=DIRECTION('',(-0.777145961457001,0.629320391049801,0.0));
#1139=DIRECTION('',(0.0,0.0,1.0));
#1140=ORIENTED_EDGE('',*,*,#1576,.T.);
#1141=ORIENTED_EDGE('',*,*,#1683,.T.);
#1142=ORIENTED_EDGE('',*,*,#1637,.F.);
#1143=ORIENTED_EDGE('',*,*,#1682,.F.);
#1144=CARTESIAN_POINT('',(1.689141615417,0.186430377431,-0.5));
#1145=DIRECTION('',(0.629320391049801,0.777145961457001,0.0));
#1146=DIRECTION('',(0.0,0.0,-1.0));
#1147=ORIENTED_EDGE('',*,*,#1575,.T.);
#1148=ORIENTED_EDGE('',*,*,#1684,.T.);
#1149=ORIENTED_EDGE('',*,*,#1638,.F.);
#1150=ORIENTED_EDGE('',*,*,#1683,.F.);
#1151=CARTESIAN_POINT('',(2.0,-0.0652977789890001,-0.5));
#1152=DIRECTION('',(0.777145961457001,-0.629320391049801,0.0));
#1153=DIRECTION('',(0.0,0.0,-1.0));
#1154=ORIENTED_EDGE('',*,*,#1574,.T.);
#1155=ORIENTED_EDGE('',*,*,#1685,.T.);
#1156=ORIENTED_EDGE('',*,*,#1639,.F.);
#1157=ORIENTED_EDGE('',*,*,#1684,.F.);
#1158=CARTESIAN_POINT('',(2.366439190269,-0.435578607992,-0.5));
#1159=DIRECTION('',(0.0,0.0,1.0));
#1160=DIRECTION('',(0.0,-1.0,0.0));
#1161=ORIENTED_EDGE('',*,*,#1573,.T.);
#1162=ORIENTED_EDGE('',*,*,#1542,.T.);
#1163=ORIENTED_EDGE('',*,*,#1640,.F.);
#1164=ORIENTED_EDGE('',*,*,#1685,.F.);
#1165=CARTESIAN_POINT('',(1.85249679501,-0.498682799323,-0.5));
#1166=DIRECTION('',(0.992546151641328,0.121869343405103,0.0));
#1167=DIRECTION('',(0.0,0.0,-1.0));
#1168=ORIENTED_EDGE('',*,*,#1594,.F.);
#1169=ORIENTED_EDGE('',*,*,#1619,.F.);
#1170=ORIENTED_EDGE('',*,*,#1579,.T.);
#1171=ORIENTED_EDGE('',*,*,#1680,.T.);
#1172=CARTESIAN_POINT('',(1.6,-1.7,-0.5));
#1173=DIRECTION('',(-0.992546151641328,-0.121869343405103,0.0));
#1174=DIRECTION('',(-0.121869343405103,0.992546151641328,0.0));
#1175=ORIENTED_EDGE('',*,*,#1586,.T.);
#1176=ORIENTED_EDGE('',*,*,#1627,.T.);
#1177=ORIENTED_EDGE('',*,*,#1645,.F.);
#1178=ORIENTED_EDGE('',*,*,#1686,.F.);
#1179=CARTESIAN_POINT('',(-2.0,-0.0652977789890001,-0.5));
#1180=DIRECTION('',(-0.629320391049801,0.777145961457001,0.0));
#1181=DIRECTION('',(0.0,0.0,1.0));
#1182=ORIENTED_EDGE('',*,*,#1587,.T.);
#1183=ORIENTED_EDGE('',*,*,#1686,.T.);
#1184=ORIENTED_EDGE('',*,*,#1644,.F.);
#1185=ORIENTED_EDGE('',*,*,#1687,.F.);
#1186=CARTESIAN_POINT('',(-1.964031447076,-0.10971524272,-0.5));
#1187=DIRECTION('',(-0.777145961457001,-0.629320391049801,0.0));
#1188=DIRECTION('',(-0.629320391049801,0.777145961457001,0.0));
#1189=ORIENTED_EDGE('',*,*,#1588,.T.);
#1190=ORIENTED_EDGE('',*,*,#1687,.T.);
#1191=ORIENTED_EDGE('',*,*,#1643,.F.);
#1192=ORIENTED_EDGE('',*,*,#1688,.F.);
#1193=CARTESIAN_POINT('',(-2.366439190269,-0.435578607992,-0.5));
#1194=DIRECTION('',(0.0,0.0,1.0));
#1195=DIRECTION('',(0.0,-1.0,0.0));
#1196=ORIENTED_EDGE('',*,*,#1589,.T.);
#1197=ORIENTED_EDGE('',*,*,#1688,.T.);
#1198=ORIENTED_EDGE('',*,*,#1642,.F.);
#1199=ORIENTED_EDGE('',*,*,#1689,.F.);
#1200=CARTESIAN_POINT('',(-2.0,-1.7,-0.5));
#1201=DIRECTION('',(-0.992546151641328,0.121869343405103,0.0));
#1202=DIRECTION('',(0.0,0.0,1.0));
#1203=ORIENTED_EDGE('',*,*,#1641,.F.);
#1204=ORIENTED_EDGE('',*,*,#1538,.T.);
#1205=ORIENTED_EDGE('',*,*,#1572,.F.);
#1206=ORIENTED_EDGE('',*,*,#1689,.T.);
#1207=CARTESIAN_POINT('',(-2.0,-3.0,-1.9));
#1208=DIRECTION('',(-1.0,0.0,0.0));
#1209=DIRECTION('',(0.0,0.0,1.0));
#1210=ORIENTED_EDGE('',*,*,#1690,.T.);
#1211=ORIENTED_EDGE('',*,*,#1646,.F.);
#1212=ORIENTED_EDGE('',*,*,#1691,.F.);
#1213=ORIENTED_EDGE('',*,*,#1611,.T.);
#1214=CARTESIAN_POINT('',(-0.96,-2.0,-1.9));
#1215=DIRECTION('',(-0.0,1.0,0.0));
#1216=DIRECTION('',(1.0,0.0,0.0));
#1217=ORIENTED_EDGE('',*,*,#1690,.F.);
#1218=ORIENTED_EDGE('',*,*,#1692,.F.);
#1219=ORIENTED_EDGE('',*,*,#1558,.T.);
#1220=ORIENTED_EDGE('',*,*,#1693,.T.);
#1221=ORIENTED_EDGE('',*,*,#1647,.F.);
#1222=CARTESIAN_POINT('',(0.56,-2.0,-0.5));
#1223=DIRECTION('',(-1.0,0.0,0.0));
#1224=DIRECTION('',(0.0,0.0,1.0));
#1225=ORIENTED_EDGE('',*,*,#1571,.T.);
#1226=ORIENTED_EDGE('',*,*,#1694,.T.);
#1227=ORIENTED_EDGE('',*,*,#1648,.F.);
#1228=ORIENTED_EDGE('',*,*,#1693,.F.);
#1229=CARTESIAN_POINT('',(0.56,-1.7,-0.5));
#1230=DIRECTION('',(-0.992546151641328,0.121869343405103,0.0));
#1231=DIRECTION('',(0.0,0.0,1.0));
#1232=ORIENTED_EDGE('',*,*,#1570,.T.);
#1233=ORIENTED_EDGE('',*,*,#1695,.T.);
#1234=ORIENTED_EDGE('',*,*,#1649,.F.);
#1235=ORIENTED_EDGE('',*,*,#1694,.F.);
#1236=CARTESIAN_POINT('',(0.1935608097315,-0.435578607992,-0.5));
#1237=DIRECTION('',(0.0,0.0,1.0));
#1238=DIRECTION('',(0.0,-1.0,0.0));
#1239=ORIENTED_EDGE('',*,*,#1569,.T.);
#1240=ORIENTED_EDGE('',*,*,#1696,.T.);
#1241=ORIENTED_EDGE('',*,*,#1650,.F.);
#1242=ORIENTED_EDGE('',*,*,#1695,.F.);
#1243=CARTESIAN_POINT('',(0.5959685529245,-0.10971524272,-0.5));
#1244=DIRECTION('',(-0.777145961457001,-0.629320391049801,0.0));
#1245=DIRECTION('',(-0.629320391049801,0.777145961457001,0.0));
#1246=ORIENTED_EDGE('',*,*,#1568,.T.);
#1247=ORIENTED_EDGE('',*,*,#1697,.T.);
#1248=ORIENTED_EDGE('',*,*,#1651,.F.);
#1249=ORIENTED_EDGE('',*,*,#1696,.F.);
#1250=CARTESIAN_POINT('',(0.5959685529245,0.713080300389,-0.5));
#1251=DIRECTION('',(0.0,0.0,1.0));
#1252=DIRECTION('',(0.0,-1.0,0.0));
#1253=ORIENTED_EDGE('',*,*,#1567,.T.);
#1254=ORIENTED_EDGE('',*,*,#1698,.T.);
#1255=ORIENTED_EDGE('',*,*,#1652,.F.);
#1256=ORIENTED_EDGE('',*,*,#1697,.F.);
#1257=CARTESIAN_POINT('',(0.0781665399814,0.713080300389,-0.5));
#1258=DIRECTION('',(-1.0,0.0,0.0));
#1259=DIRECTION('',(0.0,0.0,1.0));
#1260=ORIENTED_EDGE('',*,*,#1566,.T.);
#1261=ORIENTED_EDGE('',*,*,#1699,.T.);
#1262=ORIENTED_EDGE('',*,*,#1653,.F.);
#1263=ORIENTED_EDGE('',*,*,#1698,.F.);
#1264=CARTESIAN_POINT('',(0.0781665399814,0.9,-0.5));
#1265=DIRECTION('',(-0.0,1.0,0.0));
#1266=DIRECTION('',(1.0,0.0,0.0));
#1267=ORIENTED_EDGE('',*,*,#1565,.T.);
#1268=ORIENTED_EDGE('',*,*,#1700,.T.);
#1269=ORIENTED_EDGE('',*,*,#1654,.F.);
#1270=ORIENTED_EDGE('',*,*,#1699,.F.);
#1271=CARTESIAN_POINT('',(0.4781665399814,0.9,-0.5));
#1272=DIRECTION('',(1.0,0.0,0.0));
#1273=DIRECTION('',(0.0,1.0,0.0));
#1274=ORIENTED_EDGE('',*,*,#1564,.T.);
#1275=ORIENTED_EDGE('',*,*,#1701,.T.);
#1276=ORIENTED_EDGE('',*,*,#1655,.F.);
#1277=ORIENTED_EDGE('',*,*,#1700,.F.);
#1278=CARTESIAN_POINT('',(0.96,0.713080300389,-0.5));
#1279=DIRECTION('',(0.0,0.0,1.0));
#1280=DIRECTION('',(0.0,-1.0,0.0));
#1281=ORIENTED_EDGE('',*,*,#1563,.T.);
#1282=ORIENTED_EDGE('',*,*,#1702,.T.);
#1283=ORIENTED_EDGE('',*,*,#1656,.F.);
#1284=ORIENTED_EDGE('',*,*,#1701,.F.);
#1285=CARTESIAN_POINT('',(0.7034568839834,0.305221117805,-0.5));
#1286=DIRECTION('',(0.532431093529015,0.846473349045023,0.0));
#1287=DIRECTION('',(0.0,0.0,-1.0));
#1288=ORIENTED_EDGE('',*,*,#1607,.F.);
#1289=ORIENTED_EDGE('',*,*,#1703,.T.);
#1290=ORIENTED_EDGE('',*,*,#1657,.F.);
#1291=ORIENTED_EDGE('',*,*,#1702,.F.);
#1292=ORIENTED_EDGE('',*,*,#1562,.T.);
#1293=ORIENTED_EDGE('',*,*,#1704,.T.);
#1294=CARTESIAN_POINT('',(0.3037963008224,-0.4,-0.5));
#1295=DIRECTION('',(0.0,0.0,1.0));
#1296=DIRECTION('',(0.0,-1.0,0.0));
#1297=ORIENTED_EDGE('',*,*,#1608,.F.);
#1298=ORIENTED_EDGE('',*,*,#1704,.F.);
#1299=ORIENTED_EDGE('',*,*,#1561,.T.);
#1300=ORIENTED_EDGE('',*,*,#1705,.T.);
#1301=CARTESIAN_POINT('',(1.10750320499,-0.498682799323,-0.5));
#1302=DIRECTION('',(0.992546151641328,-0.121869343405103,0.0));
#1303=DIRECTION('',(0.0,0.0,-1.0));
#1304=ORIENTED_EDGE('',*,*,#1609,.F.);
#1305=ORIENTED_EDGE('',*,*,#1705,.F.);
#1306=ORIENTED_EDGE('',*,*,#1560,.T.);
#1307=ORIENTED_EDGE('',*,*,#1706,.T.);
#1308=CARTESIAN_POINT('',(0.96,-1.7,-0.5));
#1309=DIRECTION('',(1.0,0.0,0.0));
#1310=DIRECTION('',(0.0,1.0,0.0));
#1311=ORIENTED_EDGE('',*,*,#1610,.F.);
#1312=ORIENTED_EDGE('',*,*,#1706,.F.);
#1313=ORIENTED_EDGE('',*,*,#1559,.T.);
#1314=ORIENTED_EDGE('',*,*,#1692,.T.);
#1315=CARTESIAN_POINT('',(0.96,-2.0,-0.5));
#1316=DIRECTION('',(0.0,-1.0,0.0));
#1317=DIRECTION('',(0.0,0.0,-1.0));
#1318=ORIENTED_EDGE('',*,*,#1658,.F.);
#1319=ORIENTED_EDGE('',*,*,#1703,.F.);
#1320=ORIENTED_EDGE('',*,*,#1617,.T.);
#1321=ORIENTED_EDGE('',*,*,#1707,.F.);
#1322=CARTESIAN_POINT('',(0.96,-2.0,-1.9));
#1323=DIRECTION('',(-1.0,0.0,0.0));
#1324=DIRECTION('',(0.0,0.0,1.0));
#1325=ORIENTED_EDGE('',*,*,#1659,.F.);
#1326=ORIENTED_EDGE('',*,*,#1707,.T.);
#1327=ORIENTED_EDGE('',*,*,#1616,.T.);
#1328=ORIENTED_EDGE('',*,*,#1708,.F.);
#1329=CARTESIAN_POINT('',(0.96,1.75,-1.9));
#1330=DIRECTION('',(0.0,-1.0,0.0));
#1331=DIRECTION('',(0.0,0.0,-1.0));
#1332=ORIENTED_EDGE('',*,*,#1660,.F.);
#1333=ORIENTED_EDGE('',*,*,#1708,.T.);
#1334=ORIENTED_EDGE('',*,*,#1615,.T.);
#1335=ORIENTED_EDGE('',*,*,#1709,.T.);
#1336=CARTESIAN_POINT('',(-0.96,1.75,-1.9));
#1337=DIRECTION('',(1.0,0.0,0.0));
#1338=DIRECTION('',(0.0,1.0,0.0));
#1339=ORIENTED_EDGE('',*,*,#1614,.F.);
#1340=ORIENTED_EDGE('',*,*,#1710,.F.);
#1341=ORIENTED_EDGE('',*,*,#1555,.T.);
#1342=ORIENTED_EDGE('',*,*,#1711,.T.);
#1343=ORIENTED_EDGE('',*,*,#1661,.F.);
#1344=ORIENTED_EDGE('',*,*,#1709,.F.);
#1345=CARTESIAN_POINT('',(-0.3037963008224,-0.4,-0.5));
#1346=DIRECTION('',(0.0,0.0,1.0));
#1347=DIRECTION('',(0.0,-1.0,0.0));
#1348=ORIENTED_EDGE('',*,*,#1554,.T.);
#1349=ORIENTED_EDGE('',*,*,#1712,.T.);
#1350=ORIENTED_EDGE('',*,*,#1662,.F.);
#1351=ORIENTED_EDGE('',*,*,#1711,.F.);
#1352=CARTESIAN_POINT('',(-0.9330844943601,0.109587531405,-0.5));
#1353=DIRECTION('',(-0.777145961457001,0.629320391049801,0.0));
#1354=DIRECTION('',(0.0,0.0,1.0));
#1355=ORIENTED_EDGE('',*,*,#1553,.T.);
#1356=ORIENTED_EDGE('',*,*,#1713,.T.);
#1357=ORIENTED_EDGE('',*,*,#1663,.F.);
#1358=ORIENTED_EDGE('',*,*,#1712,.F.);
#1359=CARTESIAN_POINT('',(-0.9068269375073,0.1420129137,-0.5));
#1360=DIRECTION('',(-0.61797008920239,0.786201608273088,0.0));
#1361=DIRECTION('',(0.0,0.0,1.0));
#1362=ORIENTED_EDGE('',*,*,#1552,.T.);
#1363=ORIENTED_EDGE('',*,*,#1714,.T.);
#1364=ORIENTED_EDGE('',*,*,#1664,.F.);
#1365=ORIENTED_EDGE('',*,*,#1713,.F.);
#1366=CARTESIAN_POINT('',(-0.96,0.713080300389,-0.5));
#1367=DIRECTION('',(0.0,0.0,1.0));
#1368=DIRECTION('',(0.0,-1.0,0.0));
#1369=ORIENTED_EDGE('',*,*,#1551,.T.);
#1370=ORIENTED_EDGE('',*,*,#1715,.T.);
#1371=ORIENTED_EDGE('',*,*,#1665,.F.);
#1372=ORIENTED_EDGE('',*,*,#1714,.F.);
#1373=CARTESIAN_POINT('',(-0.4781665399814,0.713080300389,-0.5));
#1374=DIRECTION('',(-1.0,0.0,0.0));
#1375=DIRECTION('',(0.0,0.0,1.0));
#1376=ORIENTED_EDGE('',*,*,#1550,.T.);
#1377=ORIENTED_EDGE('',*,*,#1716,.T.);
#1378=ORIENTED_EDGE('',*,*,#1666,.F.);
#1379=ORIENTED_EDGE('',*,*,#1715,.F.);
#1380=CARTESIAN_POINT('',(-0.4781665399814,0.9,-0.5));
#1381=DIRECTION('',(-0.0,1.0,0.0));
#1382=DIRECTION('',(1.0,0.0,0.0));
#1383=ORIENTED_EDGE('',*,*,#1549,.T.);
#1384=ORIENTED_EDGE('',*,*,#1717,.T.);
#1385=ORIENTED_EDGE('',*,*,#1667,.F.);
#1386=ORIENTED_EDGE('',*,*,#1716,.F.);
#1387=CARTESIAN_POINT('',(-0.0781665399814,0.9,-0.5));
#1388=DIRECTION('',(1.0,0.0,0.0));
#1389=DIRECTION('',(0.0,1.0,0.0));
#1390=ORIENTED_EDGE('',*,*,#1548,.T.);
#1391=ORIENTED_EDGE('',*,*,#1718,.T.);
#1392=ORIENTED_EDGE('',*,*,#1668,.F.);
#1393=ORIENTED_EDGE('',*,*,#1717,.F.);
#1394=CARTESIAN_POINT('',(-0.5959685529245,0.713080300389,-0.5));
#1395=DIRECTION('',(0.0,0.0,1.0));
#1396=DIRECTION('',(0.0,-1.0,0.0));
#1397=ORIENTED_EDGE('',*,*,#1547,.T.);
#1398=ORIENTED_EDGE('',*,*,#1719,.T.);
#1399=ORIENTED_EDGE('',*,*,#1669,.F.);
#1400=ORIENTED_EDGE('',*,*,#1718,.F.);
#1401=CARTESIAN_POINT('',(-0.1935608097315,0.387216935117,-0.5));
#1402=DIRECTION('',(0.777145961457001,-0.629320391049801,0.0));
#1403=DIRECTION('',(0.0,0.0,-1.0));
#1404=ORIENTED_EDGE('',*,*,#1546,.T.);
#1405=ORIENTED_EDGE('',*,*,#1720,.T.);
#1406=ORIENTED_EDGE('',*,*,#1670,.F.);
#1407=ORIENTED_EDGE('',*,*,#1719,.F.);
#1408=CARTESIAN_POINT('',(-0.1935608097315,-0.435578607992,-0.5));
#1409=DIRECTION('',(0.0,0.0,1.0));
#1410=DIRECTION('',(0.0,-1.0,0.0));
#1411=ORIENTED_EDGE('',*,*,#1545,.T.);
#1412=ORIENTED_EDGE('',*,*,#1721,.T.);
#1413=ORIENTED_EDGE('',*,*,#1671,.F.);
#1414=ORIENTED_EDGE('',*,*,#1720,.F.);
#1415=CARTESIAN_POINT('',(-0.7075032049902,-0.498682799323,-0.5));
#1416=DIRECTION('',(0.992546151641328,0.121869343405103,0.0));
#1417=DIRECTION('',(0.0,0.0,-1.0));
#1418=ORIENTED_EDGE('',*,*,#1691,.T.);
#1419=ORIENTED_EDGE('',*,*,#1672,.F.);
#1420=ORIENTED_EDGE('',*,*,#1721,.F.);
#1421=ORIENTED_EDGE('',*,*,#1544,.T.);
#1422=ORIENTED_EDGE('',*,*,#1591,.T.);
#1423=CARTESIAN_POINT('',(-0.56,-1.7,-0.5));
#1424=DIRECTION('',(1.0,0.0,0.0));
#1425=DIRECTION('',(0.0,1.0,0.0));
#1426=ORIENTED_EDGE('',*,*,#1613,.F.);
#1427=ORIENTED_EDGE('',*,*,#1722,.F.);
#1428=ORIENTED_EDGE('',*,*,#1556,.T.);
#1429=ORIENTED_EDGE('',*,*,#1710,.T.);
#1430=CARTESIAN_POINT('',(-0.96,-1.7,-0.5));
#1431=DIRECTION('',(-0.992546151641328,-0.121869343405103,0.0));
#1432=DIRECTION('',(-0.121869343405103,0.992546151641328,0.0));
#1433=ORIENTED_EDGE('',*,*,#1612,.F.);
#1434=ORIENTED_EDGE('',*,*,#1592,.F.);
#1435=ORIENTED_EDGE('',*,*,#1557,.T.);
#1436=ORIENTED_EDGE('',*,*,#1722,.T.);
#1437=CARTESIAN_POINT('',(-0.96,-2.0,-0.5));
#1438=DIRECTION('',(-1.0,0.0,0.0));
#1439=DIRECTION('',(0.0,0.0,1.0));
#1440=EDGE_CURVE('',#1723,#1724,#1725,.T.);
#1441=EDGE_CURVE('',#1724,#1726,#1727,.T.);
#1442=EDGE_CURVE('',#1726,#1728,#1729,.T.);
#1443=EDGE_CURVE('',#1728,#1723,#1730,.T.);
#1444=EDGE_CURVE('',#1731,#1732,#1733,.T.);
#1445=EDGE_CURVE('',#1732,#1734,#1735,.T.);
#1446=EDGE_CURVE('',#1736,#1734,#1737,.T.);
#1447=EDGE_CURVE('',#1738,#1736,#1739,.T.);
#1448=EDGE_CURVE('',#1738,#1740,#1741,.T.);
#1449=EDGE_CURVE('',#1740,#1742,#1743,.T.);
#1450=EDGE_CURVE('',#1742,#1744,#1745,.T.);
#1451=EDGE_CURVE('',#1731,#1744,#1746,.T.);
#1452=EDGE_CURVE('',#1747,#1748,#1749,.T.);
#1453=EDGE_CURVE('',#1747,#1750,#1751,.T.);
#1454=EDGE_CURVE('',#1750,#1752,#1753,.T.);
#1455=EDGE_CURVE('',#1752,#1748,#1754,.T.);
#1456=EDGE_CURVE('',#1755,#1756,#1757,.T.);
#1457=EDGE_CURVE('',#1756,#1758,#1759,.T.);
#1458=EDGE_CURVE('',#1760,#1758,#1761,.T.);
#1459=EDGE_CURVE('',#1762,#1760,#1763,.T.);
#1460=EDGE_CURVE('',#1762,#1764,#1765,.T.);
#1461=EDGE_CURVE('',#1764,#1766,#1767,.T.);
#1462=EDGE_CURVE('',#1768,#1766,#1769,.T.);
#1463=EDGE_CURVE('',#1755,#1768,#1770,.T.);
#1464=EDGE_CURVE('',#1771,#1723,#1772,.T.);
#1465=EDGE_CURVE('',#1771,#1773,#1774,.T.);
#1466=EDGE_CURVE('',#1773,#1732,#1775,.T.);
#1467=EDGE_CURVE('',#1776,#1731,#1777,.T.);
#1468=EDGE_CURVE('',#1776,#1778,#1779,.T.);
#1469=EDGE_CURVE('',#1778,#1724,#1780,.T.);
#1470=EDGE_CURVE('',#1781,#1755,#1782,.T.);
#1471=EDGE_CURVE('',#1783,#1781,#1784,.T.);
#1472=EDGE_CURVE('',#1783,#1756,#1785,.T.);
#1473=EDGE_CURVE('',#1762,#1786,#1787,.T.);
#1474=EDGE_CURVE('',#1788,#1786,#1789,.T.);
#1475=EDGE_CURVE('',#1790,#1788,#1791,.T.);
#1476=EDGE_CURVE('',#1792,#1790,#1793,.T.);
#1477=EDGE_CURVE('',#1792,#1794,#1795,.T.);
#1478=EDGE_CURVE('',#1794,#1796,#1797,.T.);
#1479=EDGE_CURVE('',#1764,#1796,#1798,.T.);
#1480=EDGE_CURVE('',#1799,#1800,#1801,.T.);
#1481=EDGE_CURVE('',#1800,#1802,#1803,.T.);
#1482=EDGE_CURVE('',#1804,#1802,#1805,.T.);
#1483=EDGE_CURVE('',#1799,#1804,#1806,.T.);
#1484=EDGE_CURVE('',#1726,#1783,#1807,.T.);
#1485=EDGE_CURVE('',#1808,#1778,#1809,.T.);
#1486=EDGE_CURVE('',#1810,#1808,#1811,.T.);
#1487=EDGE_CURVE('',#1758,#1810,#1812,.T.);
#1488=EDGE_CURVE('',#1800,#1813,#1814,.T.);
#1489=EDGE_CURVE('',#1815,#1813,#1816,.T.);
#1490=EDGE_CURVE('',#1817,#1815,#1818,.T.);
#1491=EDGE_CURVE('',#1819,#1817,#1820,.T.);
#1492=EDGE_CURVE('',#1819,#1748,#1821,.T.);
#1493=EDGE_CURVE('',#1802,#1752,#1822,.T.);
#1494=EDGE_CURVE('',#1823,#1810,#1824,.T.);
#1495=EDGE_CURVE('',#1823,#1760,#1825,.T.);
#1496=EDGE_CURVE('',#1826,#1813,#1827,.T.);
#1497=EDGE_CURVE('',#1826,#1828,#1829,.T.);
#1498=EDGE_CURVE('',#1828,#1815,#1830,.T.);
#1499=EDGE_CURVE('',#1831,#1823,#1832,.T.);
#1500=EDGE_CURVE('',#1776,#1831,#1833,.T.);
#1501=EDGE_CURVE('',#1786,#1744,#1834,.T.);
#1502=EDGE_CURVE('',#1794,#1826,#1835,.T.);
#1503=EDGE_CURVE('',#1738,#1792,#1836,.T.);
#1504=EDGE_CURVE('',#1837,#1736,#1838,.T.);
#1505=EDGE_CURVE('',#1839,#1837,#1840,.T.);
#1506=EDGE_CURVE('',#1828,#1839,#1841,.T.);
#1507=EDGE_CURVE('',#1742,#1788,#1842,.T.);
#1508=EDGE_CURVE('',#1728,#1781,#1843,.T.);
#1509=EDGE_CURVE('',#1740,#1790,#1844,.T.);
#1510=EDGE_CURVE('',#1845,#1846,#1847,.T.);
#1511=EDGE_CURVE('',#1848,#1846,#1849,.T.);
#1512=EDGE_CURVE('',#1850,#1848,#1851,.T.);
#1513=EDGE_CURVE('',#1850,#1845,#1852,.T.);
#1514=EDGE_CURVE('',#1750,#1804,#1853,.T.);
#1515=EDGE_CURVE('',#1768,#1854,#1855,.T.);
#1516=EDGE_CURVE('',#1854,#1856,#1857,.T.);
#1517=EDGE_CURVE('',#1771,#1856,#1858,.T.);
#1518=EDGE_CURVE('',#1799,#1859,#1860,.T.);
#1519=EDGE_CURVE('',#1861,#1747,#1862,.T.);
#1520=EDGE_CURVE('',#1863,#1861,#1864,.T.);
#1521=EDGE_CURVE('',#1865,#1863,#1866,.T.);
#1522=EDGE_CURVE('',#1865,#1859,#1867,.T.);
#1523=EDGE_CURVE('',#1846,#1856,#1868,.T.);
#1524=EDGE_CURVE('',#1863,#1845,#1869,.T.);
#1525=EDGE_CURVE('',#1861,#1870,#1871,.T.);
#1526=EDGE_CURVE('',#1773,#1870,#1872,.T.);
#1527=EDGE_CURVE('',#1796,#1873,#1874,.T.);
#1528=EDGE_CURVE('',#1766,#1873,#1875,.T.);
#1529=EDGE_CURVE('',#1870,#1734,#1876,.T.);
#1530=EDGE_CURVE('',#1859,#1873,#1877,.T.);
#1531=EDGE_CURVE('',#1865,#1850,#1878,.T.);
#1532=EDGE_CURVE('',#1848,#1854,#1879,.T.);
#1533=EDGE_CURVE('',#1837,#1819,#1880,.T.);
#1534=EDGE_CURVE('',#1831,#1808,#1881,.T.);
#1535=EDGE_CURVE('',#1839,#1817,#1882,.T.);
#1536=EDGE_CURVE('',#1883,#1884,#1885,.T.);
#1537=EDGE_CURVE('',#1886,#1883,#1887,.T.);
#1538=EDGE_CURVE('',#1888,#1886,#1889,.T.);
#1539=EDGE_CURVE('',#1884,#1888,#1890,.T.);
#1540=EDGE_CURVE('',#1883,#1891,#1892,.T.);
#1541=EDGE_CURVE('',#1893,#1884,#1894,.T.);
#1542=EDGE_CURVE('',#1891,#1893,#1895,.T.);
#1543=EDGE_CURVE('',#1896,#1897,#1898,.T.);
#1544=EDGE_CURVE('',#1899,#1896,#1900,.T.);
#1545=EDGE_CURVE('',#1901,#1899,#1902,.T.);
#1546=EDGE_CURVE('',#1903,#1901,#1904,.T.);
#1547=EDGE_CURVE('',#1905,#1903,#1906,.T.);
#1548=EDGE_CURVE('',#1907,#1905,#1908,.T.);
#1549=EDGE_CURVE('',#1909,#1907,#1910,.T.);
#1550=EDGE_CURVE('',#1911,#1909,#1912,.T.);
#1551=EDGE_CURVE('',#1913,#1911,#1914,.T.);
#1552=EDGE_CURVE('',#1915,#1913,#1916,.T.);
#1553=EDGE_CURVE('',#1917,#1915,#1918,.T.);
#1554=EDGE_CURVE('',#1919,#1917,#1920,.T.);
#1555=EDGE_CURVE('',#1921,#1919,#1922,.T.);
#1556=EDGE_CURVE('',#1923,#1921,#1924,.T.);
#1557=EDGE_CURVE('',#1897,#1923,#1925,.T.);
#1558=EDGE_CURVE('',#1926,#1927,#1928,.T.);
#1559=EDGE_CURVE('',#1929,#1926,#1930,.T.);
#1560=EDGE_CURVE('',#1931,#1929,#1932,.T.);
#1561=EDGE_CURVE('',#1933,#1931,#1934,.T.);
#1562=EDGE_CURVE('',#1935,#1933,#1936,.T.);
#1563=EDGE_CURVE('',#1937,#1935,#1938,.T.);
#1564=EDGE_CURVE('',#1939,#1937,#1940,.T.);
#1565=EDGE_CURVE('',#1941,#1939,#1942,.T.);
#1566=EDGE_CURVE('',#1943,#1941,#1944,.T.);
#1567=EDGE_CURVE('',#1945,#1943,#1946,.T.);
#1568=EDGE_CURVE('',#1947,#1945,#1948,.T.);
#1569=EDGE_CURVE('',#1949,#1947,#1950,.T.);
#1570=EDGE_CURVE('',#1951,#1949,#1952,.T.);
#1571=EDGE_CURVE('',#1927,#1951,#1953,.T.);
#1572=EDGE_CURVE('',#1954,#1886,#1955,.T.);
#1573=EDGE_CURVE('',#1956,#1891,#1957,.T.);
#1574=EDGE_CURVE('',#1958,#1956,#1959,.T.);
#1575=EDGE_CURVE('',#1960,#1958,#1961,.T.);
#1576=EDGE_CURVE('',#1962,#1960,#1963,.T.);
#1577=EDGE_CURVE('',#1962,#1964,#1965,.T.);
#1578=EDGE_CURVE('',#1966,#1964,#1967,.T.);
#1579=EDGE_CURVE('',#1968,#1966,#1969,.T.);
#1580=EDGE_CURVE('',#1970,#1968,#1971,.T.);
#1581=EDGE_CURVE('',#1972,#1970,#1973,.T.);
#1582=EDGE_CURVE('',#1974,#1972,#1975,.T.);
#1583=EDGE_CURVE('',#1976,#1974,#1977,.T.);
#1584=EDGE_CURVE('',#1978,#1976,#1979,.T.);
#1585=EDGE_CURVE('',#1978,#1980,#1981,.T.);
#1586=EDGE_CURVE('',#1982,#1980,#1983,.T.);
#1587=EDGE_CURVE('',#1984,#1982,#1985,.T.);
#1588=EDGE_CURVE('',#1986,#1984,#1987,.T.);
#1589=EDGE_CURVE('',#1954,#1986,#1988,.T.);
#1590=EDGE_CURVE('',#1989,#1990,#1991,.T.);
#1591=EDGE_CURVE('',#1896,#1989,#1992,.T.);
#1592=EDGE_CURVE('',#1897,#1990,#1993,.T.);
#1593=EDGE_CURVE('',#1994,#1995,#1996,.T.);
#1594=EDGE_CURVE('',#1995,#1997,#1998,.T.);
#1595=EDGE_CURVE('',#1997,#1999,#2000,.T.);
#1596=EDGE_CURVE('',#2001,#1999,#2002,.T.);
#1597=EDGE_CURVE('',#2003,#2001,#2004,.T.);
#1598=EDGE_CURVE('',#2005,#2003,#2006,.T.);
#1599=EDGE_CURVE('',#2007,#2005,#2008,.T.);
#1600=EDGE_CURVE('',#2009,#2007,#2010,.T.);
#1601=EDGE_CURVE('',#2011,#2009,#2012,.T.);
#1602=EDGE_CURVE('',#2013,#2011,#2014,.T.);
#1603=EDGE_CURVE('',#2013,#2015,#2016,.T.);
#1604=EDGE_CURVE('',#2015,#2017,#2018,.T.);
#1605=EDGE_CURVE('',#2019,#2017,#2020,.T.);
#1606=EDGE_CURVE('',#1994,#2019,#2021,.T.);
#1607=EDGE_CURVE('',#2022,#2023,#2024,.T.);
#1608=EDGE_CURVE('',#2023,#2025,#2026,.T.);
#1609=EDGE_CURVE('',#2025,#2027,#2028,.T.);
#1610=EDGE_CURVE('',#2027,#2029,#2030,.T.);
#1611=EDGE_CURVE('',#1989,#2029,#2031,.T.);
#1612=EDGE_CURVE('',#1990,#2032,#2033,.T.);
#1613=EDGE_CURVE('',#2032,#2034,#2035,.T.);
#1614=EDGE_CURVE('',#2034,#2036,#2037,.T.);
#1615=EDGE_CURVE('',#2038,#2036,#2039,.T.);
#1616=EDGE_CURVE('',#2040,#2038,#2041,.T.);
#1617=EDGE_CURVE('',#2022,#2040,#2042,.T.);
#1618=EDGE_CURVE('',#1994,#1970,#2043,.T.);
#1619=EDGE_CURVE('',#1968,#1995,#2044,.T.);
#1620=EDGE_CURVE('',#2019,#1972,#2045,.T.);
#1621=EDGE_CURVE('',#1974,#2017,#2046,.T.);
#1622=EDGE_CURVE('',#1976,#2015,#2047,.T.);
#1623=EDGE_CURVE('',#2013,#2048,#2049,.T.);
#1624=EDGE_CURVE('',#2050,#2048,#2051,.T.);
#1625=EDGE_CURVE('',#1978,#2050,#2052,.T.);
#1626=EDGE_CURVE('',#2053,#2050,#2054,.T.);
#1627=EDGE_CURVE('',#1980,#2053,#2055,.T.);
#1628=EDGE_CURVE('',#2048,#2056,#2057,.T.);
#1629=EDGE_CURVE('',#2056,#2058,#2059,.T.);
#1630=EDGE_CURVE('',#2058,#2060,#2061,.T.);
#1631=EDGE_CURVE('',#2060,#2062,#2063,.T.);
#1632=EDGE_CURVE('',#2062,#2064,#2065,.T.);
#1633=EDGE_CURVE('',#2064,#2066,#2067,.T.);
#1634=EDGE_CURVE('',#2066,#2068,#2069,.T.);
#1635=EDGE_CURVE('',#2068,#2070,#2071,.T.);
#1636=EDGE_CURVE('',#2070,#2072,#2073,.T.);
#1637=EDGE_CURVE('',#2072,#2074,#2075,.T.);
#1638=EDGE_CURVE('',#2074,#2076,#2077,.T.);
#1639=EDGE_CURVE('',#2076,#2078,#2079,.T.);
#1640=EDGE_CURVE('',#2078,#1893,#2080,.T.);
#1641=EDGE_CURVE('',#1888,#2081,#2082,.T.);
#1642=EDGE_CURVE('',#2081,#2083,#2084,.T.);
#1643=EDGE_CURVE('',#2083,#2085,#2086,.T.);
#1644=EDGE_CURVE('',#2085,#2087,#2088,.T.);
#1645=EDGE_CURVE('',#2087,#2053,#2089,.T.);
#1646=EDGE_CURVE('',#2090,#2091,#2092,.T.);
#1647=EDGE_CURVE('',#2091,#2093,#2094,.T.);
#1648=EDGE_CURVE('',#2093,#2095,#2096,.T.);
#1649=EDGE_CURVE('',#2095,#2097,#2098,.T.);
#1650=EDGE_CURVE('',#2097,#2099,#2100,.T.);
#1651=EDGE_CURVE('',#2099,#2101,#2102,.T.);
#1652=EDGE_CURVE('',#2101,#2103,#2104,.T.);
#1653=EDGE_CURVE('',#2103,#2105,#2106,.T.);
#1654=EDGE_CURVE('',#2105,#2107,#2108,.T.);
#1655=EDGE_CURVE('',#2107,#2109,#2110,.T.);
#1656=EDGE_CURVE('',#2109,#2111,#2112,.T.);
#1657=EDGE_CURVE('',#2111,#2113,#2114,.T.);
#1658=EDGE_CURVE('',#2113,#2115,#2116,.T.);
#1659=EDGE_CURVE('',#2115,#2117,#2118,.T.);
#1660=EDGE_CURVE('',#2117,#2119,#2120,.T.);
#1661=EDGE_CURVE('',#2119,#2121,#2122,.T.);
#1662=EDGE_CURVE('',#2121,#2123,#2124,.T.);
#1663=EDGE_CURVE('',#2123,#2125,#2126,.T.);
#1664=EDGE_CURVE('',#2125,#2127,#2128,.T.);
#1665=EDGE_CURVE('',#2127,#2129,#2130,.T.);
#1666=EDGE_CURVE('',#2129,#2131,#2132,.T.);
#1667=EDGE_CURVE('',#2131,#2133,#2134,.T.);
#1668=EDGE_CURVE('',#2133,#2135,#2136,.T.);
#1669=EDGE_CURVE('',#2135,#2137,#2138,.T.);
#1670=EDGE_CURVE('',#2137,#2139,#2140,.T.);
#1671=EDGE_CURVE('',#2139,#2141,#2142,.T.);
#1672=EDGE_CURVE('',#2141,#2090,#2143,.T.);
#1673=EDGE_CURVE('',#2056,#2011,#2144,.T.);
#1674=EDGE_CURVE('',#2058,#2009,#2145,.T.);
#1675=EDGE_CURVE('',#2060,#2007,#2146,.T.);
#1676=EDGE_CURVE('',#2062,#2005,#2147,.T.);
#1677=EDGE_CURVE('',#2064,#2003,#2148,.T.);
#1678=EDGE_CURVE('',#2066,#2001,#2149,.T.);
#1679=EDGE_CURVE('',#1999,#2068,#2150,.T.);
#1680=EDGE_CURVE('',#1966,#1997,#2151,.T.);
#1681=EDGE_CURVE('',#1964,#2070,#2152,.T.);
#1682=EDGE_CURVE('',#1962,#2072,#2153,.T.);
#1683=EDGE_CURVE('',#1960,#2074,#2154,.T.);
#1684=EDGE_CURVE('',#1958,#2076,#2155,.T.);
#1685=EDGE_CURVE('',#1956,#2078,#2156,.T.);
#1686=EDGE_CURVE('',#1982,#2087,#2157,.T.);
#1687=EDGE_CURVE('',#1984,#2085,#2158,.T.);
#1688=EDGE_CURVE('',#1986,#2083,#2159,.T.);
#1689=EDGE_CURVE('',#1954,#2081,#2160,.T.);
#1690=EDGE_CURVE('',#2029,#2091,#2161,.T.);
#1691=EDGE_CURVE('',#1989,#2090,#2162,.T.);
#1692=EDGE_CURVE('',#1926,#2029,#2163,.T.);
#1693=EDGE_CURVE('',#1927,#2093,#2164,.T.);
#1694=EDGE_CURVE('',#1951,#2095,#2165,.T.);
#1695=EDGE_CURVE('',#1949,#2097,#2166,.T.);
#1696=EDGE_CURVE('',#1947,#2099,#2167,.T.);
#1697=EDGE_CURVE('',#1945,#2101,#2168,.T.);
#1698=EDGE_CURVE('',#1943,#2103,#2169,.T.);
#1699=EDGE_CURVE('',#1941,#2105,#2170,.T.);
#1700=EDGE_CURVE('',#1939,#2107,#2171,.T.);
#1701=EDGE_CURVE('',#1937,#2109,#2172,.T.);
#1702=EDGE_CURVE('',#1935,#2111,#2173,.T.);
#1703=EDGE_CURVE('',#2022,#2113,#2174,.T.);
#1704=EDGE_CURVE('',#1933,#2023,#2175,.T.);
#1705=EDGE_CURVE('',#1931,#2025,#2176,.T.);
#1706=EDGE_CURVE('',#1929,#2027,#2177,.T.);
#1707=EDGE_CURVE('',#2115,#2040,#2178,.T.);
#1708=EDGE_CURVE('',#2117,#2038,#2179,.T.);
#1709=EDGE_CURVE('',#2036,#2119,#2180,.T.);
#1710=EDGE_CURVE('',#1921,#2034,#2181,.T.);
#1711=EDGE_CURVE('',#1919,#2121,#2182,.T.);
#1712=EDGE_CURVE('',#1917,#2123,#2183,.T.);
#1713=EDGE_CURVE('',#1915,#2125,#2184,.T.);
#1714=EDGE_CURVE('',#1913,#2127,#2185,.T.);
#1715=EDGE_CURVE('',#1911,#2129,#2186,.T.);
#1716=EDGE_CURVE('',#1909,#2131,#2187,.T.);
#1717=EDGE_CURVE('',#1907,#2133,#2188,.T.);
#1718=EDGE_CURVE('',#1905,#2135,#2189,.T.);
#1719=EDGE_CURVE('',#1903,#2137,#2190,.T.);
#1720=EDGE_CURVE('',#1901,#2139,#2191,.T.);
#1721=EDGE_CURVE('',#1899,#2141,#2192,.T.);
#1722=EDGE_CURVE('',#1923,#2032,#2193,.T.);
#1723=VERTEX_POINT('',#2194);
#1724=VERTEX_POINT('',#2195);
#1725=LINE('',#2196,#2197);
#1726=VERTEX_POINT('',#2198);
#1727=LINE('',#2199,#2200);
#1728=VERTEX_POINT('',#2201);
#1729=LINE('',#2202,#2203);
#1730=LINE('',#2204,#2205);
#1731=VERTEX_POINT('',#2206);
#1732=VERTEX_POINT('',#2207);
#1733=LINE('',#2208,#2209);
#1734=VERTEX_POINT('',#2210);
#1735=CIRCLE('',#2211,0.7);
#1736=VERTEX_POINT('',#2212);
#1737=LINE('',#2213,#2214);
#1738=VERTEX_POINT('',#2215);
#1739=LINE('',#2216,#2217);
#1740=VERTEX_POINT('',#2218);
#1741=LINE('',#2219,#2220);
#1742=VERTEX_POINT('',#2221);
#1743=LINE('',#2222,#2223);
#1744=VERTEX_POINT('',#2224);
#1745=LINE('',#2225,#2226);
#1746=LINE('',#2227,#2228);
#1747=VERTEX_POINT('',#2229);
#1748=VERTEX_POINT('',#2230);
#1749=LINE('',#2231,#2232);
#1750=VERTEX_POINT('',#2233);
#1751=LINE('',#2234,#2235);
#1752=VERTEX_POINT('',#2236);
#1753=LINE('',#2237,#2238);
#1754=LINE('',#2239,#2240);
#1755=VERTEX_POINT('',#2241);
#1756=VERTEX_POINT('',#2242);
#1757=LINE('',#2243,#2244);
#1758=VERTEX_POINT('',#2245);
#1759=LINE('',#2246,#2247);
#1760=VERTEX_POINT('',#2248);
#1761=LINE('',#2249,#2250);
#1762=VERTEX_POINT('',#2251);
#1763=LINE('',#2252,#2253);
#1764=VERTEX_POINT('',#2254);
#1765=LINE('',#2255,#2256);
#1766=VERTEX_POINT('',#2257);
#1767=LINE('',#2258,#2259);
#1768=VERTEX_POINT('',#2260);
#1769=LINE('',#2261,#2262);
#1770=LINE('',#2263,#2264);
#1771=VERTEX_POINT('',#2265);
#1772=LINE('',#2266,#2267);
#1773=VERTEX_POINT('',#2268);
#1774=LINE('',#2269,#2270);
#1775=LINE('',#2271,#2272);
#1776=VERTEX_POINT('',#2273);
#1777=LINE('',#2274,#2275);
#1778=VERTEX_POINT('',#2276);
#1779=LINE('',#2277,#2278);
#1780=LINE('',#2279,#2280);
#1781=VERTEX_POINT('',#2281);
#1782=LINE('',#2282,#2283);
#1783=VERTEX_POINT('',#2284);
#1784=LINE('',#2285,#2286);
#1785=LINE('',#2287,#2288);
#1786=VERTEX_POINT('',#2289);
#1787=LINE('',#2290,#2291);
#1788=VERTEX_POINT('',#2292);
#1789=LINE('',#2293,#2294);
#1790=VERTEX_POINT('',#2295);
#1791=LINE('',#2296,#2297);
#1792=VERTEX_POINT('',#2298);
#1793=LINE('',#2299,#2300);
#1794=VERTEX_POINT('',#2301);
#1795=LINE('',#2302,#2303);
#1796=VERTEX_POINT('',#2304);
#1797=LINE('',#2305,#2306);
#1798=CIRCLE('',#2307,0.7);
#1799=VERTEX_POINT('',#2308);
#1800=VERTEX_POINT('',#2309);
#1801=LINE('',#2310,#2311);
#1802=VERTEX_POINT('',#2312);
#1803=LINE('',#2313,#2314);
#1804=VERTEX_POINT('',#2315);
#1805=LINE('',#2316,#2317);
#1806=LINE('',#2318,#2319);
#1807=LINE('',#2320,#2321);
#1808=VERTEX_POINT('',#2322);
#1809=LINE('',#2323,#2324);
#1810=VERTEX_POINT('',#2325);
#1811=LINE('',#2326,#2327);
#1812=LINE('',#2328,#2329);
#1813=VERTEX_POINT('',#2330);
#1814=LINE('',#2331,#2332);
#1815=VERTEX_POINT('',#2333);
#1816=LINE('',#2334,#2335);
#1817=VERTEX_POINT('',#2336);
#1818=LINE('',#2337,#2338);
#1819=VERTEX_POINT('',#2339);
#1820=LINE('',#2340,#2341);
#1821=LINE('',#2342,#2343);
#1822=LINE('',#2344,#2345);
#1823=VERTEX_POINT('',#2346);
#1824=LINE('',#2347,#2348);
#1825=LINE('',#2349,#2350);
#1826=VERTEX_POINT('',#2351);
#1827=LINE('',#2352,#2353);
#1828=VERTEX_POINT('',#2354);
#1829=LINE('',#2355,#2356);
#1830=LINE('',#2357,#2358);
#1831=VERTEX_POINT('',#2359);
#1832=LINE('',#2360,#2361);
#1833=LINE('',#2362,#2363);
#1834=LINE('',#2364,#2365);
#1835=LINE('',#2366,#2367);
#1836=LINE('',#2368,#2369);
#1837=VERTEX_POINT('',#2370);
#1838=LINE('',#2371,#2372);
#1839=VERTEX_POINT('',#2373);
#1840=LINE('',#2374,#2375);
#1841=LINE('',#2376,#2377);
#1842=LINE('',#2378,#2379);
#1843=LINE('',#2380,#2381);
#1844=LINE('',#2382,#2383);
#1845=VERTEX_POINT('',#2384);
#1846=VERTEX_POINT('',#2385);
#1847=LINE('',#2386,#2387);
#1848=VERTEX_POINT('',#2388);
#1849=LINE('',#2389,#2390);
#1850=VERTEX_POINT('',#2391);
#1851=LINE('',#2392,#2393);
#1852=LINE('',#2394,#2395);
#1853=LINE('',#2396,#2397);
#1854=VERTEX_POINT('',#2398);
#1855=LINE('',#2399,#2400);
#1856=VERTEX_POINT('',#2401);
#1857=LINE('',#2402,#2403);
#1858=LINE('',#2404,#2405);
#1859=VERTEX_POINT('',#2406);
#1860=LINE('',#2407,#2408);
#1861=VERTEX_POINT('',#2409);
#1862=LINE('',#2410,#2411);
#1863=VERTEX_POINT('',#2412);
#1864=LINE('',#2413,#2414);
#1865=VERTEX_POINT('',#2415);
#1866=LINE('',#2416,#2417);
#1867=LINE('',#2418,#2419);
#1868=LINE('',#2420,#2421);
#1869=LINE('',#2422,#2423);
#1870=VERTEX_POINT('',#2424);
#1871=LINE('',#2425,#2426);
#1872=CIRCLE('',#2427,0.7);
#1873=VERTEX_POINT('',#2428);
#1874=LINE('',#2429,#2430);
#1875=CIRCLE('',#2431,0.7);
#1876=LINE('',#2432,#2433);
#1877=LINE('',#2434,#2435);
#1878=LINE('',#2436,#2437);
#1879=LINE('',#2438,#2439);
#1880=LINE('',#2440,#2441);
#1881=LINE('',#2442,#2443);
#1882=LINE('',#2444,#2445);
#1883=VERTEX_POINT('',#2446);
#1884=VERTEX_POINT('',#2447);
#1885=LINE('',#2448,#2449);
#1886=VERTEX_POINT('',#2450);
#1887=LINE('',#2451,#2452);
#1888=VERTEX_POINT('',#2453);
#1889=LINE('',#2454,#2455);
#1890=LINE('',#2456,#2457);
#1891=VERTEX_POINT('',#2458);
#1892=LINE('',#2459,#2460);
#1893=VERTEX_POINT('',#2461);
#1894=LINE('',#2462,#2463);
#1895=LINE('',#2464,#2465);
#1896=VERTEX_POINT('',#2466);
#1897=VERTEX_POINT('',#2467);
#1898=LINE('',#2468,#2469);
#1899=VERTEX_POINT('',#2470);
#1900=LINE('',#2471,#2472);
#1901=VERTEX_POINT('',#2473);
#1902=LINE('',#2474,#2475);
#1903=VERTEX_POINT('',#2476);
#1904=CIRCLE('',#2477,0.5178020129431);
#1905=VERTEX_POINT('',#2478);
#1906=LINE('',#2479,#2480);
#1907=VERTEX_POINT('',#2481);
#1908=CIRCLE('',#2482,0.5178020129431);
#1909=VERTEX_POINT('',#2483);
#1910=LINE('',#2484,#2485);
#1911=VERTEX_POINT('',#2486);
#1912=LINE('',#2487,#2488);
#1913=VERTEX_POINT('',#2489);
#1914=LINE('',#2490,#2491);
#1915=VERTEX_POINT('',#2492);
#1916=CIRCLE('',#2493,0.4818334600186);
#1917=VERTEX_POINT('',#2494);
#1918=LINE('',#2495,#2496);
#1919=VERTEX_POINT('',#2497);
#1920=LINE('',#2498,#2499);
#1921=VERTEX_POINT('',#2500);
#1922=CIRCLE('',#2501,0.8097426027382);
#1923=VERTEX_POINT('',#2502);
#1924=LINE('',#2503,#2504);
#1925=LINE('',#2505,#2506);
#1926=VERTEX_POINT('',#2507);
#1927=VERTEX_POINT('',#2508);
#1928=LINE('',#2509,#2510);
#1929=VERTEX_POINT('',#2511);
#1930=LINE('',#2512,#2513);
#1931=VERTEX_POINT('',#2514);
#1932=LINE('',#2515,#2516);
#1933=VERTEX_POINT('',#2517);
#1934=LINE('',#2518,#2519);
#1935=VERTEX_POINT('',#2520);
#1936=CIRCLE('',#2521,0.8097426027382);
#1937=VERTEX_POINT('',#2522);
#1938=LINE('',#2523,#2524);
#1939=VERTEX_POINT('',#2525);
#1940=CIRCLE('',#2526,0.4818334600186);
#1941=VERTEX_POINT('',#2527);
#1942=LINE('',#2528,#2529);
#1943=VERTEX_POINT('',#2530);
#1944=LINE('',#2531,#2532);
#1945=VERTEX_POINT('',#2533);
#1946=LINE('',#2534,#2535);
#1947=VERTEX_POINT('',#2536);
#1948=CIRCLE('',#2537,0.5178020129431);
#1949=VERTEX_POINT('',#2538);
#1950=LINE('',#2539,#2540);
#1951=VERTEX_POINT('',#2541);
#1952=CIRCLE('',#2542,0.5178020129431);
#1953=LINE('',#2543,#2544);
#1954=VERTEX_POINT('',#2545);
#1955=LINE('',#2546,#2547);
#1956=VERTEX_POINT('',#2548);
#1957=LINE('',#2549,#2550);
#1958=VERTEX_POINT('',#2551);
#1959=CIRCLE('',#2552,0.5178020129431);
#1960=VERTEX_POINT('',#2553);
#1961=LINE('',#2554,#2555);
#1962=VERTEX_POINT('',#2556);
#1963=LINE('',#2557,#2558);
#1964=VERTEX_POINT('',#2559);
#1965=LINE('',#2560,#2561);
#1966=VERTEX_POINT('',#2562);
#1967=CIRCLE('',#2563,0.8097426027382);
#1968=VERTEX_POINT('',#2564);
#1969=LINE('',#2565,#2566);
#1970=VERTEX_POINT('',#2567);
#1971=LINE('',#2568,#2569);
#1972=VERTEX_POINT('',#2570);
#1973=LINE('',#2571,#2572);
#1974=VERTEX_POINT('',#2573);
#1975=LINE('',#2574,#2575);
#1976=VERTEX_POINT('',#2576);
#1977=LINE('',#2577,#2578);
#1978=VERTEX_POINT('',#2579);
#1979=CIRCLE('',#2580,0.8097426027382);
#1980=VERTEX_POINT('',#2581);
#1981=LINE('',#2582,#2583);
#1982=VERTEX_POINT('',#2584);
#1983=LINE('',#2585,#2586);
#1984=VERTEX_POINT('',#2587);
#1985=LINE('',#2588,#2589);
#1986=VERTEX_POINT('',#2590);
#1987=CIRCLE('',#2591,0.5178020129431);
#1988=LINE('',#2592,#2593);
#1989=VERTEX_POINT('',#2594);
#1990=VERTEX_POINT('',#2595);
#1991=LINE('',#2596,#2597);
#1992=LINE('',#2598,#2599);
#1993=LINE('',#2600,#2601);
#1994=VERTEX_POINT('',#2602);
#1995=VERTEX_POINT('',#2603);
#1996=LINE('',#2604,#2605);
#1997=VERTEX_POINT('',#2606);
#1998=LINE('',#2607,#2608);
#1999=VERTEX_POINT('',#2609);
#2000=CIRCLE('',#2610,0.8097426027382);
#2001=VERTEX_POINT('',#2611);
#2002=LINE('',#2612,#2613);
#2003=VERTEX_POINT('',#2614);
#2004=LINE('',#2615,#2616);
#2005=VERTEX_POINT('',#2617);
#2006=LINE('',#2618,#2619);
#2007=VERTEX_POINT('',#2620);
#2008=LINE('',#2621,#2622);
#2009=VERTEX_POINT('',#2623);
#2010=LINE('',#2624,#2625);
#2011=VERTEX_POINT('',#2626);
#2012=LINE('',#2627,#2628);
#2013=VERTEX_POINT('',#2629);
#2014=LINE('',#2630,#2631);
#2015=VERTEX_POINT('',#2632);
#2016=CIRCLE('',#2633,0.8097426027382);
#2017=VERTEX_POINT('',#2634);
#2018=LINE('',#2635,#2636);
#2019=VERTEX_POINT('',#2637);
#2020=LINE('',#2638,#2639);
#2021=LINE('',#2640,#2641);
#2022=VERTEX_POINT('',#2642);
#2023=VERTEX_POINT('',#2643);
#2024=CIRCLE('',#2644,0.8097426027382);
#2025=VERTEX_POINT('',#2645);
#2026=LINE('',#2646,#2647);
#2027=VERTEX_POINT('',#2648);
#2028=LINE('',#2649,#2650);
#2029=VERTEX_POINT('',#2651);
#2030=LINE('',#2652,#2653);
#2031=LINE('',#2654,#2655);
#2032=VERTEX_POINT('',#2656);
#2033=LINE('',#2657,#2658);
#2034=VERTEX_POINT('',#2659);
#2035=LINE('',#2660,#2661);
#2036=VERTEX_POINT('',#2662);
#2037=CIRCLE('',#2663,0.8097426027382);
#2038=VERTEX_POINT('',#2664);
#2039=LINE('',#2665,#2666);
#2040=VERTEX_POINT('',#2667);
#2041=LINE('',#2668,#2669);
#2042=LINE('',#2670,#2671);
#2043=LINE('',#2672,#2673);
#2044=LINE('',#2674,#2675);
#2045=LINE('',#2676,#2677);
#2046=LINE('',#2678,#2679);
#2047=LINE('',#2680,#2681);
#2048=VERTEX_POINT('',#2682);
#2049=LINE('',#2683,#2684);
#2050=VERTEX_POINT('',#2685);
#2051=CIRCLE('',#2686,0.8097426027382);
#2052=LINE('',#2687,#2688);
#2053=VERTEX_POINT('',#2689);
#2054=LINE('',#2690,#2691);
#2055=LINE('',#2692,#2693);
#2056=VERTEX_POINT('',#2694);
#2057=LINE('',#2695,#2696);
#2058=VERTEX_POINT('',#2697);
#2059=LINE('',#2698,#2699);
#2060=VERTEX_POINT('',#2700);
#2061=LINE('',#2701,#2702);
#2062=VERTEX_POINT('',#2703);
#2063=LINE('',#2704,#2705);
#2064=VERTEX_POINT('',#2706);
#2065=LINE('',#2707,#2708);
#2066=VERTEX_POINT('',#2709);
#2067=LINE('',#2710,#2711);
#2068=VERTEX_POINT('',#2712);
#2069=LINE('',#2713,#2714);
#2070=VERTEX_POINT('',#2715);
#2071=CIRCLE('',#2716,0.8097426027382);
#2072=VERTEX_POINT('',#2717);
#2073=LINE('',#2718,#2719);
#2074=VERTEX_POINT('',#2720);
#2075=LINE('',#2721,#2722);
#2076=VERTEX_POINT('',#2723);
#2077=LINE('',#2724,#2725);
#2078=VERTEX_POINT('',#2726);
#2079=CIRCLE('',#2727,0.5178020129431);
#2080=LINE('',#2728,#2729);
#2081=VERTEX_POINT('',#2730);
#2082=LINE('',#2731,#2732);
#2083=VERTEX_POINT('',#2733);
#2084=LINE('',#2734,#2735);
#2085=VERTEX_POINT('',#2736);
#2086=CIRCLE('',#2737,0.5178020129431);
#2087=VERTEX_POINT('',#2738);
#2088=LINE('',#2739,#2740);
#2089=LINE('',#2741,#2742);
#2090=VERTEX_POINT('',#2743);
#2091=VERTEX_POINT('',#2744);
#2092=LINE('',#2745,#2746);
#2093=VERTEX_POINT('',#2747);
#2094=LINE('',#2748,#2749);
#2095=VERTEX_POINT('',#2750);
#2096=LINE('',#2751,#2752);
#2097=VERTEX_POINT('',#2753);
#2098=CIRCLE('',#2754,0.5178020129431);
#2099=VERTEX_POINT('',#2755);
#2100=LINE('',#2756,#2757);
#2101=VERTEX_POINT('',#2758);
#2102=CIRCLE('',#2759,0.5178020129431);
#2103=VERTEX_POINT('',#2760);
#2104=LINE('',#2761,#2762);
#2105=VERTEX_POINT('',#2763);
#2106=LINE('',#2764,#2765);
#2107=VERTEX_POINT('',#2766);
#2108=LINE('',#2767,#2768);
#2109=VERTEX_POINT('',#2769);
#2110=CIRCLE('',#2770,0.4818334600186);
#2111=VERTEX_POINT('',#2771);
#2112=LINE('',#2772,#2773);
#2113=VERTEX_POINT('',#2774);
#2114=CIRCLE('',#2775,0.8097426027382);
#2115=VERTEX_POINT('',#2776);
#2116=LINE('',#2777,#2778);
#2117=VERTEX_POINT('',#2779);
#2118=LINE('',#2780,#2781);
#2119=VERTEX_POINT('',#2782);
#2120=LINE('',#2783,#2784);
#2121=VERTEX_POINT('',#2785);
#2122=CIRCLE('',#2786,0.8097426027382);
#2123=VERTEX_POINT('',#2787);
#2124=LINE('',#2788,#2789);
#2125=VERTEX_POINT('',#2790);
#2126=LINE('',#2791,#2792);
#2127=VERTEX_POINT('',#2793);
#2128=CIRCLE('',#2794,0.4818334600186);
#2129=VERTEX_POINT('',#2795);
#2130=LINE('',#2796,#2797);
#2131=VERTEX_POINT('',#2798);
#2132=LINE('',#2799,#2800);
#2133=VERTEX_POINT('',#2801);
#2134=LINE('',#2802,#2803);
#2135=VERTEX_POINT('',#2804);
#2136=CIRCLE('',#2805,0.5178020129431);
#2137=VERTEX_POINT('',#2806);
#2138=LINE('',#2807,#2808);
#2139=VERTEX_POINT('',#2809);
#2140=CIRCLE('',#2810,0.5178020129431);
#2141=VERTEX_POINT('',#2811);
#2142=LINE('',#2812,#2813);
#2143=LINE('',#2814,#2815);
#2144=LINE('',#2816,#2817);
#2145=LINE('',#2818,#2819);
#2146=LINE('',#2820,#2821);
#2147=LINE('',#2822,#2823);
#2148=LINE('',#2824,#2825);
#2149=LINE('',#2826,#2827);
#2150=LINE('',#2828,#2829);
#2151=LINE('',#2830,#2831);
#2152=LINE('',#2832,#2833);
#2153=LINE('',#2834,#2835);
#2154=LINE('',#2836,#2837);
#2155=LINE('',#2838,#2839);
#2156=LINE('',#2840,#2841);
#2157=LINE('',#2842,#2843);
#2158=LINE('',#2844,#2845);
#2159=LINE('',#2846,#2847);
#2160=LINE('',#2848,#2849);
#2161=LINE('',#2850,#2851);
#2162=LINE('',#2852,#2853);
#2163=LINE('',#2854,#2855);
#2164=LINE('',#2856,#2857);
#2165=LINE('',#2858,#2859);
#2166=LINE('',#2860,#2861);
#2167=LINE('',#2862,#2863);
#2168=LINE('',#2864,#2865);
#2169=LINE('',#2866,#2867);
#2170=LINE('',#2868,#2869);
#2171=LINE('',#2870,#2871);
#2172=LINE('',#2872,#2873);
#2173=LINE('',#2874,#2875);
#2174=LINE('',#2876,#2877);
#2175=LINE('',#2878,#2879);
#2176=LINE('',#2880,#2881);
#2177=LINE('',#2882,#2883);
#2178=LINE('',#2884,#2885);
#2179=LINE('',#2886,#2887);
#2180=LINE('',#2888,#2889);
#2181=LINE('',#2890,#2891);
#2182=LINE('',#2892,#2893);
#2183=LINE('',#2894,#2895);
#2184=LINE('',#2896,#2897);
#2185=LINE('',#2898,#2899);
#2186=LINE('',#2900,#2901);
#2187=LINE('',#2902,#2903);
#2188=LINE('',#2904,#2905);
#2189=LINE('',#2906,#2907);
#2190=LINE('',#2908,#2909);
#2191=LINE('',#2910,#2911);
#2192=LINE('',#2912,#2913);
#2193=LINE('',#2914,#2915);
#2194=CARTESIAN_POINT('',(0.7,3.0,0.0));
#2195=CARTESIAN_POINT('',(0.7,2.15,0.0));
#2196=CARTESIAN_POINT('',(0.7,3.0,0.0));
#2197=VECTOR('',#2916,0.85);
#2198=CARTESIAN_POINT('',(2.5,2.15,0.0));
#2199=CARTESIAN_POINT('',(0.7,2.15,0.0));
#2200=VECTOR('',#2917,1.8);
#2201=CARTESIAN_POINT('',(2.5,3.0,0.0));
#2202=CARTESIAN_POINT('',(2.5,2.15,0.0));
#2203=VECTOR('',#2918,0.85);
#2204=CARTESIAN_POINT('',(2.5,3.0,0.0));
#2205=VECTOR('',#2919,1.8);
#2206=CARTESIAN_POINT('',(0.7,1.65,0.0));
#2207=CARTESIAN_POINT('',(0.7,1.6,0.0));
#2208=CARTESIAN_POINT('',(0.7,1.65,0.0));
#2209=VECTOR('',#2920,0.05);
#2210=CARTESIAN_POINT('',(-0.7,1.6,0.0));
#2211=AXIS2_PLACEMENT_3D('',#2921,#2922,#2923);
#2212=CARTESIAN_POINT('',(-0.7,1.65,0.0));
#2213=CARTESIAN_POINT('',(-0.7,1.65,0.0));
#2214=VECTOR('',#2924,0.05);
#2215=CARTESIAN_POINT('',(-2.5,1.65,0.0));
#2216=CARTESIAN_POINT('',(-2.5,1.65,0.0));
#2217=VECTOR('',#2925,1.8);
#2218=CARTESIAN_POINT('',(-2.5,-3.0,0.0));
#2219=CARTESIAN_POINT('',(-2.5,1.65,0.0));
#2220=VECTOR('',#2926,4.65);
#2221=CARTESIAN_POINT('',(2.5,-3.0,0.0));
#2222=CARTESIAN_POINT('',(-2.5,-3.0,0.0));
#2223=VECTOR('',#2927,5.0);
#2224=CARTESIAN_POINT('',(2.5,1.65,0.0));
#2225=CARTESIAN_POINT('',(2.5,-3.0,0.0));
#2226=VECTOR('',#2928,4.65);
#2227=CARTESIAN_POINT('',(0.7,1.65,0.0));
#2228=VECTOR('',#2929,1.8);
#2229=CARTESIAN_POINT('',(-0.7,3.0,0.0));
#2230=CARTESIAN_POINT('',(-0.7,2.15,0.0));
#2231=CARTESIAN_POINT('',(-0.7,3.0,0.0));
#2232=VECTOR('',#2930,0.85);
#2233=CARTESIAN_POINT('',(-2.5,3.0,0.0));
#2234=CARTESIAN_POINT('',(-0.7,3.0,0.0));
#2235=VECTOR('',#2931,1.8);
#2236=CARTESIAN_POINT('',(-2.5,2.15,0.0));
#2237=CARTESIAN_POINT('',(-2.5,3.0,0.0));
#2238=VECTOR('',#2932,0.85);
#2239=CARTESIAN_POINT('',(-2.5,2.15,0.0));
#2240=VECTOR('',#2933,1.8);
#2241=CARTESIAN_POINT('',(0.7,3.0,-2.4));
#2242=CARTESIAN_POINT('',(0.7,2.15,-2.4));
#2243=CARTESIAN_POINT('',(0.7,3.0,-2.4));
#2244=VECTOR('',#2934,0.85);
#2245=CARTESIAN_POINT('',(0.7,2.15,-2.1));
#2246=CARTESIAN_POINT('',(0.7,2.15,-2.4));
#2247=VECTOR('',#2935,0.3);
#2248=CARTESIAN_POINT('',(0.7,1.65,-2.1));
#2249=CARTESIAN_POINT('',(0.7,1.65,-2.1));
#2250=VECTOR('',#2936,0.5);
#2251=CARTESIAN_POINT('',(0.7,1.65,-2.4));
#2252=CARTESIAN_POINT('',(0.7,1.65,-2.4));
#2253=VECTOR('',#2937,0.3);
#2254=CARTESIAN_POINT('',(0.7,1.6,-2.4));
#2255=CARTESIAN_POINT('',(0.7,1.65,-2.4));
#2256=VECTOR('',#2938,0.05);
#2257=CARTESIAN_POINT('',(0.7,1.6,-1.9));
#2258=CARTESIAN_POINT('',(0.7,1.6,-2.4));
#2259=VECTOR('',#2939,0.5);
#2260=CARTESIAN_POINT('',(0.7,3.0,-1.9));
#2261=CARTESIAN_POINT('',(0.7,3.0,-1.9));
#2262=VECTOR('',#2940,1.4);
#2263=CARTESIAN_POINT('',(0.7,3.0,-2.4));
#2264=VECTOR('',#2941,0.5);
#2265=CARTESIAN_POINT('',(0.7,3.0,-0.5));
#2266=CARTESIAN_POINT('',(0.7,3.0,-0.5));
#2267=VECTOR('',#2942,0.5);
#2268=CARTESIAN_POINT('',(0.7,1.6,-0.5));
#2269=CARTESIAN_POINT('',(0.7,3.0,-0.5));
#2270=VECTOR('',#2943,1.4);
#2271=CARTESIAN_POINT('',(0.7,1.6,-0.5));
#2272=VECTOR('',#2944,0.5);
#2273=CARTESIAN_POINT('',(0.7,1.65,-0.3));
#2274=CARTESIAN_POINT('',(0.7,1.65,-0.3));
#2275=VECTOR('',#2945,0.3);
#2276=CARTESIAN_POINT('',(0.7,2.15,-0.3));
#2277=CARTESIAN_POINT('',(0.7,1.65,-0.3));
#2278=VECTOR('',#2946,0.5);
#2279=CARTESIAN_POINT('',(0.7,2.15,-0.3));
#2280=VECTOR('',#2947,0.3);
#2281=CARTESIAN_POINT('',(2.5,3.0,-2.4));
#2282=CARTESIAN_POINT('',(2.5,3.0,-2.4));
#2283=VECTOR('',#2948,1.8);
#2284=CARTESIAN_POINT('',(2.5,2.15,-2.4));
#2285=CARTESIAN_POINT('',(2.5,2.15,-2.4));
#2286=VECTOR('',#2949,0.85);
#2287=CARTESIAN_POINT('',(2.5,2.15,-2.4));
#2288=VECTOR('',#2950,1.8);
#2289=CARTESIAN_POINT('',(2.5,1.65,-2.4));
#2290=CARTESIAN_POINT('',(0.7,1.65,-2.4));
#2291=VECTOR('',#2951,1.8);
#2292=CARTESIAN_POINT('',(2.5,-3.0,-2.4));
#2293=CARTESIAN_POINT('',(2.5,-3.0,-2.4));
#2294=VECTOR('',#2952,4.65);
#2295=CARTESIAN_POINT('',(-2.5,-3.0,-2.4));
#2296=CARTESIAN_POINT('',(-2.5,-3.0,-2.4));
#2297=VECTOR('',#2953,5.0);
#2298=CARTESIAN_POINT('',(-2.5,1.65,-2.4));
#2299=CARTESIAN_POINT('',(-2.5,1.65,-2.4));
#2300=VECTOR('',#2954,4.65);
#2301=CARTESIAN_POINT('',(-0.7,1.65,-2.4));
#2302=CARTESIAN_POINT('',(-2.5,1.65,-2.4));
#2303=VECTOR('',#2955,1.8);
#2304=CARTESIAN_POINT('',(-0.7,1.6,-2.4));
#2305=CARTESIAN_POINT('',(-0.7,1.65,-2.4));
#2306=VECTOR('',#2956,0.05);
#2307=AXIS2_PLACEMENT_3D('',#2957,#2958,#2959);
#2308=CARTESIAN_POINT('',(-0.7,3.0,-2.4));
#2309=CARTESIAN_POINT('',(-0.7,2.15,-2.4));
#2310=CARTESIAN_POINT('',(-0.7,3.0,-2.4));
#2311=VECTOR('',#2960,0.85);
#2312=CARTESIAN_POINT('',(-2.5,2.15,-2.4));
#2313=CARTESIAN_POINT('',(-0.7,2.15,-2.4));
#2314=VECTOR('',#2961,1.8);
#2315=CARTESIAN_POINT('',(-2.5,3.0,-2.4));
#2316=CARTESIAN_POINT('',(-2.5,3.0,-2.4));
#2317=VECTOR('',#2962,0.85);
#2318=CARTESIAN_POINT('',(-0.7,3.0,-2.4));
#2319=VECTOR('',#2963,1.8);
#2320=CARTESIAN_POINT('',(2.5,2.15,0.0));
#2321=VECTOR('',#2964,2.4);
#2322=CARTESIAN_POINT('',(2.2,2.15,-0.3));
#2323=CARTESIAN_POINT('',(2.2,2.15,-0.3));
#2324=VECTOR('',#2965,1.5);
#2325=CARTESIAN_POINT('',(2.2,2.15,-2.1));
#2326=CARTESIAN_POINT('',(2.2,2.15,-2.1));
#2327=VECTOR('',#2966,1.8);
#2328=CARTESIAN_POINT('',(0.7,2.15,-2.1));
#2329=VECTOR('',#2967,1.5);
#2330=CARTESIAN_POINT('',(-0.7,2.15,-2.1));
#2331=CARTESIAN_POINT('',(-0.7,2.15,-2.4));
#2332=VECTOR('',#2968,0.3);
#2333=CARTESIAN_POINT('',(-2.2,2.15,-2.1));
#2334=CARTESIAN_POINT('',(-2.2,2.15,-2.1));
#2335=VECTOR('',#2969,1.5);
#2336=CARTESIAN_POINT('',(-2.2,2.15,-0.3));
#2337=CARTESIAN_POINT('',(-2.2,2.15,-0.3));
#2338=VECTOR('',#2970,1.8);
#2339=CARTESIAN_POINT('',(-0.7,2.15,-0.3));
#2340=CARTESIAN_POINT('',(-0.7,2.15,-0.3));
#2341=VECTOR('',#2971,1.5);
#2342=CARTESIAN_POINT('',(-0.7,2.15,-0.3));
#2343=VECTOR('',#2972,0.3);
#2344=CARTESIAN_POINT('',(-2.5,2.15,-2.4));
#2345=VECTOR('',#2973,2.4);
#2346=CARTESIAN_POINT('',(2.2,1.65,-2.1));
#2347=CARTESIAN_POINT('',(2.2,1.65,-2.1));
#2348=VECTOR('',#2974,0.5);
#2349=CARTESIAN_POINT('',(2.2,1.65,-2.1));
#2350=VECTOR('',#2975,1.5);
#2351=CARTESIAN_POINT('',(-0.7,1.65,-2.1));
#2352=CARTESIAN_POINT('',(-0.7,1.65,-2.1));
#2353=VECTOR('',#2976,0.5);
#2354=CARTESIAN_POINT('',(-2.2,1.65,-2.1));
#2355=CARTESIAN_POINT('',(-0.7,1.65,-2.1));
#2356=VECTOR('',#2977,1.5);
#2357=CARTESIAN_POINT('',(-2.2,1.65,-2.1));
#2358=VECTOR('',#2978,0.5);
#2359=CARTESIAN_POINT('',(2.2,1.65,-0.3));
#2360=CARTESIAN_POINT('',(2.2,1.65,-0.3));
#2361=VECTOR('',#2979,1.8);
#2362=CARTESIAN_POINT('',(0.7,1.65,-0.3));
#2363=VECTOR('',#2980,1.5);
#2364=CARTESIAN_POINT('',(2.5,1.65,-2.4));
#2365=VECTOR('',#2981,2.4);
#2366=CARTESIAN_POINT('',(-0.7,1.65,-2.4));
#2367=VECTOR('',#2982,0.3);
#2368=CARTESIAN_POINT('',(-2.5,1.65,0.0));
#2369=VECTOR('',#2983,2.4);
#2370=CARTESIAN_POINT('',(-0.7,1.65,-0.3));
#2371=CARTESIAN_POINT('',(-0.7,1.65,-0.3));
#2372=VECTOR('',#2984,0.3);
#2373=CARTESIAN_POINT('',(-2.2,1.65,-0.3));
#2374=CARTESIAN_POINT('',(-2.2,1.65,-0.3));
#2375=VECTOR('',#2985,1.5);
#2376=CARTESIAN_POINT('',(-2.2,1.65,-2.1));
#2377=VECTOR('',#2986,1.8);
#2378=CARTESIAN_POINT('',(2.5,-3.0,0.0));
#2379=VECTOR('',#2987,2.4);
#2380=CARTESIAN_POINT('',(2.5,3.0,0.0));
#2381=VECTOR('',#2988,2.4);
#2382=CARTESIAN_POINT('',(-2.5,-3.0,0.0));
#2383=VECTOR('',#2989,2.4);
#2384=CARTESIAN_POINT('',(-2.0,-3.0,-0.5));
#2385=CARTESIAN_POINT('',(2.0,-3.0,-0.5));
#2386=CARTESIAN_POINT('',(-2.0,-3.0,-0.5));
#2387=VECTOR('',#2990,4.0);
#2388=CARTESIAN_POINT('',(2.0,-3.0,-1.9));
#2389=CARTESIAN_POINT('',(2.0,-3.0,-1.9));
#2390=VECTOR('',#2991,1.4);
#2391=CARTESIAN_POINT('',(-2.0,-3.0,-1.9));
#2392=CARTESIAN_POINT('',(-2.0,-3.0,-1.9));
#2393=VECTOR('',#2992,4.0);
#2394=CARTESIAN_POINT('',(-2.0,-3.0,-1.9));
#2395=VECTOR('',#2993,1.4);
#2396=CARTESIAN_POINT('',(-2.5,3.0,0.0));
#2397=VECTOR('',#2994,2.4);
#2398=CARTESIAN_POINT('',(2.0,3.0,-1.9));
#2399=CARTESIAN_POINT('',(0.7,3.0,-1.9));
#2400=VECTOR('',#2995,1.3);
#2401=CARTESIAN_POINT('',(2.0,3.0,-0.5));
#2402=CARTESIAN_POINT('',(2.0,3.0,-1.9));
#2403=VECTOR('',#2996,1.4);
#2404=CARTESIAN_POINT('',(0.7,3.0,-0.5));
#2405=VECTOR('',#2997,1.3);
#2406=CARTESIAN_POINT('',(-0.7,3.0,-1.9));
#2407=CARTESIAN_POINT('',(-0.7,3.0,-2.4));
#2408=VECTOR('',#2998,0.5);
#2409=CARTESIAN_POINT('',(-0.7,3.0,-0.5));
#2410=CARTESIAN_POINT('',(-0.7,3.0,-0.5));
#2411=VECTOR('',#2999,0.5);
#2412=CARTESIAN_POINT('',(-2.0,3.0,-0.5));
#2413=CARTESIAN_POINT('',(-2.0,3.0,-0.5));
#2414=VECTOR('',#3000,1.3);
#2415=CARTESIAN_POINT('',(-2.0,3.0,-1.9));
#2416=CARTESIAN_POINT('',(-2.0,3.0,-1.9));
#2417=VECTOR('',#3001,1.4);
#2418=CARTESIAN_POINT('',(-2.0,3.0,-1.9));
#2419=VECTOR('',#3002,1.3);
#2420=CARTESIAN_POINT('',(2.0,-3.0,-0.5));
#2421=VECTOR('',#3003,6.0);
#2422=CARTESIAN_POINT('',(-2.0,3.0,-0.5));
#2423=VECTOR('',#3004,6.0);
#2424=CARTESIAN_POINT('',(-0.7,1.6,-0.5));
#2425=CARTESIAN_POINT('',(-0.7,3.0,-0.5));
#2426=VECTOR('',#3005,1.4);
#2427=AXIS2_PLACEMENT_3D('',#3006,#3007,#3008);
#2428=CARTESIAN_POINT('',(-0.7,1.6,-1.9));
#2429=CARTESIAN_POINT('',(-0.7,1.6,-2.4));
#2430=VECTOR('',#3009,0.5);
#2431=AXIS2_PLACEMENT_3D('',#3010,#3011,#3012);
#2432=CARTESIAN_POINT('',(-0.7,1.6,-0.5));
#2433=VECTOR('',#3013,0.5);
#2434=CARTESIAN_POINT('',(-0.7,3.0,-1.9));
#2435=VECTOR('',#3014,1.4);
#2436=CARTESIAN_POINT('',(-2.0,3.0,-1.9));
#2437=VECTOR('',#3015,6.0);
#2438=CARTESIAN_POINT('',(2.0,-3.0,-1.9));
#2439=VECTOR('',#3016,6.0);
#2440=CARTESIAN_POINT('',(-0.7,1.65,-0.3));
#2441=VECTOR('',#3017,0.5);
#2442=CARTESIAN_POINT('',(2.2,1.65,-0.3));
#2443=VECTOR('',#3018,0.5);
#2444=CARTESIAN_POINT('',(-2.2,1.65,-0.3));
#2445=VECTOR('',#3019,0.5);
#2446=CARTESIAN_POINT('',(2.0,-3.0,-0.5));
#2447=CARTESIAN_POINT('',(2.0,-3.0,-1.9));
#2448=CARTESIAN_POINT('',(2.0,-3.0,-0.5));
#2449=VECTOR('',#3020,1.4);
#2450=CARTESIAN_POINT('',(-2.0,-3.0,-0.5));
#2451=CARTESIAN_POINT('',(-2.0,-3.0,-0.5));
#2452=VECTOR('',#3021,4.0);
#2453=CARTESIAN_POINT('',(-2.0,-3.0,-1.9));
#2454=CARTESIAN_POINT('',(-2.0,-3.0,-1.9));
#2455=VECTOR('',#3022,1.4);
#2456=CARTESIAN_POINT('',(2.0,-3.0,-1.9));
#2457=VECTOR('',#3023,4.0);
#2458=CARTESIAN_POINT('',(2.0,-1.7,-0.5));
#2459=CARTESIAN_POINT('',(2.0,-3.0,-0.5));
#2460=VECTOR('',#3024,1.3);
#2461=CARTESIAN_POINT('',(2.0,-1.7,-1.9));
#2462=CARTESIAN_POINT('',(2.0,-1.7,-1.9));
#2463=VECTOR('',#3025,1.3);
#2464=CARTESIAN_POINT('',(2.0,-1.7,-0.5));
#2465=VECTOR('',#3026,1.4);
#2466=CARTESIAN_POINT('',(-0.56,-2.0,-0.5));
#2467=CARTESIAN_POINT('',(-0.96,-2.0,-0.5));
#2468=CARTESIAN_POINT('',(-0.56,-2.0,-0.5));
#2469=VECTOR('',#3027,0.4);
#2470=CARTESIAN_POINT('',(-0.56,-1.7,-0.5));
#2471=CARTESIAN_POINT('',(-0.56,-1.7,-0.5));
#2472=VECTOR('',#3028,0.3);
#2473=CARTESIAN_POINT('',(-0.7075032049902,-0.498682799323,-0.5));
#2474=CARTESIAN_POINT('',(-0.7075032049902,-0.498682799323,-0.5));
#2475=VECTOR('',#3029,1.21033888317497);
#2476=CARTESIAN_POINT('',(-0.5959685529245,-0.10971524272,-0.5));
#2477=AXIS2_PLACEMENT_3D('',#3030,#3031,#3032);
#2478=CARTESIAN_POINT('',(-0.1935608097315,0.387216935117,-0.5));
#2479=CARTESIAN_POINT('',(-0.1935608097315,0.387216935117,-0.5));
#2480=VECTOR('',#3033,0.639432233431499);
#2481=CARTESIAN_POINT('',(-0.0781665399814,0.713080300389,-0.5));
#2482=AXIS2_PLACEMENT_3D('',#3034,#3035,#3036);
#2483=CARTESIAN_POINT('',(-0.0781665399814,0.9,-0.5));
#2484=CARTESIAN_POINT('',(-0.0781665399814,0.9,-0.5));
#2485=VECTOR('',#3037,0.1869196996115);
#2486=CARTESIAN_POINT('',(-0.4781665399814,0.9,-0.5));
#2487=CARTESIAN_POINT('',(-0.4781665399814,0.9,-0.5));
#2488=VECTOR('',#3038,0.4);
#2489=CARTESIAN_POINT('',(-0.4781665399814,0.713080300389,-0.5));
#2490=CARTESIAN_POINT('',(-0.4781665399814,0.713080300389,-0.5));
#2491=VECTOR('',#3039,0.1869196996115);
#2492=CARTESIAN_POINT('',(-0.6622413337316,0.334262059202,-0.5));
#2493=AXIS2_PLACEMENT_3D('',#3040,#3041,#3042);
#2494=CARTESIAN_POINT('',(-0.9068269375073,0.1420129137,-0.5));
#2495=CARTESIAN_POINT('',(-0.9068269375073,0.1420129137,-0.5));
#2496=VECTOR('',#3043,0.311097816643905);
#2497=CARTESIAN_POINT('',(-0.9330844943601,0.109587531405,-0.5));
#2498=CARTESIAN_POINT('',(-0.9330844943601,0.109587531405,-0.5));
#2499=VECTOR('',#3044,0.04172367084594);
#2500=CARTESIAN_POINT('',(-1.10750320499,-0.498682799323,-0.5));
#2501=AXIS2_PLACEMENT_3D('',#3045,#3046,#3047);
#2502=CARTESIAN_POINT('',(-0.96,-1.7,-0.5));
#2503=CARTESIAN_POINT('',(-0.96,-1.7,-0.5));
#2504=VECTOR('',#3048,1.21033888317497);
#2505=CARTESIAN_POINT('',(-0.96,-2.0,-0.5));
#2506=VECTOR('',#3049,0.3);
#2507=CARTESIAN_POINT('',(0.56,-2.0,-0.5));
#2508=CARTESIAN_POINT('',(0.56,-1.7,-0.5));
#2509=CARTESIAN_POINT('',(0.56,-2.0,-0.5));
#2510=VECTOR('',#3050,0.3);
#2511=CARTESIAN_POINT('',(0.96,-2.0,-0.5));
#2512=CARTESIAN_POINT('',(0.96,-2.0,-0.5));
#2513=VECTOR('',#3051,0.4);
#2514=CARTESIAN_POINT('',(0.96,-1.7,-0.5));
#2515=CARTESIAN_POINT('',(0.96,-1.7,-0.5));
#2516=VECTOR('',#3052,0.3);
#2517=CARTESIAN_POINT('',(1.10750320499,-0.498682799323,-0.5));
#2518=CARTESIAN_POINT('',(1.10750320499,-0.498682799323,-0.5));
#2519=VECTOR('',#3053,1.21033888317497);
#2520=CARTESIAN_POINT('',(0.7349284402753,0.285425532804,-0.5));
#2521=AXIS2_PLACEMENT_3D('',#3054,#3055,#3056);
#2522=CARTESIAN_POINT('',(0.7034568839834,0.305221117805,-0.5));
#2523=CARTESIAN_POINT('',(0.7034568839834,0.305221117805,-0.5));
#2524=VECTOR('',#3057,0.0371796186227921);
#2525=CARTESIAN_POINT('',(0.4781665399814,0.713080300389,-0.5));
#2526=AXIS2_PLACEMENT_3D('',#3058,#3059,#3060);
#2527=CARTESIAN_POINT('',(0.4781665399814,0.9,-0.5));
#2528=CARTESIAN_POINT('',(0.4781665399814,0.9,-0.5));
#2529=VECTOR('',#3061,0.1869196996115);
#2530=CARTESIAN_POINT('',(0.0781665399814,0.9,-0.5));
#2531=CARTESIAN_POINT('',(0.0781665399814,0.9,-0.5));
#2532=VECTOR('',#3062,0.4);
#2533=CARTESIAN_POINT('',(0.0781665399814,0.713080300389,-0.5));
#2534=CARTESIAN_POINT('',(0.0781665399814,0.713080300389,-0.5));
#2535=VECTOR('',#3063,0.1869196996115);
#2536=CARTESIAN_POINT('',(0.1935608097315,0.387216935117,-0.5));
#2537=AXIS2_PLACEMENT_3D('',#3064,#3065,#3066);
#2538=CARTESIAN_POINT('',(0.5959685529245,-0.10971524272,-0.5));
#2539=CARTESIAN_POINT('',(0.5959685529245,-0.10971524272,-0.5));
#2540=VECTOR('',#3067,0.639432233431499);
#2541=CARTESIAN_POINT('',(0.7075032049902,-0.498682799323,-0.5));
#2542=AXIS2_PLACEMENT_3D('',#3068,#3069,#3070);
#2543=CARTESIAN_POINT('',(0.56,-1.7,-0.5));
#2544=VECTOR('',#3071,1.21033888317497);
#2545=CARTESIAN_POINT('',(-2.0,-1.7,-0.5));
#2546=CARTESIAN_POINT('',(-2.0,-1.7,-0.5));
#2547=VECTOR('',#3072,1.3);
#2548=CARTESIAN_POINT('',(1.85249679501,-0.498682799323,-0.5));
#2549=CARTESIAN_POINT('',(1.85249679501,-0.498682799323,-0.5));
#2550=VECTOR('',#3073,1.21033888317497);
#2551=CARTESIAN_POINT('',(1.964031447076,-0.10971524272,-0.5));
#2552=AXIS2_PLACEMENT_3D('',#3074,#3075,#3076);
#2553=CARTESIAN_POINT('',(2.0,-0.0652977789890001,-0.5));
#2554=CARTESIAN_POINT('',(2.0,-0.0652977789890001,-0.5));
#2555=VECTOR('',#3077,0.0571545963487099);
#2556=CARTESIAN_POINT('',(1.689141615417,0.186430377431,-0.5));
#2557=CARTESIAN_POINT('',(1.689141615417,0.186430377431,-0.5));
#2558=VECTOR('',#3078,0.4);
#2559=CARTESIAN_POINT('',(1.62691550564,0.109587531405,-0.5));
#2560=CARTESIAN_POINT('',(1.689141615417,0.186430377431,-0.5));
#2561=VECTOR('',#3079,0.0988782671946399);
#2562=CARTESIAN_POINT('',(1.45249679501,-0.498682799323,-0.5));
#2563=AXIS2_PLACEMENT_3D('',#3080,#3081,#3082);
#2564=CARTESIAN_POINT('',(1.6,-1.7,-0.5));
#2565=CARTESIAN_POINT('',(1.6,-1.7,-0.5));
#2566=VECTOR('',#3083,1.21033888317497);
#2567=CARTESIAN_POINT('',(1.6,-2.5,-0.5));
#2568=CARTESIAN_POINT('',(1.6,-2.5,-0.5));
#2569=VECTOR('',#3084,0.8);
#2570=CARTESIAN_POINT('',(-1.6,-2.5,-0.5));
#2571=CARTESIAN_POINT('',(-1.6,-2.5,-0.5));
#2572=VECTOR('',#3085,3.2);
#2573=CARTESIAN_POINT('',(-1.6,-1.7,-0.5));
#2574=CARTESIAN_POINT('',(-1.6,-1.7,-0.5));
#2575=VECTOR('',#3086,0.8);
#2576=CARTESIAN_POINT('',(-1.45249679501,-0.498682799323,-0.5));
#2577=CARTESIAN_POINT('',(-1.45249679501,-0.498682799323,-0.5));
#2578=VECTOR('',#3087,1.21033888317497);
#2579=CARTESIAN_POINT('',(-1.62691550564,0.109587531405,-0.5));
#2580=AXIS2_PLACEMENT_3D('',#3088,#3089,#3090);
#2581=CARTESIAN_POINT('',(-1.689141615417,0.186430377431,-0.5));
#2582=CARTESIAN_POINT('',(-1.62691550564,0.109587531405,-0.5));
#2583=VECTOR('',#3091,0.0988782671946399);
#2584=CARTESIAN_POINT('',(-2.0,-0.0652977789890001,-0.5));
#2585=CARTESIAN_POINT('',(-2.0,-0.0652977789890001,-0.5));
#2586=VECTOR('',#3092,0.4);
#2587=CARTESIAN_POINT('',(-1.964031447076,-0.10971524272,-0.5));
#2588=CARTESIAN_POINT('',(-1.964031447076,-0.10971524272,-0.5));
#2589=VECTOR('',#3093,0.0571545963487099);
#2590=CARTESIAN_POINT('',(-1.85249679501,-0.498682799323,-0.5));
#2591=AXIS2_PLACEMENT_3D('',#3094,#3095,#3096);
#2592=CARTESIAN_POINT('',(-2.0,-1.7,-0.5));
#2593=VECTOR('',#3097,1.21033888317497);
#2594=CARTESIAN_POINT('',(-0.56,-2.0,-1.4));
#2595=CARTESIAN_POINT('',(-0.96,-2.0,-1.4));
#2596=CARTESIAN_POINT('',(-0.56,-2.0,-1.4));
#2597=VECTOR('',#3098,0.4);
#2598=CARTESIAN_POINT('',(-0.56,-2.0,-0.5));
#2599=VECTOR('',#3099,0.9);
#2600=CARTESIAN_POINT('',(-0.96,-2.0,-0.5));
#2601=VECTOR('',#3100,0.9);
#2602=CARTESIAN_POINT('',(1.6,-2.5,-1.4));
#2603=CARTESIAN_POINT('',(1.6,-1.7,-1.4));
#2604=CARTESIAN_POINT('',(1.6,-2.5,-1.4));
#2605=VECTOR('',#3101,0.8);
#2606=CARTESIAN_POINT('',(1.45249679501,-0.498682799323,-1.4));
#2607=CARTESIAN_POINT('',(1.6,-1.7,-1.4));
#2608=VECTOR('',#3102,1.21033888317497);
#2609=CARTESIAN_POINT('',(1.6,0.0744257453750001,-1.4));
#2610=AXIS2_PLACEMENT_3D('',#3103,#3104,#3105);
#2611=CARTESIAN_POINT('',(1.6,1.75,-1.4));
#2612=CARTESIAN_POINT('',(1.6,1.75,-1.4));
#2613=VECTOR('',#3106,1.675574254625);
#2614=CARTESIAN_POINT('',(1.8,1.75,-1.4));
#2615=CARTESIAN_POINT('',(1.8,1.75,-1.4));
#2616=VECTOR('',#3107,0.2);
#2617=CARTESIAN_POINT('',(1.8,2.05,-1.4));
#2618=CARTESIAN_POINT('',(1.8,2.05,-1.4));
#2619=VECTOR('',#3108,0.3);
#2620=CARTESIAN_POINT('',(-1.8,2.05,-1.4));
#2621=CARTESIAN_POINT('',(-1.8,2.05,-1.4));
#2622=VECTOR('',#3109,3.6);
#2623=CARTESIAN_POINT('',(-1.8,1.75,-1.4));
#2624=CARTESIAN_POINT('',(-1.8,1.75,-1.4));
#2625=VECTOR('',#3110,0.3);
#2626=CARTESIAN_POINT('',(-1.6,1.75,-1.4));
#2627=CARTESIAN_POINT('',(-1.6,1.75,-1.4));
#2628=VECTOR('',#3111,0.2);
#2629=CARTESIAN_POINT('',(-1.6,0.0744257453750001,-1.4));
#2630=CARTESIAN_POINT('',(-1.6,0.0744257453750001,-1.4));
#2631=VECTOR('',#3112,1.675574254625);
#2632=CARTESIAN_POINT('',(-1.45249679501,-0.498682799323,-1.4));
#2633=AXIS2_PLACEMENT_3D('',#3113,#3114,#3115);
#2634=CARTESIAN_POINT('',(-1.6,-1.7,-1.4));
#2635=CARTESIAN_POINT('',(-1.45249679501,-0.498682799323,-1.4));
#2636=VECTOR('',#3116,1.21033888317497);
#2637=CARTESIAN_POINT('',(-1.6,-2.5,-1.4));
#2638=CARTESIAN_POINT('',(-1.6,-2.5,-1.4));
#2639=VECTOR('',#3117,0.8);
#2640=CARTESIAN_POINT('',(1.6,-2.5,-1.4));
#2641=VECTOR('',#3118,3.2);
#2642=CARTESIAN_POINT('',(0.96,0.0744257453750001,-1.4));
#2643=CARTESIAN_POINT('',(1.10750320499,-0.498682799323,-1.4));
#2644=AXIS2_PLACEMENT_3D('',#3119,#3120,#3121);
#2645=CARTESIAN_POINT('',(0.96,-1.7,-1.4));
#2646=CARTESIAN_POINT('',(1.10750320499,-0.498682799323,-1.4));
#2647=VECTOR('',#3122,1.21033888317497);
#2648=CARTESIAN_POINT('',(0.96,-2.0,-1.4));
#2649=CARTESIAN_POINT('',(0.96,-1.7,-1.4));
#2650=VECTOR('',#3123,0.3);
#2651=CARTESIAN_POINT('',(0.56,-2.0,-1.4));
#2652=CARTESIAN_POINT('',(0.96,-2.0,-1.4));
#2653=VECTOR('',#3124,0.4);
#2654=CARTESIAN_POINT('',(-0.56,-2.0,-1.4));
#2655=VECTOR('',#3125,1.12);
#2656=CARTESIAN_POINT('',(-0.96,-1.7,-1.4));
#2657=CARTESIAN_POINT('',(-0.96,-2.0,-1.4));
#2658=VECTOR('',#3126,0.3);
#2659=CARTESIAN_POINT('',(-1.10750320499,-0.498682799323,-1.4));
#2660=CARTESIAN_POINT('',(-0.96,-1.7,-1.4));
#2661=VECTOR('',#3127,1.21033888317497);
#2662=CARTESIAN_POINT('',(-0.96,0.0744257453750001,-1.4));
#2663=AXIS2_PLACEMENT_3D('',#3128,#3129,#3130);
#2664=CARTESIAN_POINT('',(-0.96,1.75,-1.4));
#2665=CARTESIAN_POINT('',(-0.96,1.75,-1.4));
#2666=VECTOR('',#3131,1.675574254625);
#2667=CARTESIAN_POINT('',(0.96,1.75,-1.4));
#2668=CARTESIAN_POINT('',(0.96,1.75,-1.4));
#2669=VECTOR('',#3132,1.92);
#2670=CARTESIAN_POINT('',(0.96,0.0744257453750001,-1.4));
#2671=VECTOR('',#3133,1.675574254625);
#2672=CARTESIAN_POINT('',(1.6,-2.5,-1.4));
#2673=VECTOR('',#3134,0.9);
#2674=CARTESIAN_POINT('',(1.6,-1.7,-0.5));
#2675=VECTOR('',#3135,0.9);
#2676=CARTESIAN_POINT('',(-1.6,-2.5,-1.4));
#2677=VECTOR('',#3136,0.9);
#2678=CARTESIAN_POINT('',(-1.6,-1.7,-0.5));
#2679=VECTOR('',#3137,0.9);
#2680=CARTESIAN_POINT('',(-1.45249679501,-0.498682799323,-0.5));
#2681=VECTOR('',#3138,0.9);
#2682=CARTESIAN_POINT('',(-1.6,0.0744257453750001,-1.9));
#2683=CARTESIAN_POINT('',(-1.6,0.0744257453750001,-1.4));
#2684=VECTOR('',#3139,0.5);
#2685=CARTESIAN_POINT('',(-1.62691550564,0.109587531405,-1.9));
#2686=AXIS2_PLACEMENT_3D('',#3140,#3141,#3142);
#2687=CARTESIAN_POINT('',(-1.62691550564,0.109587531405,-0.5));
#2688=VECTOR('',#3143,1.4);
#2689=CARTESIAN_POINT('',(-1.689141615417,0.186430377431,-1.9));
#2690=CARTESIAN_POINT('',(-1.689141615417,0.186430377431,-1.9));
#2691=VECTOR('',#3144,0.0988782671946399);
#2692=CARTESIAN_POINT('',(-1.689141615417,0.186430377431,-0.5));
#2693=VECTOR('',#3145,1.4);
#2694=CARTESIAN_POINT('',(-1.6,1.75,-1.9));
#2695=CARTESIAN_POINT('',(-1.6,0.0744257453750001,-1.9));
#2696=VECTOR('',#3146,1.675574254625);
#2697=CARTESIAN_POINT('',(-1.8,1.75,-1.9));
#2698=CARTESIAN_POINT('',(-1.6,1.75,-1.9));
#2699=VECTOR('',#3147,0.2);
#2700=CARTESIAN_POINT('',(-1.8,2.05,-1.9));
#2701=CARTESIAN_POINT('',(-1.8,1.75,-1.9));
#2702=VECTOR('',#3148,0.3);
#2703=CARTESIAN_POINT('',(1.8,2.05,-1.9));
#2704=CARTESIAN_POINT('',(-1.8,2.05,-1.9));
#2705=VECTOR('',#3149,3.6);
#2706=CARTESIAN_POINT('',(1.8,1.75,-1.9));
#2707=CARTESIAN_POINT('',(1.8,2.05,-1.9));
#2708=VECTOR('',#3150,0.3);
#2709=CARTESIAN_POINT('',(1.6,1.75,-1.9));
#2710=CARTESIAN_POINT('',(1.8,1.75,-1.9));
#2711=VECTOR('',#3151,0.2);
#2712=CARTESIAN_POINT('',(1.6,0.0744257453750001,-1.9));
#2713=CARTESIAN_POINT('',(1.6,1.75,-1.9));
#2714=VECTOR('',#3152,1.675574254625);
#2715=CARTESIAN_POINT('',(1.62691550564,0.109587531405,-1.9));
#2716=AXIS2_PLACEMENT_3D('',#3153,#3154,#3155);
#2717=CARTESIAN_POINT('',(1.689141615417,0.186430377431,-1.9));
#2718=CARTESIAN_POINT('',(1.62691550564,0.109587531405,-1.9));
#2719=VECTOR('',#3156,0.0988782671946399);
#2720=CARTESIAN_POINT('',(2.0,-0.0652977789890001,-1.9));
#2721=CARTESIAN_POINT('',(1.689141615417,0.186430377431,-1.9));
#2722=VECTOR('',#3157,0.4);
#2723=CARTESIAN_POINT('',(1.964031447076,-0.10971524272,-1.9));
#2724=CARTESIAN_POINT('',(2.0,-0.0652977789890001,-1.9));
#2725=VECTOR('',#3158,0.0571545963487099);
#2726=CARTESIAN_POINT('',(1.85249679501,-0.498682799323,-1.9));
#2727=AXIS2_PLACEMENT_3D('',#3159,#3160,#3161);
#2728=CARTESIAN_POINT('',(1.85249679501,-0.498682799323,-1.9));
#2729=VECTOR('',#3162,1.21033888317497);
#2730=CARTESIAN_POINT('',(-2.0,-1.7,-1.9));
#2731=CARTESIAN_POINT('',(-2.0,-3.0,-1.9));
#2732=VECTOR('',#3163,1.3);
#2733=CARTESIAN_POINT('',(-1.85249679501,-0.498682799323,-1.9));
#2734=CARTESIAN_POINT('',(-2.0,-1.7,-1.9));
#2735=VECTOR('',#3164,1.21033888317497);
#2736=CARTESIAN_POINT('',(-1.964031447076,-0.10971524272,-1.9));
#2737=AXIS2_PLACEMENT_3D('',#3165,#3166,#3167);
#2738=CARTESIAN_POINT('',(-2.0,-0.0652977789890001,-1.9));
#2739=CARTESIAN_POINT('',(-1.964031447076,-0.10971524272,-1.9));
#2740=VECTOR('',#3168,0.0571545963487099);
#2741=CARTESIAN_POINT('',(-2.0,-0.0652977789890001,-1.9));
#2742=VECTOR('',#3169,0.4);
#2743=CARTESIAN_POINT('',(-0.56,-2.0,-1.9));
#2744=CARTESIAN_POINT('',(0.56,-2.0,-1.9));
#2745=CARTESIAN_POINT('',(-0.56,-2.0,-1.9));
#2746=VECTOR('',#3170,1.12);
#2747=CARTESIAN_POINT('',(0.56,-1.7,-1.9));
#2748=CARTESIAN_POINT('',(0.56,-2.0,-1.9));
#2749=VECTOR('',#3171,0.3);
#2750=CARTESIAN_POINT('',(0.7075032049902,-0.498682799323,-1.9));
#2751=CARTESIAN_POINT('',(0.56,-1.7,-1.9));
#2752=VECTOR('',#3172,1.21033888317497);
#2753=CARTESIAN_POINT('',(0.5959685529245,-0.10971524272,-1.9));
#2754=AXIS2_PLACEMENT_3D('',#3173,#3174,#3175);
#2755=CARTESIAN_POINT('',(0.1935608097315,0.387216935117,-1.9));
#2756=CARTESIAN_POINT('',(0.5959685529245,-0.10971524272,-1.9));
#2757=VECTOR('',#3176,0.639432233431499);
#2758=CARTESIAN_POINT('',(0.0781665399814,0.713080300389,-1.9));
#2759=AXIS2_PLACEMENT_3D('',#3177,#3178,#3179);
#2760=CARTESIAN_POINT('',(0.0781665399814,0.9,-1.9));
#2761=CARTESIAN_POINT('',(0.0781665399814,0.713080300389,-1.9));
#2762=VECTOR('',#3180,0.1869196996115);
#2763=CARTESIAN_POINT('',(0.4781665399814,0.9,-1.9));
#2764=CARTESIAN_POINT('',(0.0781665399814,0.9,-1.9));
#2765=VECTOR('',#3181,0.4);
#2766=CARTESIAN_POINT('',(0.4781665399814,0.713080300389,-1.9));
#2767=CARTESIAN_POINT('',(0.4781665399814,0.9,-1.9));
#2768=VECTOR('',#3182,0.1869196996115);
#2769=CARTESIAN_POINT('',(0.7034568839834,0.305221117805,-1.9));
#2770=AXIS2_PLACEMENT_3D('',#3183,#3184,#3185);
#2771=CARTESIAN_POINT('',(0.7349284402753,0.285425532804,-1.9));
#2772=CARTESIAN_POINT('',(0.7034568839834,0.305221117805,-1.9));
#2773=VECTOR('',#3186,0.037179618622779);
#2774=CARTESIAN_POINT('',(0.96,0.0744257453750001,-1.9));
#2775=AXIS2_PLACEMENT_3D('',#3187,#3188,#3189);
#2776=CARTESIAN_POINT('',(0.96,1.75,-1.9));
#2777=CARTESIAN_POINT('',(0.96,0.0744257453750001,-1.9));
#2778=VECTOR('',#3190,1.675574254625);
#2779=CARTESIAN_POINT('',(-0.96,1.75,-1.9));
#2780=CARTESIAN_POINT('',(0.96,1.75,-1.9));
#2781=VECTOR('',#3191,1.92);
#2782=CARTESIAN_POINT('',(-0.96,0.0744257453750001,-1.9));
#2783=CARTESIAN_POINT('',(-0.96,1.75,-1.9));
#2784=VECTOR('',#3192,1.675574254625);
#2785=CARTESIAN_POINT('',(-0.9330844943601,0.109587531405,-1.9));
#2786=AXIS2_PLACEMENT_3D('',#3193,#3194,#3195);
#2787=CARTESIAN_POINT('',(-0.9068269375073,0.1420129137,-1.9));
#2788=CARTESIAN_POINT('',(-0.9330844943601,0.109587531405,-1.9));
#2789=VECTOR('',#3196,0.04172367084594);
#2790=CARTESIAN_POINT('',(-0.6622413337316,0.334262059202,-1.9));
#2791=CARTESIAN_POINT('',(-0.9068269375073,0.1420129137,-1.9));
#2792=VECTOR('',#3197,0.311097816643905);
#2793=CARTESIAN_POINT('',(-0.4781665399814,0.713080300389,-1.9));
#2794=AXIS2_PLACEMENT_3D('',#3198,#3199,#3200);
#2795=CARTESIAN_POINT('',(-0.4781665399814,0.9,-1.9));
#2796=CARTESIAN_POINT('',(-0.4781665399814,0.713080300389,-1.9));
#2797=VECTOR('',#3201,0.1869196996115);
#2798=CARTESIAN_POINT('',(-0.0781665399814,0.9,-1.9));
#2799=CARTESIAN_POINT('',(-0.4781665399814,0.9,-1.9));
#2800=VECTOR('',#3202,0.4);
#2801=CARTESIAN_POINT('',(-0.0781665399814,0.713080300389,-1.9));
#2802=CARTESIAN_POINT('',(-0.0781665399814,0.9,-1.9));
#2803=VECTOR('',#3203,0.1869196996115);
#2804=CARTESIAN_POINT('',(-0.1935608097315,0.387216935117,-1.9));
#2805=AXIS2_PLACEMENT_3D('',#3204,#3205,#3206);
#2806=CARTESIAN_POINT('',(-0.5959685529245,-0.10971524272,-1.9));
#2807=CARTESIAN_POINT('',(-0.1935608097315,0.387216935117,-1.9));
#2808=VECTOR('',#3207,0.639432233431499);
#2809=CARTESIAN_POINT('',(-0.7075032049902,-0.498682799323,-1.9));
#2810=AXIS2_PLACEMENT_3D('',#3208,#3209,#3210);
#2811=CARTESIAN_POINT('',(-0.56,-1.7,-1.9));
#2812=CARTESIAN_POINT('',(-0.7075032049902,-0.498682799323,-1.9));
#2813=VECTOR('',#3211,1.21033888317497);
#2814=CARTESIAN_POINT('',(-0.56,-1.7,-1.9));
#2815=VECTOR('',#3212,0.3);
#2816=CARTESIAN_POINT('',(-1.6,1.75,-1.9));
#2817=VECTOR('',#3213,0.5);
#2818=CARTESIAN_POINT('',(-1.8,1.75,-1.9));
#2819=VECTOR('',#3214,0.5);
#2820=CARTESIAN_POINT('',(-1.8,2.05,-1.9));
#2821=VECTOR('',#3215,0.5);
#2822=CARTESIAN_POINT('',(1.8,2.05,-1.9));
#2823=VECTOR('',#3216,0.5);
#2824=CARTESIAN_POINT('',(1.8,1.75,-1.9));
#2825=VECTOR('',#3217,0.5);
#2826=CARTESIAN_POINT('',(1.6,1.75,-1.9));
#2827=VECTOR('',#3218,0.5);
#2828=CARTESIAN_POINT('',(1.6,0.0744257453750001,-1.4));
#2829=VECTOR('',#3219,0.5);
#2830=CARTESIAN_POINT('',(1.45249679501,-0.498682799323,-0.5));
#2831=VECTOR('',#3220,0.9);
#2832=CARTESIAN_POINT('',(1.62691550564,0.109587531405,-0.5));
#2833=VECTOR('',#3221,1.4);
#2834=CARTESIAN_POINT('',(1.689141615417,0.186430377431,-0.5));
#2835=VECTOR('',#3222,1.4);
#2836=CARTESIAN_POINT('',(2.0,-0.0652977789890001,-0.5));
#2837=VECTOR('',#3223,1.4);
#2838=CARTESIAN_POINT('',(1.964031447076,-0.10971524272,-0.5));
#2839=VECTOR('',#3224,1.4);
#2840=CARTESIAN_POINT('',(1.85249679501,-0.498682799323,-0.5));
#2841=VECTOR('',#3225,1.4);
#2842=CARTESIAN_POINT('',(-2.0,-0.0652977789890001,-0.5));
#2843=VECTOR('',#3226,1.4);
#2844=CARTESIAN_POINT('',(-1.964031447076,-0.10971524272,-0.5));
#2845=VECTOR('',#3227,1.4);
#2846=CARTESIAN_POINT('',(-1.85249679501,-0.498682799323,-0.5));
#2847=VECTOR('',#3228,1.4);
#2848=CARTESIAN_POINT('',(-2.0,-1.7,-0.5));
#2849=VECTOR('',#3229,1.4);
#2850=CARTESIAN_POINT('',(0.56,-2.0,-1.4));
#2851=VECTOR('',#3230,0.5);
#2852=CARTESIAN_POINT('',(-0.56,-2.0,-1.4));
#2853=VECTOR('',#3231,0.5);
#2854=CARTESIAN_POINT('',(0.56,-2.0,-0.5));
#2855=VECTOR('',#3232,0.9);
#2856=CARTESIAN_POINT('',(0.56,-1.7,-0.5));
#2857=VECTOR('',#3233,1.4);
#2858=CARTESIAN_POINT('',(0.7075032049902,-0.498682799323,-0.5));
#2859=VECTOR('',#3234,1.4);
#2860=CARTESIAN_POINT('',(0.5959685529245,-0.10971524272,-0.5));
#2861=VECTOR('',#3235,1.4);
#2862=CARTESIAN_POINT('',(0.1935608097315,0.387216935117,-0.5));
#2863=VECTOR('',#3236,1.4);
#2864=CARTESIAN_POINT('',(0.0781665399814,0.713080300389,-0.5));
#2865=VECTOR('',#3237,1.4);
#2866=CARTESIAN_POINT('',(0.0781665399814,0.9,-0.5));
#2867=VECTOR('',#3238,1.4);
#2868=CARTESIAN_POINT('',(0.4781665399814,0.9,-0.5));
#2869=VECTOR('',#3239,1.4);
#2870=CARTESIAN_POINT('',(0.4781665399814,0.713080300389,-0.5));
#2871=VECTOR('',#3240,1.4);
#2872=CARTESIAN_POINT('',(0.7034568839834,0.305221117805,-0.5));
#2873=VECTOR('',#3241,1.4);
#2874=CARTESIAN_POINT('',(0.7349284402753,0.285425532804,-0.5));
#2875=VECTOR('',#3242,1.4);
#2876=CARTESIAN_POINT('',(0.96,0.0744257453750001,-1.4));
#2877=VECTOR('',#3243,0.5);
#2878=CARTESIAN_POINT('',(1.10750320499,-0.498682799323,-0.5));
#2879=VECTOR('',#3244,0.9);
#2880=CARTESIAN_POINT('',(0.96,-1.7,-0.5));
#2881=VECTOR('',#3245,0.9);
#2882=CARTESIAN_POINT('',(0.96,-2.0,-0.5));
#2883=VECTOR('',#3246,0.9);
#2884=CARTESIAN_POINT('',(0.96,1.75,-1.9));
#2885=VECTOR('',#3247,0.5);
#2886=CARTESIAN_POINT('',(-0.96,1.75,-1.9));
#2887=VECTOR('',#3248,0.5);
#2888=CARTESIAN_POINT('',(-0.96,0.0744257453750001,-1.4));
#2889=VECTOR('',#3249,0.5);
#2890=CARTESIAN_POINT('',(-1.10750320499,-0.498682799323,-0.5));
#2891=VECTOR('',#3250,0.9);
#2892=CARTESIAN_POINT('',(-0.9330844943601,0.109587531405,-0.5));
#2893=VECTOR('',#3251,1.4);
#2894=CARTESIAN_POINT('',(-0.9068269375073,0.1420129137,-0.5));
#2895=VECTOR('',#3252,1.4);
#2896=CARTESIAN_POINT('',(-0.6622413337316,0.334262059202,-0.5));
#2897=VECTOR('',#3253,1.4);
#2898=CARTESIAN_POINT('',(-0.4781665399814,0.713080300389,-0.5));
#2899=VECTOR('',#3254,1.4);
#2900=CARTESIAN_POINT('',(-0.4781665399814,0.9,-0.5));
#2901=VECTOR('',#3255,1.4);
#2902=CARTESIAN_POINT('',(-0.0781665399814,0.9,-0.5));
#2903=VECTOR('',#3256,1.4);
#2904=CARTESIAN_POINT('',(-0.0781665399814,0.713080300389,-0.5));
#2905=VECTOR('',#3257,1.4);
#2906=CARTESIAN_POINT('',(-0.1935608097315,0.387216935117,-0.5));
#2907=VECTOR('',#3258,1.4);
#2908=CARTESIAN_POINT('',(-0.5959685529245,-0.10971524272,-0.5));
#2909=VECTOR('',#3259,1.4);
#2910=CARTESIAN_POINT('',(-0.7075032049902,-0.498682799323,-0.5));
#2911=VECTOR('',#3260,1.4);
#2912=CARTESIAN_POINT('',(-0.56,-1.7,-0.5));
#2913=VECTOR('',#3261,1.4);
#2914=CARTESIAN_POINT('',(-0.96,-1.7,-0.5));
#2915=VECTOR('',#3262,0.9);
#2916=DIRECTION('',(0.0,-1.0,0.0));
#2917=DIRECTION('',(1.0,0.0,0.0));
#2918=DIRECTION('',(0.0,1.0,0.0));
#2919=DIRECTION('',(-1.0,0.0,0.0));
#2920=DIRECTION('',(0.0,-1.0,0.0));
#2921=CARTESIAN_POINT('',(0.0,1.6,0.0));
#2922=DIRECTION('',(0.0,0.0,-1.0));
#2923=DIRECTION('',(1.0,0.0,0.0));
#2924=DIRECTION('',(0.0,-1.0,0.0));
#2925=DIRECTION('',(1.0,0.0,0.0));
#2926=DIRECTION('',(0.0,-1.0,0.0));
#2927=DIRECTION('',(1.0,0.0,0.0));
#2928=DIRECTION('',(0.0,1.0,0.0));
#2929=DIRECTION('',(1.0,0.0,0.0));
#2930=DIRECTION('',(0.0,-1.0,0.0));
#2931=DIRECTION('',(-1.0,0.0,0.0));
#2932=DIRECTION('',(0.0,-1.0,0.0));
#2933=DIRECTION('',(1.0,0.0,0.0));
#2934=DIRECTION('',(0.0,-1.0,0.0));
#2935=DIRECTION('',(0.0,0.0,1.0));
#2936=DIRECTION('',(0.0,1.0,0.0));
#2937=DIRECTION('',(0.0,0.0,1.0));
#2938=DIRECTION('',(0.0,-1.0,0.0));
#2939=DIRECTION('',(0.0,0.0,1.0));
#2940=DIRECTION('',(0.0,-1.0,0.0));
#2941=DIRECTION('',(0.0,0.0,1.0));
#2942=DIRECTION('',(0.0,0.0,1.0));
#2943=DIRECTION('',(0.0,-1.0,0.0));
#2944=DIRECTION('',(0.0,0.0,1.0));
#2945=DIRECTION('',(0.0,0.0,1.0));
#2946=DIRECTION('',(0.0,1.0,0.0));
#2947=DIRECTION('',(0.0,0.0,1.0));
#2948=DIRECTION('',(-1.0,0.0,0.0));
#2949=DIRECTION('',(0.0,1.0,0.0));
#2950=DIRECTION('',(-1.0,0.0,0.0));
#2951=DIRECTION('',(1.0,0.0,0.0));
#2952=DIRECTION('',(0.0,1.0,0.0));
#2953=DIRECTION('',(1.0,0.0,0.0));
#2954=DIRECTION('',(0.0,-1.0,0.0));
#2955=DIRECTION('',(1.0,0.0,0.0));
#2956=DIRECTION('',(0.0,-1.0,0.0));
#2957=CARTESIAN_POINT('',(0.0,1.6,-2.4));
#2958=DIRECTION('',(0.0,0.0,-1.0));
#2959=DIRECTION('',(1.0,0.0,0.0));
#2960=DIRECTION('',(0.0,-1.0,0.0));
#2961=DIRECTION('',(-1.0,0.0,0.0));
#2962=DIRECTION('',(0.0,-1.0,0.0));
#2963=DIRECTION('',(-1.0,0.0,0.0));
#2964=DIRECTION('',(0.0,0.0,-1.0));
#2965=DIRECTION('',(-1.0,0.0,0.0));
#2966=DIRECTION('',(0.0,0.0,1.0));
#2967=DIRECTION('',(1.0,0.0,0.0));
#2968=DIRECTION('',(0.0,0.0,1.0));
#2969=DIRECTION('',(1.0,0.0,0.0));
#2970=DIRECTION('',(0.0,0.0,-1.0));
#2971=DIRECTION('',(-1.0,0.0,0.0));
#2972=DIRECTION('',(0.0,0.0,1.0));
#2973=DIRECTION('',(0.0,0.0,1.0));
#2974=DIRECTION('',(0.0,1.0,0.0));
#2975=DIRECTION('',(-1.0,0.0,0.0));
#2976=DIRECTION('',(0.0,1.0,0.0));
#2977=DIRECTION('',(-1.0,0.0,0.0));
#2978=DIRECTION('',(0.0,1.0,0.0));
#2979=DIRECTION('',(0.0,0.0,-1.0));
#2980=DIRECTION('',(1.0,0.0,0.0));
#2981=DIRECTION('',(0.0,0.0,1.0));
#2982=DIRECTION('',(0.0,0.0,1.0));
#2983=DIRECTION('',(0.0,0.0,-1.0));
#2984=DIRECTION('',(0.0,0.0,1.0));
#2985=DIRECTION('',(1.0,0.0,0.0));
#2986=DIRECTION('',(0.0,0.0,1.0));
#2987=DIRECTION('',(0.0,0.0,-1.0));
#2988=DIRECTION('',(0.0,0.0,-1.0));
#2989=DIRECTION('',(0.0,0.0,-1.0));
#2990=DIRECTION('',(1.0,0.0,0.0));
#2991=DIRECTION('',(0.0,0.0,1.0));
#2992=DIRECTION('',(1.0,0.0,0.0));
#2993=DIRECTION('',(0.0,0.0,1.0));
#2994=DIRECTION('',(0.0,0.0,-1.0));
#2995=DIRECTION('',(1.0,0.0,0.0));
#2996=DIRECTION('',(0.0,0.0,1.0));
#2997=DIRECTION('',(1.0,0.0,0.0));
#2998=DIRECTION('',(0.0,0.0,1.0));
#2999=DIRECTION('',(0.0,0.0,1.0));
#3000=DIRECTION('',(1.0,0.0,0.0));
#3001=DIRECTION('',(0.0,0.0,1.0));
#3002=DIRECTION('',(1.0,0.0,0.0));
#3003=DIRECTION('',(0.0,1.0,0.0));
#3004=DIRECTION('',(0.0,-1.0,0.0));
#3005=DIRECTION('',(0.0,-1.0,0.0));
#3006=CARTESIAN_POINT('',(0.0,1.6,-0.5));
#3007=DIRECTION('',(0.0,0.0,-1.0));
#3008=DIRECTION('',(1.0,0.0,0.0));
#3009=DIRECTION('',(0.0,0.0,1.0));
#3010=CARTESIAN_POINT('',(0.0,1.6,-1.9));
#3011=DIRECTION('',(0.0,0.0,-1.0));
#3012=DIRECTION('',(1.0,0.0,0.0));
#3013=DIRECTION('',(0.0,0.0,1.0));
#3014=DIRECTION('',(0.0,-1.0,0.0));
#3015=DIRECTION('',(0.0,-1.0,0.0));
#3016=DIRECTION('',(0.0,1.0,0.0));
#3017=DIRECTION('',(0.0,1.0,0.0));
#3018=DIRECTION('',(0.0,1.0,0.0));
#3019=DIRECTION('',(0.0,1.0,0.0));
#3020=DIRECTION('',(0.0,0.0,-1.0));
#3021=DIRECTION('',(1.0,0.0,0.0));
#3022=DIRECTION('',(0.0,0.0,1.0));
#3023=DIRECTION('',(-1.0,0.0,0.0));
#3024=DIRECTION('',(0.0,1.0,0.0));
#3025=DIRECTION('',(0.0,-1.0,0.0));
#3026=DIRECTION('',(0.0,0.0,-1.0));
#3027=DIRECTION('',(-1.0,0.0,0.0));
#3028=DIRECTION('',(0.0,-1.0,0.0));
#3029=DIRECTION('',(0.121869343405103,-0.992546151641327,0.0));
#3030=CARTESIAN_POINT('',(-0.1935608097315,-0.435578607992,-0.5));
#3031=DIRECTION('',(0.0,0.0,1.0));
#3032=DIRECTION('',(-0.777145961457001,0.629320391049801,0.0));
#3033=DIRECTION('',(-0.629320391049801,-0.777145961457001,0.0));
#3034=CARTESIAN_POINT('',(-0.5959685529245,0.713080300389,-0.5));
#3035=DIRECTION('',(0.0,0.0,-1.0));
#3036=DIRECTION('',(1.0,0.0,0.0));
#3037=DIRECTION('',(0.0,-1.0,0.0));
#3038=DIRECTION('',(1.0,0.0,0.0));
#3039=DIRECTION('',(0.0,1.0,0.0));
#3040=CARTESIAN_POINT('',(-0.96,0.713080300389,-0.5));
#3041=DIRECTION('',(0.0,0.0,1.0));
#3042=DIRECTION('',(0.61797008920239,-0.786201608273088,0.0));
#3043=DIRECTION('',(0.786201608273088,0.61797008920239,0.0));
#3044=DIRECTION('',(0.629320391049801,0.777145961457001,0.0));
#3045=CARTESIAN_POINT('',(-0.3037963008224,-0.4,-0.5));
#3046=DIRECTION('',(-0.0,0.0,-1.0));
#3047=DIRECTION('',(-0.992546151641328,-0.121869343405103,0.0));
#3048=DIRECTION('',(-0.121869343405103,0.992546151641327,0.0));
#3049=DIRECTION('',(0.0,1.0,0.0));
#3050=DIRECTION('',(0.0,1.0,0.0));
#3051=DIRECTION('',(-1.0,0.0,0.0));
#3052=DIRECTION('',(0.0,-1.0,0.0));
#3053=DIRECTION('',(-0.121869343405103,-0.992546151641327,0.0));
#3054=CARTESIAN_POINT('',(0.3037963008224,-0.4,-0.5));
#3055=DIRECTION('',(0.0,0.0,-1.0));
#3056=DIRECTION('',(0.532431093528969,0.846473349045052,0.0));
#3057=DIRECTION('',(0.846473349045051,-0.53243109352897,0.0));
#3058=CARTESIAN_POINT('',(0.96,0.713080300389,-0.5));
#3059=DIRECTION('',(0.0,0.0,1.0));
#3060=DIRECTION('',(-1.0,0.0,0.0));
#3061=DIRECTION('',(0.0,-1.0,0.0));
#3062=DIRECTION('',(1.0,0.0,0.0));
#3063=DIRECTION('',(0.0,1.0,0.0));
#3064=CARTESIAN_POINT('',(0.5959685529245,0.713080300389,-0.5));
#3065=DIRECTION('',(-0.0,0.0,-1.0));
#3066=DIRECTION('',(-0.777145961457001,-0.629320391049801,0.0));
#3067=DIRECTION('',(-0.629320391049801,0.777145961457001,0.0));
#3068=CARTESIAN_POINT('',(0.1935608097315,-0.435578607992,-0.5));
#3069=DIRECTION('',(0.0,0.0,1.0));
#3070=DIRECTION('',(0.992546151641328,-0.121869343405103,0.0));
#3071=DIRECTION('',(0.121869343405103,0.992546151641327,0.0));
#3072=DIRECTION('',(0.0,-1.0,0.0));
#3073=DIRECTION('',(0.121869343405103,-0.992546151641327,0.0));
#3074=CARTESIAN_POINT('',(2.366439190269,-0.435578607992,-0.5));
#3075=DIRECTION('',(0.0,0.0,1.0));
#3076=DIRECTION('',(-0.777145961457001,0.629320391049801,0.0));
#3077=DIRECTION('',(-0.629320391049801,-0.777145961457001,0.0));
#3078=DIRECTION('',(0.777145961457001,-0.629320391049801,0.0));
#3079=DIRECTION('',(-0.629320391049801,-0.777145961457001,0.0));
#3080=CARTESIAN_POINT('',(2.256203699178,-0.4,-0.5));
#3081=DIRECTION('',(-0.0,0.0,-1.0));
#3082=DIRECTION('',(-0.992546151641328,-0.121869343405103,0.0));
#3083=DIRECTION('',(-0.121869343405103,0.992546151641327,0.0));
#3084=DIRECTION('',(0.0,1.0,0.0));
#3085=DIRECTION('',(1.0,0.0,0.0));
#3086=DIRECTION('',(0.0,-1.0,0.0));
#3087=DIRECTION('',(-0.121869343405103,-0.992546151641327,0.0));
#3088=CARTESIAN_POINT('',(-2.256203699178,-0.4,-0.5));
#3089=DIRECTION('',(0.0,0.0,-1.0));
#3090=DIRECTION('',(0.777145961457001,0.629320391049801,0.0));
#3091=DIRECTION('',(-0.629320391049801,0.777145961457001,0.0));
#3092=DIRECTION('',(0.777145961457001,0.629320391049801,0.0));
#3093=DIRECTION('',(-0.629320391049801,0.777145961457001,0.0));
#3094=CARTESIAN_POINT('',(-2.366439190269,-0.435578607992,-0.5));
#3095=DIRECTION('',(0.0,0.0,1.0));
#3096=DIRECTION('',(0.992546151641328,-0.121869343405103,0.0));
#3097=DIRECTION('',(0.121869343405103,0.992546151641327,0.0));
#3098=DIRECTION('',(-1.0,0.0,0.0));
#3099=DIRECTION('',(0.0,0.0,-1.0));
#3100=DIRECTION('',(0.0,0.0,-1.0));
#3101=DIRECTION('',(0.0,1.0,0.0));
#3102=DIRECTION('',(-0.121869343405103,0.992546151641327,0.0));
#3103=CARTESIAN_POINT('',(2.256203699178,-0.4,-1.4));
#3104=DIRECTION('',(-0.0,0.0,-1.0));
#3105=DIRECTION('',(-0.992546151641328,-0.121869343405103,0.0));
#3106=DIRECTION('',(0.0,-1.0,0.0));
#3107=DIRECTION('',(-1.0,0.0,0.0));
#3108=DIRECTION('',(0.0,-1.0,0.0));
#3109=DIRECTION('',(1.0,0.0,0.0));
#3110=DIRECTION('',(0.0,1.0,0.0));
#3111=DIRECTION('',(-1.0,0.0,0.0));
#3112=DIRECTION('',(0.0,1.0,0.0));
#3113=CARTESIAN_POINT('',(-2.256203699178,-0.4,-1.4));
#3114=DIRECTION('',(0.0,0.0,-1.0));
#3115=DIRECTION('',(0.810385543453697,0.585896979819197,0.0));
#3116=DIRECTION('',(-0.121869343405103,-0.992546151641327,0.0));
#3117=DIRECTION('',(0.0,1.0,0.0));
#3118=DIRECTION('',(-1.0,0.0,0.0));
#3119=CARTESIAN_POINT('',(0.3037963008224,-0.4,-1.4));
#3120=DIRECTION('',(0.0,0.0,-1.0));
#3121=DIRECTION('',(0.810385543453697,0.585896979819197,0.0));
#3122=DIRECTION('',(-0.121869343405103,-0.992546151641327,0.0));
#3123=DIRECTION('',(0.0,-1.0,0.0));
#3124=DIRECTION('',(-1.0,0.0,0.0));
#3125=DIRECTION('',(1.0,0.0,0.0));
#3126=DIRECTION('',(0.0,1.0,0.0));
#3127=DIRECTION('',(-0.121869343405103,0.992546151641327,0.0));
#3128=CARTESIAN_POINT('',(-0.3037963008224,-0.4,-1.4));
#3129=DIRECTION('',(-0.0,0.0,-1.0));
#3130=DIRECTION('',(-0.992546151641328,-0.121869343405103,0.0));
#3131=DIRECTION('',(0.0,-1.0,0.0));
#3132=DIRECTION('',(-1.0,0.0,0.0));
#3133=DIRECTION('',(0.0,1.0,0.0));
#3134=DIRECTION('',(0.0,0.0,1.0));
#3135=DIRECTION('',(0.0,0.0,-1.0));
#3136=DIRECTION('',(0.0,0.0,1.0));
#3137=DIRECTION('',(0.0,0.0,-1.0));
#3138=DIRECTION('',(0.0,0.0,-1.0));
#3139=DIRECTION('',(0.0,0.0,-1.0));
#3140=CARTESIAN_POINT('',(-2.256203699178,-0.4,-1.9));
#3141=DIRECTION('',(0.0,0.0,-1.0));
#3142=DIRECTION('',(0.777145961457001,0.629320391049801,0.0));
#3143=DIRECTION('',(0.0,0.0,-1.0));
#3144=DIRECTION('',(0.629320391049801,-0.777145961457001,0.0));
#3145=DIRECTION('',(0.0,0.0,-1.0));
#3146=DIRECTION('',(0.0,1.0,0.0));
#3147=DIRECTION('',(-1.0,0.0,0.0));
#3148=DIRECTION('',(0.0,1.0,0.0));
#3149=DIRECTION('',(1.0,0.0,0.0));
#3150=DIRECTION('',(0.0,-1.0,0.0));
#3151=DIRECTION('',(-1.0,0.0,0.0));
#3152=DIRECTION('',(0.0,-1.0,0.0));
#3153=CARTESIAN_POINT('',(2.256203699178,-0.4,-1.9));
#3154=DIRECTION('',(0.0,0.0,-1.0));
#3155=DIRECTION('',(-0.810385543453697,0.585896979819197,0.0));
#3156=DIRECTION('',(0.629320391049801,0.777145961457001,0.0));
#3157=DIRECTION('',(0.777145961457001,-0.629320391049801,0.0));
#3158=DIRECTION('',(-0.629320391049801,-0.777145961457001,0.0));
#3159=CARTESIAN_POINT('',(2.366439190269,-0.435578607992,-1.9));
#3160=DIRECTION('',(0.0,0.0,1.0));
#3161=DIRECTION('',(-0.777145961457001,0.629320391049801,0.0));
#3162=DIRECTION('',(0.121869343405103,-0.992546151641327,0.0));
#3163=DIRECTION('',(0.0,1.0,0.0));
#3164=DIRECTION('',(0.121869343405103,0.992546151641327,0.0));
#3165=CARTESIAN_POINT('',(-2.366439190269,-0.435578607992,-1.9));
#3166=DIRECTION('',(0.0,0.0,1.0));
#3167=DIRECTION('',(0.992546151641328,-0.121869343405103,0.0));
#3168=DIRECTION('',(-0.629320391049801,0.777145961457001,0.0));
#3169=DIRECTION('',(0.777145961457001,0.629320391049801,0.0));
#3170=DIRECTION('',(1.0,0.0,0.0));
#3171=DIRECTION('',(0.0,1.0,0.0));
#3172=DIRECTION('',(0.121869343405103,0.992546151641327,0.0));
#3173=CARTESIAN_POINT('',(0.1935608097315,-0.435578607992,-1.9));
#3174=DIRECTION('',(0.0,0.0,1.0));
#3175=DIRECTION('',(0.992546151641328,-0.121869343405103,0.0));
#3176=DIRECTION('',(-0.629320391049801,0.777145961457001,0.0));
#3177=CARTESIAN_POINT('',(0.5959685529245,0.713080300389,-1.9));
#3178=DIRECTION('',(-0.0,0.0,-1.0));
#3179=DIRECTION('',(-0.777145961457001,-0.629320391049801,0.0));
#3180=DIRECTION('',(0.0,1.0,0.0));
#3181=DIRECTION('',(1.0,0.0,0.0));
#3182=DIRECTION('',(0.0,-1.0,0.0));
#3183=CARTESIAN_POINT('',(0.96,0.713080300389,-1.9));
#3184=DIRECTION('',(0.0,0.0,1.0));
#3185=DIRECTION('',(-1.0,0.0,0.0));
#3186=DIRECTION('',(0.846473349045023,-0.532431093529015,0.0));
#3187=CARTESIAN_POINT('',(0.3037963008224,-0.4,-1.9));
#3188=DIRECTION('',(0.0,0.0,-1.0));
#3189=DIRECTION('',(0.532431093528969,0.846473349045052,0.0));
#3190=DIRECTION('',(0.0,1.0,0.0));
#3191=DIRECTION('',(-1.0,0.0,0.0));
#3192=DIRECTION('',(0.0,-1.0,0.0));
#3193=CARTESIAN_POINT('',(-0.3037963008224,-0.4,-1.9));
#3194=DIRECTION('',(0.0,0.0,-1.0));
#3195=DIRECTION('',(-0.810385543453697,0.585896979819197,0.0));
#3196=DIRECTION('',(0.629320391049801,0.777145961457001,0.0));
#3197=DIRECTION('',(0.786201608273088,0.61797008920239,0.0));
#3198=CARTESIAN_POINT('',(-0.96,0.713080300389,-1.9));
#3199=DIRECTION('',(0.0,0.0,1.0));
#3200=DIRECTION('',(0.61797008920239,-0.786201608273088,0.0));
#3201=DIRECTION('',(0.0,1.0,0.0));
#3202=DIRECTION('',(1.0,0.0,0.0));
#3203=DIRECTION('',(0.0,-1.0,0.0));
#3204=CARTESIAN_POINT('',(-0.5959685529245,0.713080300389,-1.9));
#3205=DIRECTION('',(0.0,0.0,-1.0));
#3206=DIRECTION('',(1.0,0.0,0.0));
#3207=DIRECTION('',(-0.629320391049801,-0.777145961457001,0.0));
#3208=CARTESIAN_POINT('',(-0.1935608097315,-0.435578607992,-1.9));
#3209=DIRECTION('',(0.0,0.0,1.0));
#3210=DIRECTION('',(-0.777145961457001,0.629320391049801,0.0));
#3211=DIRECTION('',(0.121869343405103,-0.992546151641327,0.0));
#3212=DIRECTION('',(0.0,-1.0,0.0));
#3213=DIRECTION('',(0.0,0.0,1.0));
#3214=DIRECTION('',(0.0,0.0,1.0));
#3215=DIRECTION('',(0.0,0.0,1.0));
#3216=DIRECTION('',(0.0,0.0,1.0));
#3217=DIRECTION('',(0.0,0.0,1.0));
#3218=DIRECTION('',(0.0,0.0,1.0));
#3219=DIRECTION('',(0.0,0.0,-1.0));
#3220=DIRECTION('',(0.0,0.0,-1.0));
#3221=DIRECTION('',(0.0,0.0,-1.0));
#3222=DIRECTION('',(0.0,0.0,-1.0));
#3223=DIRECTION('',(0.0,0.0,-1.0));
#3224=DIRECTION('',(0.0,0.0,-1.0));
#3225=DIRECTION('',(0.0,0.0,-1.0));
#3226=DIRECTION('',(0.0,0.0,-1.0));
#3227=DIRECTION('',(0.0,0.0,-1.0));
#3228=DIRECTION('',(0.0,0.0,-1.0));
#3229=DIRECTION('',(0.0,0.0,-1.0));
#3230=DIRECTION('',(0.0,0.0,-1.0));
#3231=DIRECTION('',(0.0,0.0,-1.0));
#3232=DIRECTION('',(0.0,0.0,-1.0));
#3233=DIRECTION('',(0.0,0.0,-1.0));
#3234=DIRECTION('',(0.0,0.0,-1.0));
#3235=DIRECTION('',(0.0,0.0,-1.0));
#3236=DIRECTION('',(0.0,0.0,-1.0));
#3237=DIRECTION('',(0.0,0.0,-1.0));
#3238=DIRECTION('',(0.0,0.0,-1.0));
#3239=DIRECTION('',(0.0,0.0,-1.0));
#3240=DIRECTION('',(0.0,0.0,-1.0));
#3241=DIRECTION('',(0.0,0.0,-1.0));
#3242=DIRECTION('',(0.0,0.0,-1.0));
#3243=DIRECTION('',(0.0,0.0,-1.0));
#3244=DIRECTION('',(0.0,0.0,-1.0));
#3245=DIRECTION('',(0.0,0.0,-1.0));
#3246=DIRECTION('',(0.0,0.0,-1.0));
#3247=DIRECTION('',(0.0,0.0,1.0));
#3248=DIRECTION('',(0.0,0.0,1.0));
#3249=DIRECTION('',(0.0,0.0,-1.0));
#3250=DIRECTION('',(0.0,0.0,-1.0));
#3251=DIRECTION('',(0.0,0.0,-1.0));
#3252=DIRECTION('',(0.0,0.0,-1.0));
#3253=DIRECTION('',(0.0,0.0,-1.0));
#3254=DIRECTION('',(0.0,0.0,-1.0));
#3255=DIRECTION('',(0.0,0.0,-1.0));
#3256=DIRECTION('',(0.0,0.0,-1.0));
#3257=DIRECTION('',(0.0,0.0,-1.0));
#3258=DIRECTION('',(0.0,0.0,-1.0));
#3259=DIRECTION('',(0.0,0.0,-1.0));
#3260=DIRECTION('',(0.0,0.0,-1.0));
#3261=DIRECTION('',(0.0,0.0,-1.0));
#3262=DIRECTION('',(0.0,0.0,-1.0));
ENDSEC;
END-ISO-10303-21;
